CREATE DATABASE  IF NOT EXISTS `donation_local` /*!40100 DEFAULT CHARACTER SET utf8 */;
USE `donation_local`;
-- MySQL dump 10.13  Distrib 5.7.17, for macos10.12 (x86_64)
--
-- Host: 34.76.65.40    Database: donation
-- ------------------------------------------------------
-- Server version	5.7.32-google-log

/*!40101 SET @CHARACTER_SET_CLIENT=@@CHARACTER_SET_CLIENT */;
/*!40101 SET @OLD_CHARACTER_SET_RESULTS=@@CHARACTER_SET_RESULTS */;
/*!40101 SET @OLD_COLLATION_CONNECTION=@@COLLATION_CONNECTION */;
/*!40101 SET NAMES utf8 */;
/*!40103 SET @OLD_TIME_ZONE=@@TIME_ZONE */;
/*!40103 SET TIME_ZONE='+00:00' */;
/*!40014 SET @OLD_UNIQUE_CHECKS=@@UNIQUE_CHECKS, UNIQUE_CHECKS=0 */;
/*!40014 SET @OLD_FOREIGN_KEY_CHECKS=@@FOREIGN_KEY_CHECKS, FOREIGN_KEY_CHECKS=0 */;
/*!40101 SET @OLD_SQL_MODE=@@SQL_MODE, SQL_MODE='NO_AUTO_VALUE_ON_ZERO' */;
/*!40111 SET @OLD_SQL_NOTES=@@SQL_NOTES, SQL_NOTES=0 */;
SET @MYSQLDUMP_TEMP_LOG_BIN = @@SESSION.SQL_LOG_BIN;
SET @@SESSION.SQL_LOG_BIN= 0;

--
-- GTID state at the beginning of the backup
--

SET @@GLOBAL.GTID_PURGED='65ca3c0e-b747-11ea-b03f-42010a840054:1-5375959';

--
-- Table structure for table `admin_tools_stats_criteriatostatsm2m`
--

DROP TABLE IF EXISTS `admin_tools_stats_criteriatostatsm2m`;
/*!40101 SET @saved_cs_client     = @@character_set_client */;
/*!40101 SET character_set_client = utf8 */;
CREATE TABLE `admin_tools_stats_criteriatostatsm2m` (
  `id` int(11) NOT NULL AUTO_INCREMENT,
  `order` int(10) unsigned DEFAULT NULL,
  `prefix` varchar(255) NOT NULL,
  `use_as` varchar(90) NOT NULL,
  `criteria_id` int(11) NOT NULL,
  `stats_id` int(11) NOT NULL,
  PRIMARY KEY (`id`),
  UNIQUE KEY `order` (`order`),
  KEY `admin_tools_stats_cr_criteria_id_bfe67f05_fk_dash_stat` (`criteria_id`),
  KEY `admin_tools_stats_cr_stats_id_10bd79ea_fk_dashboard` (`stats_id`),
  CONSTRAINT `admin_tools_stats_cr_criteria_id_bfe67f05_fk_dash_stat` FOREIGN KEY (`criteria_id`) REFERENCES `dash_stats_criteria` (`id`),
  CONSTRAINT `admin_tools_stats_cr_stats_id_10bd79ea_fk_dashboard` FOREIGN KEY (`stats_id`) REFERENCES `dashboard_stats` (`id`)
) ENGINE=InnoDB DEFAULT CHARSET=utf8;
/*!40101 SET character_set_client = @saved_cs_client */;

--
-- Dumping data for table `admin_tools_stats_criteriatostatsm2m`
--

LOCK TABLES `admin_tools_stats_criteriatostatsm2m` WRITE;
/*!40000 ALTER TABLE `admin_tools_stats_criteriatostatsm2m` DISABLE KEYS */;
/*!40000 ALTER TABLE `admin_tools_stats_criteriatostatsm2m` ENABLE KEYS */;
UNLOCK TABLES;

--
-- Table structure for table `auth_group`
--

DROP TABLE IF EXISTS `auth_group`;
/*!40101 SET @saved_cs_client     = @@character_set_client */;
/*!40101 SET character_set_client = utf8 */;
CREATE TABLE `auth_group` (
  `id` int(11) NOT NULL AUTO_INCREMENT,
  `name` varchar(150) NOT NULL,
  PRIMARY KEY (`id`),
  UNIQUE KEY `name` (`name`)
) ENGINE=InnoDB AUTO_INCREMENT=3 DEFAULT CHARSET=utf8;
/*!40101 SET character_set_client = @saved_cs_client */;

--
-- Dumping data for table `auth_group`
--

LOCK TABLES `auth_group` WRITE;
/*!40000 ALTER TABLE `auth_group` DISABLE KEYS */;
INSERT INTO `auth_group` VALUES (1,'Executors'),(2,'Managers');
/*!40000 ALTER TABLE `auth_group` ENABLE KEYS */;
UNLOCK TABLES;

--
-- Table structure for table `auth_group_permissions`
--

DROP TABLE IF EXISTS `auth_group_permissions`;
/*!40101 SET @saved_cs_client     = @@character_set_client */;
/*!40101 SET character_set_client = utf8 */;
CREATE TABLE `auth_group_permissions` (
  `id` int(11) NOT NULL AUTO_INCREMENT,
  `group_id` int(11) NOT NULL,
  `permission_id` int(11) NOT NULL,
  PRIMARY KEY (`id`),
  UNIQUE KEY `auth_group_permissions_group_id_permission_id_0cd325b0_uniq` (`group_id`,`permission_id`),
  KEY `auth_group_permissio_permission_id_84c5c92e_fk_auth_perm` (`permission_id`),
  CONSTRAINT `auth_group_permissio_permission_id_84c5c92e_fk_auth_perm` FOREIGN KEY (`permission_id`) REFERENCES `auth_permission` (`id`),
  CONSTRAINT `auth_group_permissions_group_id_b120cbf9_fk_auth_group_id` FOREIGN KEY (`group_id`) REFERENCES `auth_group` (`id`)
) ENGINE=InnoDB AUTO_INCREMENT=242 DEFAULT CHARSET=utf8;
/*!40101 SET character_set_client = @saved_cs_client */;

--
-- Dumping data for table `auth_group_permissions`
--

LOCK TABLES `auth_group_permissions` WRITE;
/*!40000 ALTER TABLE `auth_group_permissions` DISABLE KEYS */;
INSERT INTO `auth_group_permissions` VALUES (13,1,90),(14,1,91),(15,1,92),(2,1,198),(3,1,199),(4,1,200),(5,1,201),(6,1,202),(10,1,215),(11,1,216),(1,1,217),(7,1,218),(8,1,219),(9,1,220),(16,1,221),(17,1,222),(18,1,223),(19,2,1),(20,2,2),(21,2,3),(22,2,4),(23,2,5),(24,2,6),(25,2,7),(26,2,8),(27,2,9),(28,2,10),(29,2,11),(30,2,12),(31,2,13),(32,2,14),(33,2,15),(34,2,16),(35,2,17),(36,2,18),(37,2,19),(38,2,20),(39,2,21),(40,2,22),(41,2,23),(42,2,24),(43,2,25),(44,2,26),(45,2,27),(46,2,28),(47,2,29),(48,2,30),(49,2,31),(50,2,32),(51,2,33),(52,2,34),(53,2,35),(54,2,36),(55,2,37),(56,2,38),(57,2,39),(58,2,40),(59,2,41),(60,2,42),(61,2,43),(62,2,44),(63,2,45),(64,2,46),(65,2,47),(66,2,48),(67,2,49),(68,2,50),(69,2,51),(70,2,52),(71,2,53),(72,2,54),(73,2,55),(74,2,56),(75,2,57),(76,2,58),(77,2,59),(78,2,60),(79,2,61),(80,2,62),(81,2,63),(82,2,64),(83,2,65),(84,2,66),(85,2,67),(86,2,68),(87,2,69),(88,2,70),(89,2,71),(90,2,72),(91,2,73),(92,2,74),(93,2,75),(94,2,76),(95,2,77),(96,2,78),(97,2,79),(98,2,80),(99,2,81),(100,2,82),(101,2,83),(102,2,84),(103,2,85),(104,2,86),(105,2,87),(106,2,88),(107,2,89),(108,2,90),(109,2,91),(110,2,92),(111,2,93),(112,2,94),(113,2,95),(114,2,96),(115,2,97),(116,2,98),(117,2,99),(118,2,100),(119,2,101),(120,2,102),(121,2,103),(122,2,104),(123,2,105),(124,2,106),(125,2,107),(126,2,108),(127,2,109),(128,2,110),(129,2,111),(130,2,112),(131,2,113),(132,2,114),(133,2,115),(134,2,116),(135,2,117),(136,2,118),(137,2,119),(138,2,120),(139,2,121),(140,2,122),(141,2,123),(142,2,124),(143,2,125),(144,2,126),(145,2,127),(146,2,128),(147,2,129),(148,2,130),(149,2,131),(150,2,132),(151,2,133),(152,2,134),(153,2,135),(154,2,136),(155,2,137),(156,2,138),(157,2,139),(158,2,140),(159,2,141),(160,2,142),(161,2,143),(162,2,144),(163,2,145),(164,2,146),(165,2,147),(166,2,148),(167,2,149),(168,2,150),(169,2,151),(170,2,152),(171,2,153),(172,2,154),(173,2,155),(174,2,156),(175,2,157),(176,2,158),(177,2,159),(178,2,160),(179,2,161),(180,2,162),(181,2,163),(182,2,164),(183,2,165),(184,2,166),(185,2,167),(186,2,168),(187,2,169),(188,2,170),(189,2,171),(190,2,172),(191,2,173),(192,2,174),(193,2,175),(194,2,176),(195,2,177),(196,2,178),(197,2,179),(198,2,180),(199,2,181),(200,2,182),(201,2,183),(202,2,184),(203,2,185),(204,2,186),(205,2,187),(206,2,188),(207,2,189),(208,2,190),(209,2,191),(210,2,192),(211,2,193),(212,2,194),(213,2,195),(214,2,196),(215,2,197),(216,2,198),(217,2,199),(218,2,200),(219,2,201),(220,2,202),(221,2,203),(222,2,204),(223,2,205),(224,2,206),(225,2,207),(226,2,208),(227,2,209),(228,2,210),(229,2,211),(230,2,212),(231,2,213),(232,2,214),(233,2,215),(234,2,216),(235,2,217),(236,2,218),(237,2,219),(238,2,220),(239,2,221),(240,2,222),(241,2,223);
/*!40000 ALTER TABLE `auth_group_permissions` ENABLE KEYS */;
UNLOCK TABLES;

--
-- Table structure for table `auth_permission`
--

DROP TABLE IF EXISTS `auth_permission`;
/*!40101 SET @saved_cs_client     = @@character_set_client */;
/*!40101 SET character_set_client = utf8 */;
CREATE TABLE `auth_permission` (
  `id` int(11) NOT NULL AUTO_INCREMENT,
  `name` varchar(255) NOT NULL,
  `content_type_id` int(11) NOT NULL,
  `codename` varchar(100) NOT NULL,
  PRIMARY KEY (`id`),
  UNIQUE KEY `auth_permission_content_type_id_codename_01ab375a_uniq` (`content_type_id`,`codename`),
  CONSTRAINT `auth_permission_content_type_id_2f476e4b_fk_django_co` FOREIGN KEY (`content_type_id`) REFERENCES `django_content_type` (`id`)
) ENGINE=InnoDB AUTO_INCREMENT=251 DEFAULT CHARSET=utf8;
/*!40101 SET character_set_client = @saved_cs_client */;

--
-- Dumping data for table `auth_permission`
--

LOCK TABLES `auth_permission` WRITE;
/*!40000 ALTER TABLE `auth_permission` DISABLE KEYS */;
INSERT INTO `auth_permission` VALUES (1,'Can add log entry',1,'add_logentry'),(2,'Can change log entry',1,'change_logentry'),(3,'Can delete log entry',1,'delete_logentry'),(4,'Can view log entry',1,'view_logentry'),(5,'Can add permission',2,'add_permission'),(6,'Can change permission',2,'change_permission'),(7,'Can delete permission',2,'delete_permission'),(8,'Can view permission',2,'view_permission'),(9,'Can add group',3,'add_group'),(10,'Can change group',3,'change_group'),(11,'Can delete group',3,'delete_group'),(12,'Can view group',3,'view_group'),(13,'Can add user',4,'add_user'),(14,'Can change user',4,'change_user'),(15,'Can delete user',4,'delete_user'),(16,'Can view user',4,'view_user'),(17,'Can add content type',5,'add_contenttype'),(18,'Can change content type',5,'change_contenttype'),(19,'Can delete content type',5,'delete_contenttype'),(20,'Can view content type',5,'view_contenttype'),(21,'Can add session',6,'add_session'),(22,'Can change session',6,'change_session'),(23,'Can delete session',6,'delete_session'),(24,'Can view session',6,'view_session'),(25,'Can add API key',7,'add_apikey'),(26,'Can change API key',7,'change_apikey'),(27,'Can delete API key',7,'delete_apikey'),(28,'Can view API key',7,'view_apikey'),(29,'Can add user dashboard module',8,'add_userdashboardmodule'),(30,'Can change user dashboard module',8,'change_userdashboardmodule'),(31,'Can delete user dashboard module',8,'delete_userdashboardmodule'),(32,'Can view user dashboard module',8,'view_userdashboardmodule'),(33,'Can add bookmark',9,'add_bookmark'),(34,'Can change bookmark',9,'change_bookmark'),(35,'Can delete bookmark',9,'delete_bookmark'),(36,'Can view bookmark',9,'view_bookmark'),(37,'Can add pinned application',10,'add_pinnedapplication'),(38,'Can change pinned application',10,'change_pinnedapplication'),(39,'Can delete pinned application',10,'delete_pinnedapplication'),(40,'Can view pinned application',10,'view_pinnedapplication'),(41,'Can add association',11,'add_association'),(42,'Can change association',11,'change_association'),(43,'Can delete association',11,'delete_association'),(44,'Can view association',11,'view_association'),(45,'Can add code',12,'add_code'),(46,'Can change code',12,'change_code'),(47,'Can delete code',12,'delete_code'),(48,'Can view code',12,'view_code'),(49,'Can add nonce',13,'add_nonce'),(50,'Can change nonce',13,'change_nonce'),(51,'Can delete nonce',13,'delete_nonce'),(52,'Can view nonce',13,'view_nonce'),(53,'Can add user social auth',14,'add_usersocialauth'),(54,'Can change user social auth',14,'change_usersocialauth'),(55,'Can delete user social auth',14,'delete_usersocialauth'),(56,'Can view user social auth',14,'view_usersocialauth'),(57,'Can add partial',15,'add_partial'),(58,'Can change partial',15,'change_partial'),(59,'Can delete partial',15,'delete_partial'),(60,'Can view partial',15,'view_partial'),(61,'Can add address',16,'add_address'),(62,'Can change address',16,'change_address'),(63,'Can delete address',16,'delete_address'),(64,'Can view address',16,'view_address'),(65,'Can add project',17,'add_project'),(66,'Can change project',17,'change_project'),(67,'Can delete project',17,'delete_project'),(68,'Can view project',17,'view_project'),(69,'Can add organization',18,'add_organization'),(70,'Can change organization',18,'change_organization'),(71,'Can delete organization',18,'delete_organization'),(72,'Can view organization',18,'view_organization'),(73,'Can add donor',19,'add_donor'),(74,'Can change donor',19,'change_donor'),(75,'Can delete donor',19,'delete_donor'),(76,'Can view donor',19,'view_donor'),(77,'Can add donor reminder',20,'add_donorreminder'),(78,'Can change donor reminder',20,'change_donorreminder'),(79,'Can delete donor reminder',20,'delete_donorreminder'),(80,'Can view donor reminder',20,'view_donorreminder'),(81,'Can add recurring payment',21,'add_recurringpayment'),(82,'Can change recurring payment',21,'change_recurringpayment'),(83,'Can delete recurring payment',21,'delete_recurringpayment'),(84,'Can view recurring payment',21,'view_recurringpayment'),(85,'Can add payment',22,'add_payment'),(86,'Can change payment',22,'change_payment'),(87,'Can delete payment',22,'delete_payment'),(88,'Can view payment',22,'view_payment'),(89,'Can add distribution schedule',23,'add_distributionschedule'),(90,'Can change distribution schedule',23,'change_distributionschedule'),(91,'Can delete distribution schedule',23,'delete_distributionschedule'),(92,'Can view distribution schedule',23,'view_distributionschedule'),(93,'Can export content type (adminactions)',5,'adminactions_export_contenttype'),(94,'Can massupdate content type (adminactions)',5,'adminactions_massupdate_contenttype'),(95,'Can merge content type (adminactions)',5,'adminactions_merge_contenttype'),(96,'Can chart content type (adminactions)',5,'adminactions_chart_contenttype'),(97,'Can byrowsupdate content type (adminactions)',5,'adminactions_byrowsupdate_contenttype'),(98,'Can export dashboard stats criteria (adminactions)',24,'adminactions_export_dashboardstatscriteria'),(99,'Can massupdate dashboard stats criteria (adminacti',24,'adminactions_massupdate_dashboardstatscriteria'),(100,'Can merge dashboard stats criteria (adminactions)',24,'adminactions_merge_dashboardstatscriteria'),(101,'Can chart dashboard stats criteria (adminactions)',24,'adminactions_chart_dashboardstatscriteria'),(102,'Can byrowsupdate dashboard stats criteria (adminac',24,'adminactions_byrowsupdate_dashboardstatscriteria'),(103,'Can export dashboard stats (adminactions)',25,'adminactions_export_dashboardstats'),(104,'Can massupdate dashboard stats (adminactions)',25,'adminactions_massupdate_dashboardstats'),(105,'Can merge dashboard stats (adminactions)',25,'adminactions_merge_dashboardstats'),(106,'Can chart dashboard stats (adminactions)',25,'adminactions_chart_dashboardstats'),(107,'Can byrowsupdate dashboard stats (adminactions)',25,'adminactions_byrowsupdate_dashboardstats'),(108,'Can export criteria to stats m2m (adminactions)',26,'adminactions_export_criteriatostatsm2m'),(109,'Can massupdate criteria to stats m2m (adminactions',26,'adminactions_massupdate_criteriatostatsm2m'),(110,'Can merge criteria to stats m2m (adminactions)',26,'adminactions_merge_criteriatostatsm2m'),(111,'Can chart criteria to stats m2m (adminactions)',26,'adminactions_chart_criteriatostatsm2m'),(112,'Can byrowsupdate criteria to stats m2m (adminactio',26,'adminactions_byrowsupdate_criteriatostatsm2m'),(113,'Can export log entry (adminactions)',1,'adminactions_export_logentry'),(114,'Can massupdate log entry (adminactions)',1,'adminactions_massupdate_logentry'),(115,'Can merge log entry (adminactions)',1,'adminactions_merge_logentry'),(116,'Can chart log entry (adminactions)',1,'adminactions_chart_logentry'),(117,'Can byrowsupdate log entry (adminactions)',1,'adminactions_byrowsupdate_logentry'),(118,'Can export permission (adminactions)',2,'adminactions_export_permission'),(119,'Can massupdate permission (adminactions)',2,'adminactions_massupdate_permission'),(120,'Can merge permission (adminactions)',2,'adminactions_merge_permission'),(121,'Can chart permission (adminactions)',2,'adminactions_chart_permission'),(122,'Can byrowsupdate permission (adminactions)',2,'adminactions_byrowsupdate_permission'),(123,'Can export group (adminactions)',3,'adminactions_export_group'),(124,'Can massupdate group (adminactions)',3,'adminactions_massupdate_group'),(125,'Can merge group (adminactions)',3,'adminactions_merge_group'),(126,'Can chart group (adminactions)',3,'adminactions_chart_group'),(127,'Can byrowsupdate group (adminactions)',3,'adminactions_byrowsupdate_group'),(128,'Can export user (adminactions)',4,'adminactions_export_user'),(129,'Can massupdate user (adminactions)',4,'adminactions_massupdate_user'),(130,'Can merge user (adminactions)',4,'adminactions_merge_user'),(131,'Can chart user (adminactions)',4,'adminactions_chart_user'),(132,'Can byrowsupdate user (adminactions)',4,'adminactions_byrowsupdate_user'),(133,'Can export session (adminactions)',6,'adminactions_export_session'),(134,'Can massupdate session (adminactions)',6,'adminactions_massupdate_session'),(135,'Can merge session (adminactions)',6,'adminactions_merge_session'),(136,'Can chart session (adminactions)',6,'adminactions_chart_session'),(137,'Can byrowsupdate session (adminactions)',6,'adminactions_byrowsupdate_session'),(138,'Can export user social auth (adminactions)',14,'adminactions_export_usersocialauth'),(139,'Can massupdate user social auth (adminactions)',14,'adminactions_massupdate_usersocialauth'),(140,'Can merge user social auth (adminactions)',14,'adminactions_merge_usersocialauth'),(141,'Can chart user social auth (adminactions)',14,'adminactions_chart_usersocialauth'),(142,'Can byrowsupdate user social auth (adminactions)',14,'adminactions_byrowsupdate_usersocialauth'),(143,'Can export nonce (adminactions)',13,'adminactions_export_nonce'),(144,'Can massupdate nonce (adminactions)',13,'adminactions_massupdate_nonce'),(145,'Can merge nonce (adminactions)',13,'adminactions_merge_nonce'),(146,'Can chart nonce (adminactions)',13,'adminactions_chart_nonce'),(147,'Can byrowsupdate nonce (adminactions)',13,'adminactions_byrowsupdate_nonce'),(148,'Can export association (adminactions)',11,'adminactions_export_association'),(149,'Can massupdate association (adminactions)',11,'adminactions_massupdate_association'),(150,'Can merge association (adminactions)',11,'adminactions_merge_association'),(151,'Can chart association (adminactions)',11,'adminactions_chart_association'),(152,'Can byrowsupdate association (adminactions)',11,'adminactions_byrowsupdate_association'),(153,'Can export code (adminactions)',12,'adminactions_export_code'),(154,'Can massupdate code (adminactions)',12,'adminactions_massupdate_code'),(155,'Can merge code (adminactions)',12,'adminactions_merge_code'),(156,'Can chart code (adminactions)',12,'adminactions_chart_code'),(157,'Can byrowsupdate code (adminactions)',12,'adminactions_byrowsupdate_code'),(158,'Can export partial (adminactions)',15,'adminactions_export_partial'),(159,'Can massupdate partial (adminactions)',15,'adminactions_massupdate_partial'),(160,'Can merge partial (adminactions)',15,'adminactions_merge_partial'),(161,'Can chart partial (adminactions)',15,'adminactions_chart_partial'),(162,'Can byrowsupdate partial (adminactions)',15,'adminactions_byrowsupdate_partial'),(163,'Can export project (adminactions)',17,'adminactions_export_project'),(164,'Can massupdate project (adminactions)',17,'adminactions_massupdate_project'),(165,'Can merge project (adminactions)',17,'adminactions_merge_project'),(166,'Can chart project (adminactions)',17,'adminactions_chart_project'),(167,'Can byrowsupdate project (adminactions)',17,'adminactions_byrowsupdate_project'),(168,'Can export address (adminactions)',16,'adminactions_export_address'),(169,'Can massupdate address (adminactions)',16,'adminactions_massupdate_address'),(170,'Can merge address (adminactions)',16,'adminactions_merge_address'),(171,'Can chart address (adminactions)',16,'adminactions_chart_address'),(172,'Can byrowsupdate address (adminactions)',16,'adminactions_byrowsupdate_address'),(173,'Can export organization (adminactions)',18,'adminactions_export_organization'),(174,'Can massupdate organization (adminactions)',18,'adminactions_massupdate_organization'),(175,'Can merge organization (adminactions)',18,'adminactions_merge_organization'),(176,'Can chart organization (adminactions)',18,'adminactions_chart_organization'),(177,'Can byrowsupdate organization (adminactions)',18,'adminactions_byrowsupdate_organization'),(178,'Can export donor (adminactions)',19,'adminactions_export_donor'),(179,'Can massupdate donor (adminactions)',19,'adminactions_massupdate_donor'),(180,'Can merge donor (adminactions)',19,'adminactions_merge_donor'),(181,'Can chart donor (adminactions)',19,'adminactions_chart_donor'),(182,'Can byrowsupdate donor (adminactions)',19,'adminactions_byrowsupdate_donor'),(183,'Can export recurring payment (adminactions)',21,'adminactions_export_recurringpayment'),(184,'Can massupdate recurring payment (adminactions)',21,'adminactions_massupdate_recurringpayment'),(185,'Can merge recurring payment (adminactions)',21,'adminactions_merge_recurringpayment'),(186,'Can chart recurring payment (adminactions)',21,'adminactions_chart_recurringpayment'),(187,'Can byrowsupdate recurring payment (adminactions)',21,'adminactions_byrowsupdate_recurringpayment'),(188,'Can export payment (adminactions)',22,'adminactions_export_payment'),(189,'Can massupdate payment (adminactions)',22,'adminactions_massupdate_payment'),(190,'Can merge payment (adminactions)',22,'adminactions_merge_payment'),(191,'Can chart payment (adminactions)',22,'adminactions_chart_payment'),(192,'Can byrowsupdate payment (adminactions)',22,'adminactions_byrowsupdate_payment'),(193,'Can export donor reminder (adminactions)',20,'adminactions_export_donorreminder'),(194,'Can massupdate donor reminder (adminactions)',20,'adminactions_massupdate_donorreminder'),(195,'Can merge donor reminder (adminactions)',20,'adminactions_merge_donorreminder'),(196,'Can chart donor reminder (adminactions)',20,'adminactions_chart_donorreminder'),(197,'Can byrowsupdate donor reminder (adminactions)',20,'adminactions_byrowsupdate_donorreminder'),(198,'Can export distribution schedule (adminactions)',23,'adminactions_export_distributionschedule'),(199,'Can massupdate distribution schedule (adminactions',23,'adminactions_massupdate_distributionschedule'),(200,'Can merge distribution schedule (adminactions)',23,'adminactions_merge_distributionschedule'),(201,'Can chart distribution schedule (adminactions)',23,'adminactions_chart_distributionschedule'),(202,'Can byrowsupdate distribution schedule (adminactio',23,'adminactions_byrowsupdate_distributionschedule'),(203,'Can add dashboard stats',25,'add_dashboardstats'),(204,'Can change dashboard stats',25,'change_dashboardstats'),(205,'Can delete dashboard stats',25,'delete_dashboardstats'),(206,'Can view dashboard stats',25,'view_dashboardstats'),(207,'Can add dashboard stats criteria',24,'add_dashboardstatscriteria'),(208,'Can change dashboard stats criteria',24,'change_dashboardstatscriteria'),(209,'Can delete dashboard stats criteria',24,'delete_dashboardstatscriteria'),(210,'Can view dashboard stats criteria',24,'view_dashboardstatscriteria'),(211,'Can add criteria to stats m2m',26,'add_criteriatostatsm2m'),(212,'Can change criteria to stats m2m',26,'change_criteriatostatsm2m'),(213,'Can delete criteria to stats m2m',26,'delete_criteriatostatsm2m'),(214,'Can view criteria to stats m2m',26,'view_criteriatostatsm2m'),(215,'Can export distribution update (adminactions)',27,'adminactions_export_distributionupdate'),(216,'Can massupdate distribution update (adminactions)',27,'adminactions_massupdate_distributionupdate'),(217,'Can merge distribution update (adminactions)',27,'adminactions_merge_distributionupdate'),(218,'Can chart distribution update (adminactions)',27,'adminactions_chart_distributionupdate'),(219,'Can byrowsupdate distribution update (adminactions',27,'adminactions_byrowsupdate_distributionupdate'),(220,'Can add distribution update',27,'add_distributionupdate'),(221,'Can change distribution update',27,'change_distributionupdate'),(222,'Can delete distribution update',27,'delete_distributionupdate'),(223,'Can view distribution update',27,'view_distributionupdate'),(224,'Can export FileBrowser (adminactions)',28,'adminactions_export_filebrowser'),(225,'Can massupdate FileBrowser (adminactions)',28,'adminactions_massupdate_filebrowser'),(226,'Can merge FileBrowser (adminactions)',28,'adminactions_merge_filebrowser'),(227,'Can chart FileBrowser (adminactions)',28,'adminactions_chart_filebrowser'),(228,'Can byrowsupdate FileBrowser (adminactions)',28,'adminactions_byrowsupdate_filebrowser'),(229,'Can export project distribution (adminactions)',17,'adminactions_export_projectdistribution'),(230,'Can massupdate project distribution (adminactions)',17,'adminactions_massupdate_projectdistribution'),(231,'Can merge project distribution (adminactions)',17,'adminactions_merge_projectdistribution'),(232,'Can chart project distribution (adminactions)',17,'adminactions_chart_projectdistribution'),(233,'Can byrowsupdate project distribution (adminaction',17,'adminactions_byrowsupdate_projectdistribution'),(234,'Can export schedule setup (adminactions)',29,'adminactions_export_schedulesetup'),(235,'Can massupdate schedule setup (adminactions)',29,'adminactions_massupdate_schedulesetup'),(236,'Can merge schedule setup (adminactions)',29,'adminactions_merge_schedulesetup'),(237,'Can chart schedule setup (adminactions)',29,'adminactions_chart_schedulesetup'),(238,'Can byrowsupdate schedule setup (adminactions)',29,'adminactions_byrowsupdate_schedulesetup'),(239,'Can add FileBrowser',28,'add_filebrowser'),(240,'Can change FileBrowser',28,'change_filebrowser'),(241,'Can delete FileBrowser',28,'delete_filebrowser'),(242,'Can view FileBrowser',28,'view_filebrowser'),(243,'Can add project distribution',30,'add_projectdistribution'),(244,'Can change project distribution',30,'change_projectdistribution'),(245,'Can delete project distribution',30,'delete_projectdistribution'),(246,'Can view project distribution',30,'view_projectdistribution'),(247,'Can add schedule setup',29,'add_schedulesetup'),(248,'Can change schedule setup',29,'change_schedulesetup'),(249,'Can delete schedule setup',29,'delete_schedulesetup'),(250,'Can view schedule setup',29,'view_schedulesetup');
/*!40000 ALTER TABLE `auth_permission` ENABLE KEYS */;
UNLOCK TABLES;

--
-- Table structure for table `auth_user`
--

DROP TABLE IF EXISTS `auth_user`;
/*!40101 SET @saved_cs_client     = @@character_set_client */;
/*!40101 SET character_set_client = utf8 */;
CREATE TABLE `auth_user` (
  `id` int(11) NOT NULL AUTO_INCREMENT,
  `password` varchar(128) NOT NULL,
  `last_login` datetime(6) DEFAULT NULL,
  `is_superuser` tinyint(1) NOT NULL,
  `username` varchar(150) NOT NULL,
  `first_name` varchar(30) NOT NULL,
  `last_name` varchar(150) NOT NULL,
  `email` varchar(254) NOT NULL,
  `is_staff` tinyint(1) NOT NULL,
  `is_active` tinyint(1) NOT NULL,
  `date_joined` datetime(6) NOT NULL,
  PRIMARY KEY (`id`),
  UNIQUE KEY `username` (`username`)
) ENGINE=InnoDB AUTO_INCREMENT=26 DEFAULT CHARSET=utf8;
/*!40101 SET character_set_client = @saved_cs_client */;

--
-- Dumping data for table `auth_user`
--

LOCK TABLES `auth_user` WRITE;
/*!40000 ALTER TABLE `auth_user` DISABLE KEYS */;
INSERT INTO `auth_user` VALUES (1,'pbkdf2_sha256$180000$3TNhXrpc8xFG$wm18R8YrvfIsZelbFvEl4si0W7lt7DITbC81pLTFVCU=','2020-08-08 16:37:38.000000',1,'admin','','','projectfosrar@gmail.com',1,1,'2020-06-27 22:02:53.000000'),(2,'!uKqXvFEGkYt9V1WDXumGEUJHus0DvrZE7QyB7F7K','2020-07-06 09:49:01.000000',1,'ahmed.opeyemi','ahmed.opeyemi@gmail.com','','',1,1,'2020-06-30 22:30:59.000000'),(3,'!eAafgB0OejT8by7o7O6OD5k2Ijn8pCU6NZQ6PloX','2021-04-18 11:06:15.995324',1,'ahmed.opeyemi561defdba1f34b92','Majeed Ahmed','','',1,1,'2020-06-30 22:32:26.000000'),(4,'!hMHVvqvZeK9JKNoh1lLlxUf6EbqNGmWoNb8mlgnk','2021-03-27 14:06:33.292392',1,'ayobami.adewole','Ayobami Adewole','','',1,1,'2020-06-30 22:34:35.000000'),(5,'!4QieE8sEikyBMq2aO2ZnNG5ANdrK0tSxppnav0vZ','2020-06-30 22:35:20.087885',0,'jdim','Jane Dim','','',0,1,'2020-06-30 22:35:19.993467'),(6,'!K1mHQRHrc4gKkEAYHLfNax2TiN8rC1AKXFrVsUwS','2020-06-30 22:45:57.135151',0,'majeed.acct.ahmed','Majeed Accounts Ahmed','','',0,1,'2020-06-30 22:41:44.890086'),(7,'!zsSQjiG90AyZrjSsKmm7KjuCDZ1OX4axzyDvKYZ1','2021-05-03 10:13:48.717605',1,'projectfosrar','SS FOSRAR','','',1,1,'2020-06-30 22:47:05.489314'),(8,'',NULL,0,'mhtHk7nK2E6DoZS0vMiXOIXflh75lCyE@clients','','','',0,1,'2020-07-06 20:03:20.897513'),(9,'',NULL,0,'auth0.5f079d066b256100191458f6','','','',0,1,'2020-07-11 23:00:54.015560'),(10,'',NULL,0,'google-oauth2.111865459084585540819','','','',0,1,'2020-07-18 14:15:57.437107'),(11,'',NULL,0,'google-oauth2.116714789715623251258','','','',0,1,'2020-07-18 14:29:45.958694'),(12,'',NULL,0,'google-oauth2.111149806626102261160','','','',0,1,'2020-07-19 10:12:32.291942'),(14,'',NULL,0,'facebook.340056850505794','','','',0,1,'2020-07-19 15:38:12.603491'),(15,'',NULL,0,'google-oauth2.101330496422118066598','','','',0,1,'2020-07-25 10:51:25.304279'),(17,'',NULL,0,'google-oauth2.100347935788933232384','','','',0,1,'2020-08-02 04:01:15.531366'),(19,'!BMza2ub0aNDymyejNJzQTAGS48hwf0b3IAxpgFIU','2021-02-05 19:20:25.124036',0,'ahmed.opeyemi9f47f3390d734bb4','ahmed.opeyemi@live.com','','',0,1,'2020-08-05 19:35:04.959670'),(20,'!oLPIKeLSm7XoSbkCKNjupGIClL6qfk8j2t8pgSD5','2020-08-08 16:32:10.624549',0,'aadewole','aadewole@outrunconnect.io','','',0,1,'2020-08-08 16:32:10.504099'),(21,'',NULL,0,'auth0.5f33636a5db78700372387a9','','','',0,1,'2020-08-12 03:35:08.333950'),(23,'!mS1ka1iJxZgrqkdfhmNn6ZIWqQHdiGr9z09F5p74','2021-04-18 11:56:20.521372',1,'ayoanibaba','Ayo A','','',1,1,'2020-08-17 11:10:45.000000'),(24,'',NULL,0,'google-oauth2.107122095542618227317','','','',0,1,'2020-11-28 18:07:24.162066'),(25,'',NULL,0,'google-oauth2.100063523603652299991','','','',0,1,'2021-02-16 19:12:43.558538');
/*!40000 ALTER TABLE `auth_user` ENABLE KEYS */;
UNLOCK TABLES;

--
-- Table structure for table `auth_user_groups`
--

DROP TABLE IF EXISTS `auth_user_groups`;
/*!40101 SET @saved_cs_client     = @@character_set_client */;
/*!40101 SET character_set_client = utf8 */;
CREATE TABLE `auth_user_groups` (
  `id` int(11) NOT NULL AUTO_INCREMENT,
  `user_id` int(11) NOT NULL,
  `group_id` int(11) NOT NULL,
  PRIMARY KEY (`id`),
  UNIQUE KEY `auth_user_groups_user_id_group_id_94350c0c_uniq` (`user_id`,`group_id`),
  KEY `auth_user_groups_group_id_97559544_fk_auth_group_id` (`group_id`),
  CONSTRAINT `auth_user_groups_group_id_97559544_fk_auth_group_id` FOREIGN KEY (`group_id`) REFERENCES `auth_group` (`id`),
  CONSTRAINT `auth_user_groups_user_id_6a12ed8b_fk_auth_user_id` FOREIGN KEY (`user_id`) REFERENCES `auth_user` (`id`)
) ENGINE=InnoDB AUTO_INCREMENT=21 DEFAULT CHARSET=utf8;
/*!40101 SET character_set_client = @saved_cs_client */;

--
-- Dumping data for table `auth_user_groups`
--

LOCK TABLES `auth_user_groups` WRITE;
/*!40000 ALTER TABLE `auth_user_groups` DISABLE KEYS */;
INSERT INTO `auth_user_groups` VALUES (1,1,2),(2,2,2),(5,3,2),(4,4,2),(10,7,2),(3,23,2);
/*!40000 ALTER TABLE `auth_user_groups` ENABLE KEYS */;
UNLOCK TABLES;

--
-- Table structure for table `auth_user_user_permissions`
--

DROP TABLE IF EXISTS `auth_user_user_permissions`;
/*!40101 SET @saved_cs_client     = @@character_set_client */;
/*!40101 SET character_set_client = utf8 */;
CREATE TABLE `auth_user_user_permissions` (
  `id` int(11) NOT NULL AUTO_INCREMENT,
  `user_id` int(11) NOT NULL,
  `permission_id` int(11) NOT NULL,
  PRIMARY KEY (`id`),
  UNIQUE KEY `auth_user_user_permissions_user_id_permission_id_14a6b632_uniq` (`user_id`,`permission_id`),
  KEY `auth_user_user_permi_permission_id_1fbb5f2c_fk_auth_perm` (`permission_id`),
  CONSTRAINT `auth_user_user_permi_permission_id_1fbb5f2c_fk_auth_perm` FOREIGN KEY (`permission_id`) REFERENCES `auth_permission` (`id`),
  CONSTRAINT `auth_user_user_permissions_user_id_a95ead1b_fk_auth_user_id` FOREIGN KEY (`user_id`) REFERENCES `auth_user` (`id`)
) ENGINE=InnoDB DEFAULT CHARSET=utf8;
/*!40101 SET character_set_client = @saved_cs_client */;

--
-- Dumping data for table `auth_user_user_permissions`
--

LOCK TABLES `auth_user_user_permissions` WRITE;
/*!40000 ALTER TABLE `auth_user_user_permissions` DISABLE KEYS */;
/*!40000 ALTER TABLE `auth_user_user_permissions` ENABLE KEYS */;
UNLOCK TABLES;

--
-- Table structure for table `dash_stats_criteria`
--

DROP TABLE IF EXISTS `dash_stats_criteria`;
/*!40101 SET @saved_cs_client     = @@character_set_client */;
/*!40101 SET character_set_client = utf8 */;
CREATE TABLE `dash_stats_criteria` (
  `id` int(11) NOT NULL AUTO_INCREMENT,
  `criteria_name` varchar(90) NOT NULL,
  `criteria_fix_mapping` longtext,
  `dynamic_criteria_field_name` varchar(90) DEFAULT NULL,
  `criteria_dynamic_mapping` longtext,
  `created_date` datetime(6) NOT NULL,
  `updated_date` datetime(6) NOT NULL,
  PRIMARY KEY (`id`),
  KEY `dash_stats_criteria_criteria_name_7fe7ae1e` (`criteria_name`)
) ENGINE=InnoDB DEFAULT CHARSET=utf8;
/*!40101 SET character_set_client = @saved_cs_client */;

--
-- Dumping data for table `dash_stats_criteria`
--

LOCK TABLES `dash_stats_criteria` WRITE;
/*!40000 ALTER TABLE `dash_stats_criteria` DISABLE KEYS */;
/*!40000 ALTER TABLE `dash_stats_criteria` ENABLE KEYS */;
UNLOCK TABLES;

--
-- Table structure for table `dashboard_stats`
--

DROP TABLE IF EXISTS `dashboard_stats`;
/*!40101 SET @saved_cs_client     = @@character_set_client */;
/*!40101 SET character_set_client = utf8 */;
CREATE TABLE `dashboard_stats` (
  `id` int(11) NOT NULL AUTO_INCREMENT,
  `graph_key` varchar(90) NOT NULL,
  `graph_title` varchar(90) NOT NULL,
  `model_app_name` varchar(90) NOT NULL,
  `model_name` varchar(90) NOT NULL,
  `date_field_name` varchar(90) NOT NULL,
  `operation_field_name` varchar(90) DEFAULT NULL,
  `type_operation_field_name` varchar(90) DEFAULT NULL,
  `is_visible` tinyint(1) NOT NULL,
  `created_date` datetime(6) NOT NULL,
  `updated_date` datetime(6) NOT NULL,
  `user_field_name` varchar(90) DEFAULT NULL,
  `default_chart_type` varchar(90) NOT NULL,
  `default_time_period` int(10) unsigned NOT NULL,
  `default_time_scale` varchar(90) NOT NULL,
  `y_axis_format` varchar(90) DEFAULT NULL,
  `distinct` tinyint(1) NOT NULL,
  PRIMARY KEY (`id`),
  UNIQUE KEY `graph_key` (`graph_key`),
  KEY `dashboard_stats_graph_title_99e6d271` (`graph_title`)
) ENGINE=InnoDB DEFAULT CHARSET=utf8;
/*!40101 SET character_set_client = @saved_cs_client */;

--
-- Dumping data for table `dashboard_stats`
--

LOCK TABLES `dashboard_stats` WRITE;
/*!40000 ALTER TABLE `dashboard_stats` DISABLE KEYS */;
/*!40000 ALTER TABLE `dashboard_stats` ENABLE KEYS */;
UNLOCK TABLES;

--
-- Table structure for table `dashboard_userdashboardmodule`
--

DROP TABLE IF EXISTS `dashboard_userdashboardmodule`;
/*!40101 SET @saved_cs_client     = @@character_set_client */;
/*!40101 SET character_set_client = utf8 */;
CREATE TABLE `dashboard_userdashboardmodule` (
  `id` int(11) NOT NULL AUTO_INCREMENT,
  `title` varchar(255) NOT NULL,
  `module` varchar(255) NOT NULL,
  `app_label` varchar(255) DEFAULT NULL,
  `user` int(10) unsigned NOT NULL,
  `column` int(10) unsigned NOT NULL,
  `order` int(11) NOT NULL,
  `settings` longtext NOT NULL,
  `children` longtext NOT NULL,
  `collapsed` tinyint(1) NOT NULL,
  PRIMARY KEY (`id`)
) ENGINE=InnoDB AUTO_INCREMENT=33 DEFAULT CHARSET=utf8;
/*!40101 SET character_set_client = @saved_cs_client */;

--
-- Dumping data for table `dashboard_userdashboardmodule`
--

LOCK TABLES `dashboard_userdashboardmodule` WRITE;
/*!40000 ALTER TABLE `dashboard_userdashboardmodule` DISABLE KEYS */;
INSERT INTO `dashboard_userdashboardmodule` VALUES (1,'Quick links','jet.dashboard.modules.LinkList',NULL,1,0,0,'{\"draggable\": false, \"deletable\": false, \"collapsible\": false, \"layout\": \"inline\"}','[{\"title\": \"Return to site\", \"url\": \"/\"}, {\"title\": \"Change password\", \"url\": \"/admin/password_change/\"}, {\"title\": \"Log out\", \"url\": \"/admin/logout/\"}]',0),(2,'Applications','jet.dashboard.modules.AppList',NULL,1,1,0,'{\"models\": null, \"exclude\": [\"auth.*\"]}','',0),(3,'Administration','jet.dashboard.modules.AppList',NULL,1,2,0,'{\"models\": [\"auth.*\"], \"exclude\": null}','',0),(4,'Recent Actions','jet.dashboard.modules.RecentActions',NULL,1,0,1,'{\"limit\": 10, \"include_list\": null, \"exclude_list\": null, \"user\": null}','',0),(5,'Latest Django News','jet.dashboard.modules.Feed',NULL,1,1,1,'{\"feed_url\": \"http://www.djangoproject.com/rss/weblog/\", \"limit\": 5}','',0),(6,'Support','jet.dashboard.modules.LinkList',NULL,1,2,1,'{\"draggable\": true, \"deletable\": true, \"collapsible\": true, \"layout\": \"stacked\"}','[{\"title\": \"Django documentation\", \"url\": \"http://docs.djangoproject.com/\", \"external\": true}, {\"title\": \"Django \\\"django-users\\\" mailing list\", \"url\": \"http://groups.google.com/group/django-users\", \"external\": true}, {\"title\": \"Django irc channel\", \"url\": \"irc://irc.freenode.net/django\", \"external\": true}]',0),(7,'Application models','jet.dashboard.modules.ModelList','rest_framework_api_key',1,0,0,'{\"models\": [\"rest_framework_api_key.*\"], \"exclude\": null}','',0),(8,'Recent Actions','jet.dashboard.modules.RecentActions','rest_framework_api_key',1,1,0,'{\"limit\": 10, \"include_list\": [\"rest_framework_api_key.*\"], \"exclude_list\": null, \"user\": null}','',0),(9,'Application models','jet.dashboard.modules.ModelList','auth',1,0,0,'{\"models\": [\"auth.*\"], \"exclude\": null}','',0),(10,'Recent Actions','jet.dashboard.modules.RecentActions','auth',1,1,0,'{\"limit\": 10, \"include_list\": [\"auth.*\"], \"exclude_list\": null, \"user\": null}','',0),(11,'Quick links','jet.dashboard.modules.LinkList',NULL,2,0,0,'{\"draggable\": false, \"deletable\": false, \"collapsible\": false, \"layout\": \"inline\"}','[{\"title\": \"Return to site\", \"url\": \"/\"}, {\"title\": \"Change password\", \"url\": \"/admin/password_change/\"}, {\"title\": \"Log out\", \"url\": \"/admin/logout/\"}]',0),(12,'Applications','jet.dashboard.modules.AppList',NULL,2,1,0,'{\"models\": null, \"exclude\": [\"auth.*\"]}','',0),(13,'Administration','jet.dashboard.modules.AppList',NULL,2,2,0,'{\"models\": [\"auth.*\"], \"exclude\": null}','',0),(14,'Recent Actions','jet.dashboard.modules.RecentActions',NULL,2,0,1,'{\"limit\": 10, \"include_list\": null, \"exclude_list\": null, \"user\": null}','',0),(15,'Latest Django News','jet.dashboard.modules.Feed',NULL,2,1,1,'{\"feed_url\": \"http://www.djangoproject.com/rss/weblog/\", \"limit\": 5}','',0),(16,'Support','jet.dashboard.modules.LinkList',NULL,2,2,1,'{\"draggable\": true, \"deletable\": true, \"collapsible\": true, \"layout\": \"stacked\"}','[{\"title\": \"Django documentation\", \"url\": \"http://docs.djangoproject.com/\", \"external\": true}, {\"title\": \"Django \\\"django-users\\\" mailing list\", \"url\": \"http://groups.google.com/group/django-users\", \"external\": true}, {\"title\": \"Django irc channel\", \"url\": \"irc://irc.freenode.net/django\", \"external\": true}]',0),(17,'Quick links','jet.dashboard.modules.LinkList',NULL,3,0,0,'{\"draggable\": false, \"deletable\": false, \"collapsible\": false, \"layout\": \"inline\"}','[{\"title\": \"Return to site\", \"url\": \"/\"}, {\"title\": \"Change password\", \"url\": \"/admin/password_change/\"}, {\"title\": \"Log out\", \"url\": \"/admin/logout/\"}]',0),(18,'Applications','jet.dashboard.modules.AppList',NULL,3,1,0,'{\"models\": null, \"exclude\": [\"auth.*\"]}','',0),(19,'Administration','jet.dashboard.modules.AppList',NULL,3,2,0,'{\"models\": [\"auth.*\"], \"exclude\": null}','',0),(20,'Recent Actions','jet.dashboard.modules.RecentActions',NULL,3,0,1,'{\"limit\": 10, \"include_list\": null, \"exclude_list\": null, \"user\": null}','',0),(21,'Latest Django News','jet.dashboard.modules.Feed',NULL,3,1,1,'{\"feed_url\": \"http://www.djangoproject.com/rss/weblog/\", \"limit\": 5}','',0),(22,'Support','jet.dashboard.modules.LinkList',NULL,3,2,1,'{\"draggable\": true, \"deletable\": true, \"collapsible\": true, \"layout\": \"stacked\"}','[{\"title\": \"Django documentation\", \"url\": \"http://docs.djangoproject.com/\", \"external\": true}, {\"title\": \"Django \\\"django-users\\\" mailing list\", \"url\": \"http://groups.google.com/group/django-users\", \"external\": true}, {\"title\": \"Django irc channel\", \"url\": \"irc://irc.freenode.net/django\", \"external\": true}]',0),(23,'Application models','jet.dashboard.modules.ModelList','social_django',1,0,0,'{\"models\": [\"social_django.*\"], \"exclude\": null}','',0),(24,'Recent Actions','jet.dashboard.modules.RecentActions','social_django',1,1,0,'{\"limit\": 10, \"include_list\": [\"social_django.*\"], \"exclude_list\": null, \"user\": null}','',0),(25,'Quick links','jet.dashboard.modules.LinkList',NULL,4,0,0,'{\"draggable\": false, \"deletable\": false, \"collapsible\": false, \"layout\": \"inline\"}','[{\"title\": \"Return to site\", \"url\": \"/\"}, {\"title\": \"Change password\", \"url\": \"/admin/password_change/\"}, {\"title\": \"Log out\", \"url\": \"/admin/logout/\"}]',0),(26,'Applications','jet.dashboard.modules.AppList',NULL,4,1,0,'{\"models\": null, \"exclude\": [\"auth.*\"]}','',0),(27,'Administration','jet.dashboard.modules.AppList',NULL,4,2,0,'{\"models\": [\"auth.*\"], \"exclude\": null}','',0),(28,'Recent Actions','jet.dashboard.modules.RecentActions',NULL,4,0,1,'{\"limit\": 10, \"include_list\": null, \"exclude_list\": null, \"user\": null}','',0),(29,'Latest Django News','jet.dashboard.modules.Feed',NULL,4,1,1,'{\"feed_url\": \"http://www.djangoproject.com/rss/weblog/\", \"limit\": 5}','',0),(30,'Support','jet.dashboard.modules.LinkList',NULL,4,2,1,'{\"draggable\": true, \"deletable\": true, \"collapsible\": true, \"layout\": \"stacked\"}','[{\"title\": \"Django documentation\", \"url\": \"http://docs.djangoproject.com/\", \"external\": true}, {\"title\": \"Django \\\"django-users\\\" mailing list\", \"url\": \"http://groups.google.com/group/django-users\", \"external\": true}, {\"title\": \"Django irc channel\", \"url\": \"irc://irc.freenode.net/django\", \"external\": true}]',0),(31,'Application models','jet.dashboard.modules.ModelList','rest_framework_api_key',2,0,0,'{\"models\": [\"rest_framework_api_key.*\"], \"exclude\": null}','',0),(32,'Recent Actions','jet.dashboard.modules.RecentActions','rest_framework_api_key',2,1,0,'{\"limit\": 10, \"include_list\": [\"rest_framework_api_key.*\"], \"exclude_list\": null, \"user\": null}','',0);
/*!40000 ALTER TABLE `dashboard_userdashboardmodule` ENABLE KEYS */;
UNLOCK TABLES;

--
-- Table structure for table `django_admin_log`
--

DROP TABLE IF EXISTS `django_admin_log`;
/*!40101 SET @saved_cs_client     = @@character_set_client */;
/*!40101 SET character_set_client = utf8 */;
CREATE TABLE `django_admin_log` (
  `id` int(11) NOT NULL AUTO_INCREMENT,
  `action_time` datetime(6) NOT NULL,
  `object_id` longtext,
  `object_repr` varchar(200) NOT NULL,
  `action_flag` smallint(5) unsigned NOT NULL,
  `change_message` longtext NOT NULL,
  `content_type_id` int(11) DEFAULT NULL,
  `user_id` int(11) NOT NULL,
  PRIMARY KEY (`id`),
  KEY `django_admin_log_content_type_id_c4bce8eb_fk_django_co` (`content_type_id`),
  KEY `django_admin_log_user_id_c564eba6_fk_auth_user_id` (`user_id`),
  CONSTRAINT `django_admin_log_content_type_id_c4bce8eb_fk_django_co` FOREIGN KEY (`content_type_id`) REFERENCES `django_content_type` (`id`),
  CONSTRAINT `django_admin_log_user_id_c564eba6_fk_auth_user_id` FOREIGN KEY (`user_id`) REFERENCES `auth_user` (`id`)
) ENGINE=InnoDB AUTO_INCREMENT=80 DEFAULT CHARSET=utf8;
/*!40101 SET character_set_client = @saved_cs_client */;

--
-- Dumping data for table `django_admin_log`
--

LOCK TABLES `django_admin_log` WRITE;
/*!40000 ALTER TABLE `django_admin_log` DISABLE KEYS */;
INSERT INTO `django_admin_log` VALUES (1,'2020-07-24 04:49:07.203031','1','payment_graph',1,'[{\"added\": {}}]',25,4),(2,'2020-07-24 20:26:07.642072','2','donor_graph',1,'[{\"added\": {}}]',25,4),(3,'2020-08-01 01:19:39.690058','1','payment_graph',2,'[{\"changed\": {\"fields\": [\"Visible\"]}}]',25,4),(4,'2020-08-01 01:19:50.905990','2','donor_graph',2,'[{\"changed\": {\"fields\": [\"Visible\"]}}]',25,4),(5,'2020-08-01 08:54:59.468164','4','Kosofe',1,'[{\"added\": {}}]',17,3),(6,'2020-08-01 09:24:20.938962','5','Mushin',1,'[{\"added\": {}}]',17,3),(7,'2020-08-01 09:26:38.656036','6','Oshodi - Isolo',1,'[{\"added\": {}}]',17,3),(8,'2020-08-01 09:29:33.616791','7','Surulere',1,'[{\"added\": {}}]',17,3),(9,'2020-08-01 09:31:54.557421','8','Agege',1,'[{\"added\": {}}]',17,3),(10,'2020-08-01 09:51:53.739727','9','Ifako - Ijaiye',1,'[{\"added\": {}}]',17,3),(11,'2020-08-04 23:58:33.249887','1','payment_graph',3,'',25,4),(12,'2020-08-04 23:58:33.277383','2','donor_graph',3,'',25,4),(13,'2020-08-06 18:31:18.079415','1','Oshodi - Isolo - 100',1,'[{\"added\": {}}]',23,3),(14,'2020-08-06 18:34:59.966515','1','Distribution 1: Oshodi - Isolo',1,'[{\"added\": {}}]',27,3),(15,'2020-08-06 18:35:25.018074','1','Distribution 2: Oshodi - Isolo',2,'[{\"changed\": {\"fields\": [\"Status\"]}}]',27,3),(16,'2020-08-06 20:25:54.800059','2','Mushin - 40',1,'[{\"added\": {}}]',23,3),(17,'2020-08-06 20:33:22.889058','2','Distribution 2: Mushin',1,'[{\"added\": {}}]',27,3),(18,'2020-08-06 20:34:31.432865','2','Mushin - 40',2,'[{\"changed\": {\"fields\": [\"Status\", \"assigned_users\"]}}]',23,3),(19,'2020-08-06 20:35:19.515674','3','Distribution 2: Oshodi - Isolo',1,'[{\"added\": {}}]',27,3),(20,'2020-08-08 13:50:27.819622','4','Distribution 2: Mushin',1,'[{\"added\": {}}]',27,3),(21,'2020-08-08 13:52:40.611623','3','Alimosho - 120',1,'[{\"added\": {}}]',23,3),(22,'2020-08-08 13:55:32.135562','5','Distribution 1: Alimosho',1,'[{\"added\": {}}]',27,3),(23,'2020-08-08 13:56:11.176152','5','Distribution 1: Alimosho',2,'[]',27,3),(24,'2020-08-08 13:56:32.084568','5','Distribution 2: Alimosho',2,'[{\"changed\": {\"fields\": [\"Status\"]}}]',27,3),(25,'2020-08-08 15:44:24.231915','4','Mushin - 300',1,'[{\"added\": {}}]',23,4),(26,'2020-08-08 16:30:29.223751','5','Shomolu - 20',1,'[{\"added\": {}}]',23,4),(27,'2020-08-13 13:14:50.413242','2','Mushin - 40',2,'[{\"changed\": {\"fields\": [\"assigned_users\"]}}]',23,4),(28,'2020-08-13 13:15:28.496765','2','Mushin - 40',2,'[{\"changed\": {\"fields\": [\"assigned_users\"]}}]',23,4),(29,'2020-08-13 13:15:48.283768','2','Mushin - 40',2,'[{\"changed\": {\"fields\": [\"assigned_users\"]}}]',23,4),(30,'2020-08-21 00:37:55.595039','1','Executors',1,'[{\"added\": {}}]',3,4),(31,'2020-08-21 00:37:59.210248','1','Executors',2,'[]',3,4),(32,'2020-08-21 00:38:33.201214','2','Managers',1,'[{\"added\": {}}]',3,4),(33,'2020-08-21 00:39:16.100255','1','admin',2,'[{\"changed\": {\"fields\": [\"Groups\"]}}]',4,4),(34,'2020-08-21 00:39:32.863683','2','ahmed.opeyemi',2,'[{\"changed\": {\"fields\": [\"Groups\"]}}]',4,4),(35,'2020-08-21 00:39:43.068899','23','ayoanibaba',2,'[{\"changed\": {\"fields\": [\"Groups\"]}}]',4,4),(36,'2020-08-21 00:40:04.925460','4','ayobami.adewole',2,'[{\"changed\": {\"fields\": [\"Groups\"]}}]',4,4),(37,'2020-08-21 00:40:57.313168','3','ahmed.opeyemi561defdba1f34b92',2,'[{\"changed\": {\"fields\": [\"Groups\"]}}]',4,4),(38,'2020-08-21 00:42:31.049136','1','Executors',2,'[{\"changed\": {\"fields\": [\"Permissions\"]}}]',3,4),(39,'2020-08-21 16:21:15.432639','5','Shomolu - 20',2,'[{\"changed\": {\"fields\": [\"Status\", \"assigned_users\"]}}]',23,3),(40,'2020-08-21 16:21:47.089126','4','Mushin - 300',2,'[{\"changed\": {\"fields\": [\"Status\", \"assigned_users\"]}}]',23,3),(41,'2020-08-21 16:22:59.426244','6','Distribution 2: Alimosho',1,'[{\"added\": {}}]',27,3),(42,'2020-08-21 16:23:45.423858','6','Distribution 2: Alimosho',2,'[{\"changed\": {\"fields\": [\"Comment\"]}}]',27,3),(43,'2020-09-18 17:23:32.416891','10','Amuwo-Odofin',1,'[{\"added\": {}}]',17,3),(44,'2020-09-18 17:39:20.617900','11','Lagos Mainland',1,'[{\"added\": {}}]',17,3),(45,'2020-09-18 17:40:05.690488','11','Lagos Mainland',2,'[{\"changed\": {\"fields\": [\"images\"]}}]',17,3),(46,'2020-09-18 17:40:42.852515','11','Lagos Mainland',2,'[{\"changed\": {\"fields\": [\"images\"]}}]',17,3),(47,'2020-09-18 17:47:02.305679','12','Ikeja',1,'[{\"added\": {}}]',17,3),(48,'2020-09-18 17:50:36.969338','13','Eti-Osa',1,'[{\"added\": {}}]',17,3),(49,'2020-09-18 18:09:05.373684','14','Lagos Island',1,'[{\"added\": {}}]',17,3),(50,'2020-09-18 19:17:02.174149','15','Ibeju - Lekki',1,'[{\"added\": {}}]',17,3),(51,'2020-10-30 11:08:32.998692','16','Abeokuta',1,'[{\"added\": {}}]',17,23),(52,'2020-10-30 16:29:12.385681','1','Cost Per Plate - USD 1.75',2,'[{\"changed\": {\"fields\": [\"Cost Per Plate - USD\"]}}]',29,3),(53,'2020-12-26 14:26:12.002021','17','Lagos Mainland - Makoko',1,'[{\"added\": {}}]',17,23),(54,'2021-01-17 14:36:35.629723','6','Lagos Mainland - Makoko - 1715',1,'[{\"added\": {}}]',23,23),(55,'2021-01-17 14:43:25.455166','7','Distribution 1: Lagos Mainland - Makoko',1,'[{\"added\": {}}]',27,23),(56,'2021-01-17 14:50:40.912905','7','Distribution 2: Lagos Mainland - Makoko',2,'[{\"changed\": {\"fields\": [\"Status\"]}}]',27,23),(57,'2021-01-17 14:54:51.799612','7','Distribution 2: Lagos Mainland - Makoko',2,'[{\"changed\": {\"fields\": [\"Comment\"]}}]',27,23),(58,'2021-01-17 14:57:59.582938','7','Distribution 2: Lagos Mainland - Makoko',2,'[{\"changed\": {\"fields\": [\"Comment\"]}}]',27,23),(59,'2021-01-18 08:30:30.188477','7','Distribution 2: Lagos Mainland - Makoko',2,'[{\"changed\": {\"fields\": [\"Comment\"]}}]',27,23),(60,'2021-03-09 11:33:18.479524','56','USD-10.00 - POA4AA1E50C',2,'[{\"changed\": {\"fields\": [\"Project\"]}}]',22,23),(61,'2021-03-09 11:35:17.785680','57','USD-5.00 - PO303753674',2,'[{\"changed\": {\"fields\": [\"Project\"]}}]',22,23),(62,'2021-03-09 11:36:23.878048','61','USD-10.00 - PO548ACCF4A',2,'[{\"changed\": {\"fields\": [\"Project\"]}}]',22,23),(63,'2021-03-09 11:37:53.959531','63','USD-200.00 - PO8298C444C',2,'[{\"changed\": {\"fields\": [\"Project\"]}}]',22,23),(64,'2021-03-15 22:38:36.328523','18','Ijebu-Ode, Ogun',1,'[{\"added\": {}}]',17,23),(65,'2021-03-15 22:39:22.731107','18','Ijebu-Ode, Ogun',2,'[{\"changed\": {\"fields\": [\"code\", \"Featured\"]}}]',17,23),(66,'2021-03-15 22:40:00.715013','224','USD-50.00 - PO505C68598',2,'[{\"changed\": {\"fields\": [\"Project\"]}}]',22,23),(67,'2021-03-15 22:40:05.001510','224','USD-50.00 - PO505C68598',2,'[]',22,23),(68,'2021-03-15 22:40:21.592116','222','USD-500.00 - PO61AAC3F69',2,'[{\"changed\": {\"fields\": [\"Project\"]}}]',22,23),(69,'2021-03-15 22:40:31.024593','221','USD-100.00 - PO6EF3F8C77',2,'[{\"changed\": {\"fields\": [\"Project\"]}}]',22,23),(70,'2021-03-15 22:40:40.341664','220','USD-100.00 - POC8572D301',2,'[{\"changed\": {\"fields\": [\"Project\"]}}]',22,23),(71,'2021-03-15 22:40:48.600189','219','USD-1500.00 - POB4E876C65',2,'[{\"changed\": {\"fields\": [\"Project\"]}}]',22,23),(72,'2021-03-15 22:41:00.579781','218','USD-500.00 - PO051D68B45',2,'[{\"changed\": {\"fields\": [\"Project\"]}}]',22,23),(73,'2021-03-15 22:41:12.914606','217','USD-200.00 - PO780A31C91',2,'[{\"changed\": {\"fields\": [\"Project\"]}}]',22,23),(74,'2021-03-15 22:41:27.383564','215','USD-50.00 - PO11E482B1A',2,'[{\"changed\": {\"fields\": [\"Project\"]}}]',22,23),(75,'2021-03-15 22:41:36.157065','214','USD-50.00 - POEBCE9BB54',2,'[{\"changed\": {\"fields\": [\"Project\"]}}]',22,23),(76,'2021-03-15 22:41:49.162565','211','USD-50.00 - PO9E8F880B4',2,'[{\"changed\": {\"fields\": [\"Project\"]}}]',22,23),(77,'2021-03-15 22:42:13.500896','209','USD-50.00 - POCCF97F3FE',2,'[{\"changed\": {\"fields\": [\"Project\"]}}]',22,23),(78,'2021-03-15 22:42:34.626036','210','USD-50.00 - POC219D346A',2,'[{\"changed\": {\"fields\": [\"Project\"]}}]',22,23),(79,'2021-04-02 14:42:45.899327','235','USD-100.00 - POAAD9F032F',2,'[{\"changed\": {\"fields\": [\"Project\"]}}]',22,23);
/*!40000 ALTER TABLE `django_admin_log` ENABLE KEYS */;
UNLOCK TABLES;

--
-- Table structure for table `django_content_type`
--

DROP TABLE IF EXISTS `django_content_type`;
/*!40101 SET @saved_cs_client     = @@character_set_client */;
/*!40101 SET character_set_client = utf8 */;
CREATE TABLE `django_content_type` (
  `id` int(11) NOT NULL AUTO_INCREMENT,
  `app_label` varchar(100) NOT NULL,
  `model` varchar(100) NOT NULL,
  PRIMARY KEY (`id`),
  UNIQUE KEY `django_content_type_app_label_model_76bd3d3b_uniq` (`app_label`,`model`)
) ENGINE=InnoDB AUTO_INCREMENT=31 DEFAULT CHARSET=utf8;
/*!40101 SET character_set_client = @saved_cs_client */;

--
-- Dumping data for table `django_content_type`
--

LOCK TABLES `django_content_type` WRITE;
/*!40000 ALTER TABLE `django_content_type` DISABLE KEYS */;
INSERT INTO `django_content_type` VALUES (1,'admin','logentry'),(26,'admin_tools_stats','criteriatostatsm2m'),(25,'admin_tools_stats','dashboardstats'),(24,'admin_tools_stats','dashboardstatscriteria'),(3,'auth','group'),(2,'auth','permission'),(4,'auth','user'),(5,'contenttypes','contenttype'),(8,'dashboard','userdashboardmodule'),(16,'donation','address'),(23,'donation','distributionschedule'),(27,'donation','distributionupdate'),(19,'donation','donor'),(20,'donation','donorreminder'),(18,'donation','organization'),(22,'donation','payment'),(17,'donation','project'),(30,'donation','projectdistribution'),(21,'donation','recurringpayment'),(29,'donation','schedulesetup'),(28,'filebrowser','filebrowser'),(9,'jet','bookmark'),(10,'jet','pinnedapplication'),(7,'rest_framework_api_key','apikey'),(6,'sessions','session'),(11,'social_django','association'),(12,'social_django','code'),(13,'social_django','nonce'),(15,'social_django','partial'),(14,'social_django','usersocialauth');
/*!40000 ALTER TABLE `django_content_type` ENABLE KEYS */;
UNLOCK TABLES;

--
-- Table structure for table `django_migrations`
--

DROP TABLE IF EXISTS `django_migrations`;
/*!40101 SET @saved_cs_client     = @@character_set_client */;
/*!40101 SET character_set_client = utf8 */;
CREATE TABLE `django_migrations` (
  `id` int(11) NOT NULL AUTO_INCREMENT,
  `app` varchar(255) NOT NULL,
  `name` varchar(255) NOT NULL,
  `applied` datetime(6) NOT NULL,
  PRIMARY KEY (`id`)
) ENGINE=InnoDB AUTO_INCREMENT=78 DEFAULT CHARSET=utf8;
/*!40101 SET character_set_client = @saved_cs_client */;

--
-- Dumping data for table `django_migrations`
--

LOCK TABLES `django_migrations` WRITE;
/*!40000 ALTER TABLE `django_migrations` DISABLE KEYS */;
INSERT INTO `django_migrations` VALUES (1,'contenttypes','0001_initial','2020-06-27 22:00:54.181927'),(2,'auth','0001_initial','2020-06-27 22:00:58.186055'),(3,'admin','0001_initial','2020-06-27 22:01:00.970977'),(4,'admin','0002_logentry_remove_auto_add','2020-06-27 22:01:01.810435'),(5,'admin','0003_logentry_add_action_flag_choices','2020-06-27 22:01:02.113282'),(6,'contenttypes','0002_remove_content_type_name','2020-06-27 22:01:03.017550'),(7,'auth','0002_alter_permission_name_max_length','2020-06-27 22:01:03.381116'),(8,'auth','0003_alter_user_email_max_length','2020-06-27 22:01:03.913708'),(9,'auth','0004_alter_user_username_opts','2020-06-27 22:01:04.190055'),(10,'auth','0005_alter_user_last_login_null','2020-06-27 22:01:04.702158'),(11,'auth','0006_require_contenttypes_0002','2020-06-27 22:01:04.965447'),(12,'auth','0007_alter_validators_add_error_messages','2020-06-27 22:01:05.250325'),(13,'auth','0008_alter_user_username_max_length','2020-06-27 22:01:05.758028'),(14,'auth','0009_alter_user_last_name_max_length','2020-06-27 22:01:06.283254'),(15,'auth','0010_alter_group_name_max_length','2020-06-27 22:01:06.721035'),(16,'auth','0011_update_proxy_permissions','2020-06-27 22:01:07.243115'),(17,'rest_framework_api_key','0001_initial','2020-06-27 22:01:07.995098'),(18,'rest_framework_api_key','0002_auto_20190529_2243','2020-06-27 22:01:08.617157'),(19,'rest_framework_api_key','0003_auto_20190623_1952','2020-06-27 22:01:08.853223'),(20,'rest_framework_api_key','0004_prefix_hashed_key','2020-06-27 22:01:10.303436'),(21,'sessions','0001_initial','2020-06-27 22:01:11.151094'),(22,'dashboard','0001_initial','2020-06-28 17:44:19.704399'),(23,'jet','0001_initial','2020-06-28 17:44:22.986729'),(24,'jet','0002_delete_userdashboardmodule','2020-06-28 17:44:23.347608'),(25,'default','0001_initial','2020-06-30 22:30:26.899489'),(26,'social_auth','0001_initial','2020-06-30 22:30:26.961000'),(27,'default','0002_add_related_name','2020-06-30 22:30:27.203653'),(28,'social_auth','0002_add_related_name','2020-06-30 22:30:27.229051'),(29,'default','0003_alter_email_max_length','2020-06-30 22:30:27.313401'),(30,'social_auth','0003_alter_email_max_length','2020-06-30 22:30:27.339823'),(31,'default','0004_auto_20160423_0400','2020-06-30 22:30:27.374310'),(32,'social_auth','0004_auto_20160423_0400','2020-06-30 22:30:27.401700'),(33,'social_auth','0005_auto_20160727_2333','2020-06-30 22:30:27.460764'),(34,'social_django','0006_partial','2020-06-30 22:30:27.570701'),(35,'social_django','0007_code_timestamp','2020-06-30 22:30:27.717181'),(36,'social_django','0008_partial_timestamp','2020-06-30 22:30:27.855555'),(37,'social_django','0009_auto_20191118_0520','2020-06-30 22:30:28.089669'),(38,'social_django','0010_uid_db_index','2020-06-30 22:30:28.156270'),(39,'social_django','0002_add_related_name','2020-06-30 22:30:28.205072'),(40,'social_django','0004_auto_20160423_0400','2020-06-30 22:30:28.229687'),(41,'social_django','0003_alter_email_max_length','2020-06-30 22:30:28.255026'),(42,'social_django','0005_auto_20160727_2333','2020-06-30 22:30:28.282479'),(43,'social_django','0001_initial','2020-06-30 22:30:28.308314'),(44,'donation','0001_initial','2020-07-04 16:05:47.024609'),(45,'donation','0002_auto_20200701_1244','2020-07-04 16:05:51.224920'),(46,'donation','0003_auto_20200701_1247','2020-07-04 16:05:52.593368'),(47,'donation','0002_donorreminder','2020-07-06 23:24:03.714312'),(48,'donation','0003_auto_20200709_2233','2020-07-11 17:29:19.421742'),(49,'donation','0004_payment_recurringpayment','2020-07-11 17:29:22.307179'),(50,'donation','0005_auto_20200710_0856','2020-07-11 17:29:27.200111'),(51,'donation','0006_auto_20200714_0042','2020-07-14 04:45:37.129809'),(52,'donation','0007_auto_20200715_2121','2020-07-16 01:33:34.039785'),(53,'donation','0008_auto_20200715_2126','2020-07-16 01:33:34.416384'),(54,'donation','0009_auto_20200718_1638','2020-07-19 03:28:02.701805'),(55,'donation','0010_distributionschedule','2020-07-19 03:28:03.983356'),(56,'donation','0011_recurringpayment_frequency','2020-07-19 03:28:04.999594'),(57,'admin_tools_stats','0001_initial','2020-07-24 04:36:13.602905'),(58,'admin_tools_stats','0002_auto_20190920_1058','2020-07-24 04:36:14.875103'),(59,'admin_tools_stats','0003_auto_20191007_0950','2020-07-24 04:36:17.145580'),(60,'admin_tools_stats','0004_dashboardstats_y_tick_format','2020-07-24 04:36:17.813475'),(61,'admin_tools_stats','0005_auto_20200203_1537','2020-07-24 04:36:19.137096'),(62,'admin_tools_stats','0006_auto_20200205_0944','2020-07-24 04:36:20.942303'),(63,'admin_tools_stats','0007_auto_20200205_1054','2020-07-24 04:36:23.074489'),(64,'donation','0012_donor_created_date','2020-07-24 04:36:23.789086'),(65,'donation','0013_auto_20200727_2333','2020-07-29 05:27:59.207152'),(66,'donation','0014_auto_20200729_0024','2020-07-29 05:27:59.460007'),(67,'donation','0015_auto_20200731_1659','2020-08-01 00:52:11.961703'),(68,'donation','0016_auto_20200731_1922','2020-08-01 00:52:12.704758'),(69,'donation','0017_auto_20200803_1929','2020-08-06 02:16:13.510369'),(70,'donation','0018_distributionupdate','2020-08-06 02:16:14.931644'),(71,'donation','0019_payment_distribution_mail_sent','2020-08-06 02:16:16.251739'),(72,'donation','0020_distributionschedule_comment','2020-08-06 02:16:16.780268'),(73,'donation','0021_auto_20200805_1658','2020-08-06 02:16:17.636531'),(74,'donation','0022_auto_20200829_2316','2020-08-30 08:09:59.328186'),(75,'donation','0023_schedulesetup','2020-08-30 08:10:00.259901'),(76,'donation','0024_auto_20200919_1438','2020-12-06 23:54:04.513038'),(77,'donation','0025_auto_20201206_1358','2020-12-06 23:54:05.678861');
/*!40000 ALTER TABLE `django_migrations` ENABLE KEYS */;
UNLOCK TABLES;

--
-- Table structure for table `django_session`
--

DROP TABLE IF EXISTS `django_session`;
/*!40101 SET @saved_cs_client     = @@character_set_client */;
/*!40101 SET character_set_client = utf8 */;
CREATE TABLE `django_session` (
  `session_key` varchar(40) NOT NULL,
  `session_data` longtext NOT NULL,
  `expire_date` datetime(6) NOT NULL,
  PRIMARY KEY (`session_key`),
  KEY `django_session_expire_date_a5c62663` (`expire_date`)
) ENGINE=InnoDB DEFAULT CHARSET=utf8;
/*!40101 SET character_set_client = @saved_cs_client */;

--
-- Dumping data for table `django_session`
--

LOCK TABLES `django_session` WRITE;
/*!40000 ALTER TABLE `django_session` DISABLE KEYS */;
INSERT INTO `django_session` VALUES ('1ow3swvyyzxtzwqk5qw3qpdl4qcjf9d0','NDk4MzMxMTQ0YTc5N2Q4M2VmNDk2ZmFmMWIwYTZhMWM0MGJhYTM1ZTp7Im5leHQiOiIvYWRtaW4vbG9naW4vP25leHQ9L2FkbWluL2Rhc2hib2FyZC9ib2FyZC8iLCJhdXRoMF9zdGF0ZSI6IjJrREtXbTBqMVBJSUF1RjVBOXBzb0N1all1YWJwTEI2IiwiX2F1dGhfdXNlcl9pZCI6IjIzIiwiX2F1dGhfdXNlcl9iYWNrZW5kIjoiZG9uYXRpb24uYXV0aGVudGljYXRpb24uYXV0aDAuQXV0aDAiLCJfYXV0aF91c2VyX2hhc2giOiJjYmI1ODdhMTU2MzEzMjdhNThlZDA1OWUzZDA0NDQ3MDZjYzYxNGM1Iiwic29jaWFsX2F1dGhfbGFzdF9sb2dpbl9iYWNrZW5kIjoiYXV0aDAifQ==','2020-08-31 11:10:45.849475'),('1swqa681qd5bf649t7jy3ek2dadpn84w','ODQyYWNiOTYxZDllNGJjZGI5NTRiYWZjODczZTViZDgzNTQ1YzBhMzp7Im5leHQiOiIvYWRtaW4vbG9naW4vP25leHQ9L2FkbWluL2Rhc2hib2FyZC9ib2FyZC8iLCJhdXRoMF9zdGF0ZSI6Imh4TTl2cWlQMEpaUGg3QjA3TEdXbm12UnJwckthZ3E1IiwiX2F1dGhfdXNlcl9pZCI6IjMiLCJfYXV0aF91c2VyX2JhY2tlbmQiOiJkb25hdGlvbi5hdXRoZW50aWNhdGlvbi5hdXRoMC5BdXRoMCIsIl9hdXRoX3VzZXJfaGFzaCI6ImUyZTA1YTE3YzVlMmIzZDc0MzQ0ZWNmODNlYjc4ZmZmYzA0ZGVjOTAiLCJzb2NpYWxfYXV0aF9sYXN0X2xvZ2luX2JhY2tlbmQiOiJhdXRoMCJ9','2021-01-18 21:38:54.791239'),('2dqkspo9k1z6hdkboe3l906xw5jx2q8b','ZWNlMjhiNTU2OGEyNGE1NTYxYjEzMzJhZmE3NzI2OGJiYTY5NjU3ZTp7Im5leHQiOiIvYWRtaW4vbG9naW4vP25leHQ9L2FkbWluL2RvbmF0aW9uL3Byb2plY3QvOS9jaGFuZ2UvIiwiYXV0aDBfc3RhdGUiOiI3dzlCakZncjlGbHRPOUNyN2haVG5lbDY1b3dJSzZIMCJ9','2020-08-20 03:25:34.834493'),('2i46yw4tjllb9okfqwe4ar3adzt72edg','NmE0ZjBjMmQ1ZGMzZGM3ODUyNjc5ZjJiMWYyN2Y1MDAwOWFmYmZhMzp7Im5leHQiOiIvIiwiYXV0aDBfc3RhdGUiOiJ6NlVpUjBOR0w3RjFWWmo4RGJudnR0YlN5WVpqUnVRMyIsIl9hdXRoX3VzZXJfaWQiOiIzIiwiX2F1dGhfdXNlcl9iYWNrZW5kIjoiZG9uYXRpb24uYXV0aGVudGljYXRpb24uYXV0aDAuQXV0aDAiLCJfYXV0aF91c2VyX2hhc2giOiJlMmUwNWExN2M1ZTJiM2Q3NDM0NGVjZjgzZWI3OGZmZmMwNGRlYzkwIiwic29jaWFsX2F1dGhfbGFzdF9sb2dpbl9iYWNrZW5kIjoiYXV0aDAifQ==','2021-02-19 19:21:04.342606'),('2q6gdddk5zzvt97sn029yrw0be9hbjfv','ZDYxMDQ1OWRkMDczYWE1Nzc5MWUxZmRiY2UxZTljOTg0MzNjYTExYzp7Im5leHQiOiIvYWRtaW4vbG9naW4vP25leHQ9L2FkbWluL2Rhc2hib2FyZC9ib2FyZC8iLCJhdXRoMF9zdGF0ZSI6ImxtQWNrTXVkWlNlSEZhdGRmSHJFTjRhVGtuUGYyYThzIiwiX2F1dGhfdXNlcl9pZCI6IjIzIiwiX2F1dGhfdXNlcl9iYWNrZW5kIjoiZG9uYXRpb24uYXV0aGVudGljYXRpb24uYXV0aDAuQXV0aDAiLCJfYXV0aF91c2VyX2hhc2giOiJjYmI1ODdhMTU2MzEzMjdhNThlZDA1OWUzZDA0NDQ3MDZjYzYxNGM1Iiwic29jaWFsX2F1dGhfbGFzdF9sb2dpbl9iYWNrZW5kIjoiYXV0aDAifQ==','2021-03-29 21:01:32.766306'),('2ts7qt5dpnj3pd86pstpfkwaxrllil8o','ZDYyZTEyMzhmZjA3MmRiZDIxZDZhMjdjMDBjNGJjZTJmY2E4N2JiZjp7Im5leHQiOiIvYWRtaW4vbG9naW4vP25leHQ9L2FkbWluL2Rhc2hib2FyZC9ib2FyZC8iLCJhdXRoMF9zdGF0ZSI6IllqeG5tQkpuY05sTFFrMXBDcUw1c01UNUZ5d21TR1R1IiwiX2F1dGhfdXNlcl9pZCI6IjMiLCJfYXV0aF91c2VyX2JhY2tlbmQiOiJkb25hdGlvbi5hdXRoZW50aWNhdGlvbi5hdXRoMC5BdXRoMCIsIl9hdXRoX3VzZXJfaGFzaCI6ImUyZTA1YTE3YzVlMmIzZDc0MzQ0ZWNmODNlYjc4ZmZmYzA0ZGVjOTAiLCJzb2NpYWxfYXV0aF9sYXN0X2xvZ2luX2JhY2tlbmQiOiJhdXRoMCJ9','2021-02-02 17:58:35.287192'),('32p0f0yqvc9kq113ffy2ze5rkdfyelbh','ODU1OGE0MTlmOTU3MTA3OGJiMmFiNzk1YzMyZWYwZTQzMjk2YWUyZDp7Im5leHQiOiIvYWRtaW4vbG9naW4vP25leHQ9L2FkbWluL2Rhc2hib2FyZC9ib2FyZC8iLCJhdXRoMF9zdGF0ZSI6ImkyTFdndFlSQlpBeDF6Y3RSQ0M3V3A0RzFHallSSzEzIiwiX2F1dGhfdXNlcl9pZCI6IjIzIiwiX2F1dGhfdXNlcl9iYWNrZW5kIjoiZG9uYXRpb24uYXV0aGVudGljYXRpb24uYXV0aDAuQXV0aDAiLCJfYXV0aF91c2VyX2hhc2giOiJjYmI1ODdhMTU2MzEzMjdhNThlZDA1OWUzZDA0NDQ3MDZjYzYxNGM1Iiwic29jaWFsX2F1dGhfbGFzdF9sb2dpbl9iYWNrZW5kIjoiYXV0aDAifQ==','2021-02-25 08:09:42.397100'),('3c85q7jzbmhy7d4otqwg895nrdacwnyq','MjY2NTdjOGE2OTZkZTRiMDkzZWNjZmIzYTc2M2NmYTQ4NTYzYmZkZTp7Il9hdXRoX3VzZXJfaWQiOiIxIiwiX2F1dGhfdXNlcl9iYWNrZW5kIjoiZGphbmdvLmNvbnRyaWIuYXV0aC5iYWNrZW5kcy5Nb2RlbEJhY2tlbmQiLCJfYXV0aF91c2VyX2hhc2giOiJkNTFmZWZiNzZiYzQ1ZTFlMDVkYWIzY2QyNjMwMjJmODExOGJmMmYxIn0=','2020-07-12 18:13:08.132881'),('3lqvnbnxzwovuwpp34m04ta6trh7ku8v','MTZhYmY0ZmIzNTk4YTlkMzI5OWFkOTViNDA2YTczYmFmMjA1ODVlZDp7Im5leHQiOiIvYWRtaW4vbG9naW4vP25leHQ9L2FkbWluLyIsImF1dGgwX3N0YXRlIjoiTFdRQUI0czBTY2hLNHYyTm9pWTBqS3o0SlpTSEhKRnciLCJfYXV0aF91c2VyX2lkIjoiMiIsIl9hdXRoX3VzZXJfYmFja2VuZCI6ImRvbmF0aW9uLmF1dGhlbnRpY2F0aW9uLmF1dGgwLkF1dGgwIiwiX2F1dGhfdXNlcl9oYXNoIjoiZmM4ZjQzYzQ1Y2EyNWUzN2QxYzI2NmNmNmRlNmY5YWM1ZDgzYzMwYyIsInNvY2lhbF9hdXRoX2xhc3RfbG9naW5fYmFja2VuZCI6ImF1dGgwIn0=','2020-07-20 09:49:01.243572'),('3vefenahwt27uuok28lhnsq033z56zgs','MDIwYTUzODEyYWQyYzVlOWViMTg1OGM1NjZlNDU4ODNjNzY4YjYzNjp7Im5leHQiOiIvYWRtaW4vbG9naW4vP25leHQ9L2FkbWluL2Rhc2hib2FyZC9ib2FyZC8iLCJhdXRoMF9zdGF0ZSI6InkxNVZlM1FQQ2xrOW1pTTZSNHNQZXhpQXdtaGRESm1nIiwiX2F1dGhfdXNlcl9pZCI6IjQiLCJfYXV0aF91c2VyX2JhY2tlbmQiOiJkb25hdGlvbi5hdXRoZW50aWNhdGlvbi5hdXRoMC5BdXRoMCIsIl9hdXRoX3VzZXJfaGFzaCI6ImIwNDU3NGUzZWIyNmFiMGM4ZmFhMWRlNDk1ZDQxODBiNjhhOGMzMGYiLCJzb2NpYWxfYXV0aF9sYXN0X2xvZ2luX2JhY2tlbmQiOiJhdXRoMCJ9','2020-08-26 16:21:04.313634'),('6g9re0vm3i21rstp4sdb96o6nkjqga2u','MzEzZjA1OGNjNjU4NjE1YmI3NDRmNDliMGJlMGQzZTBmYzJmMTI4Njp7Im5leHQiOiIvYWRtaW4vbG9naW4vP25leHQ9L2FkbWluL2RvbmF0aW9uL3Byb2plY3QvYWRkLyIsImF1dGgwX3N0YXRlIjoiWXhsd0xtdUR2R3NvOUxSVm52OXdQSFpRbWF0b2NjYksifQ==','2020-08-20 03:26:56.513334'),('7e24eg6smwadqne69l9uwkj2ca9yfkki','MjY2NTdjOGE2OTZkZTRiMDkzZWNjZmIzYTc2M2NmYTQ4NTYzYmZkZTp7Il9hdXRoX3VzZXJfaWQiOiIxIiwiX2F1dGhfdXNlcl9iYWNrZW5kIjoiZGphbmdvLmNvbnRyaWIuYXV0aC5iYWNrZW5kcy5Nb2RlbEJhY2tlbmQiLCJfYXV0aF91c2VyX2hhc2giOiJkNTFmZWZiNzZiYzQ1ZTFlMDVkYWIzY2QyNjMwMjJmODExOGJmMmYxIn0=','2020-07-12 20:48:13.579849'),('7n2sbj48kzpr0w1g8tnrjfsxsjwkwqpy','NmE3NjBhY2IwM2U4MzM0YjRlNmZmMGM5NDYyNzVkYWUwYzI4ZjEwNTp7Im5leHQiOiIvYWRtaW4vbG9naW4vP25leHQ9L2FkbWluL2Rhc2hib2FyZC9ib2FyZC8iLCJhdXRoMF9zdGF0ZSI6InM3UE9PaGNlakw4blFKVnRNZjdQR0lvWjlYYU9kckR4In0=','2020-08-31 11:10:44.101412'),('8o29hobxbiv7noii63vwuqzgzblfkn9f','NjAwZmVmMGQzNTY2Yzc1ZjA3ZjEyNTRiMmUyMDA5NTgxMzRhYWIyMzp7Im5leHQiOiIvIiwiYXV0aDBfc3RhdGUiOiJUcFlHVUNKajB2eFBsMGN5akVCTmxFb2xFNnVDRXhSeSIsIl9hdXRoX3VzZXJfaWQiOiIzIiwiX2F1dGhfdXNlcl9iYWNrZW5kIjoiZG9uYXRpb24uYXV0aGVudGljYXRpb24uYXV0aDAuQXV0aDAiLCJfYXV0aF91c2VyX2hhc2giOiJlMmUwNWExN2M1ZTJiM2Q3NDM0NGVjZjgzZWI3OGZmZmMwNGRlYzkwIiwic29jaWFsX2F1dGhfbGFzdF9sb2dpbl9iYWNrZW5kIjoiYXV0aDAifQ==','2020-10-02 16:40:31.108715'),('9r8iihzbnkcg544puikr9rii4hyjn26p','MmVjYjI0YTVmNTEwOGFmNTQ4ZWVmZDY0MmU4ZTZkNTE4ZjI0OWMzNTp7Im5leHQiOiIvIiwiYXV0aDBfc3RhdGUiOiJhd0FGeEdiTzZUQTJmV1B0bnRnN2Z6UUNYT2JtU0Q3OCJ9','2020-07-18 22:40:59.800362'),('as1kl60l97hdb7uf0n397jzkc1gxsyzd','YmE0MjFlMmQwN2VmYzM0Yzc1N2E2MWRjNTU4MTE0NWE1ZGU2NjY5NDp7Im5leHQiOiIvYWRtaW4vbG9naW4vP25leHQ9L2FkbWluL2Rhc2hib2FyZC9ib2FyZC8iLCJhdXRoMF9zdGF0ZSI6ImNGaEdhb1hKenNQUHQ2WE9nYm1LRDdZODF0Vk8zaVlIIiwiX2F1dGhfdXNlcl9pZCI6IjMiLCJfYXV0aF91c2VyX2JhY2tlbmQiOiJkb25hdGlvbi5hdXRoZW50aWNhdGlvbi5hdXRoMC5BdXRoMCIsIl9hdXRoX3VzZXJfaGFzaCI6ImUyZTA1YTE3YzVlMmIzZDc0MzQ0ZWNmODNlYjc4ZmZmYzA0ZGVjOTAiLCJzb2NpYWxfYXV0aF9sYXN0X2xvZ2luX2JhY2tlbmQiOiJhdXRoMCJ9','2020-09-04 14:53:25.445139'),('b7hzdm9kfomoofl7wu795y47baacdhq5','YmNlMjUzOGQzY2E1NGI1ZmY5OWM5NzZiNTQ3ZGFmM2VjOWJiMzAwZjp7Im5leHQiOiIvYWRtaW4vbG9naW4vP25leHQ9L2FkbWluL2Rhc2hib2FyZC9ib2FyZC8iLCJhdXRoMF9zdGF0ZSI6Ik5oQ0lwbDVXZFlmU1BRV0w5SHY3M05wWVVnTXdVSDlSIiwiX2F1dGhfdXNlcl9pZCI6IjMiLCJfYXV0aF91c2VyX2JhY2tlbmQiOiJkb25hdGlvbi5hdXRoZW50aWNhdGlvbi5hdXRoMC5BdXRoMCIsIl9hdXRoX3VzZXJfaGFzaCI6ImUyZTA1YTE3YzVlMmIzZDc0MzQ0ZWNmODNlYjc4ZmZmYzA0ZGVjOTAiLCJzb2NpYWxfYXV0aF9sYXN0X2xvZ2luX2JhY2tlbmQiOiJhdXRoMCJ9','2020-11-20 17:29:11.175254'),('bnzqok5melp7pezppc7l3uleyqi7fytd','YTU2MzJlNGRjYWI1YTVkZTY0ZmQ3MzNkMTA0YzIwMjc5MGFmMmNhMTp7Im5leHQiOiIvYWRtaW4vbG9naW4vP25leHQ9L2FkbWluL2Rhc2hib2FyZC9ib2FyZC8iLCJhdXRoMF9zdGF0ZSI6IlhlRHVxU2dNZjFEYkM4VnduaEVFS1B5UEQ1ck9GcEl5IiwiX2F1dGhfdXNlcl9pZCI6IjIzIiwiX2F1dGhfdXNlcl9iYWNrZW5kIjoiZG9uYXRpb24uYXV0aGVudGljYXRpb24uYXV0aDAuQXV0aDAiLCJfYXV0aF91c2VyX2hhc2giOiJjYmI1ODdhMTU2MzEzMjdhNThlZDA1OWUzZDA0NDQ3MDZjYzYxNGM1Iiwic29jaWFsX2F1dGhfbGFzdF9sb2dpbl9iYWNrZW5kIjoiYXV0aDAifQ==','2021-01-06 19:06:57.083845'),('bsho08uw793r0h20dp6k7wycqt4dbzpe','NjEzOWMyNzA0ZWFmODc3M2FkZGZlNzUzZmUxYzI4MmExYWUxNTA1MDp7Im5leHQiOiIvYWRtaW4vbG9naW4vP25leHQ9L2FkbWluL2Rhc2hib2FyZC9ib2FyZC8iLCJhdXRoMF9zdGF0ZSI6ImU3SkhVZUpzS05BbGt3TGlvSWR1RnBkeWdTdlNtZ0ZwIiwiX2F1dGhfdXNlcl9pZCI6IjQiLCJfYXV0aF91c2VyX2JhY2tlbmQiOiJkb25hdGlvbi5hdXRoZW50aWNhdGlvbi5hdXRoMC5BdXRoMCIsIl9hdXRoX3VzZXJfaGFzaCI6ImIwNDU3NGUzZWIyNmFiMGM4ZmFhMWRlNDk1ZDQxODBiNjhhOGMzMGYiLCJzb2NpYWxfYXV0aF9sYXN0X2xvZ2luX2JhY2tlbmQiOiJhdXRoMCJ9','2020-09-28 22:15:44.092926'),('bx0809rcbpp7254pt5kggq7tbp8dj52j','ZjJhNDdlZDQwZmJmYTIxNTAwYzE2OGY2MjdkOGJmNTcwMThjZGFkOTp7Im5leHQiOiIvIiwiYXV0aDBfc3RhdGUiOiJNcTQycXVUbFk3RjZyemFYOVFPenM5ZHVKZWRXcUhyaCIsIl9hdXRoX3VzZXJfaWQiOiI0IiwiX2F1dGhfdXNlcl9iYWNrZW5kIjoiZG9uYXRpb24uYXV0aGVudGljYXRpb24uYXV0aDAuQXV0aDAiLCJfYXV0aF91c2VyX2hhc2giOiJiMDQ1NzRlM2ViMjZhYjBjOGZhYTFkZTQ5NWQ0MTgwYjY4YThjMzBmIiwic29jaWFsX2F1dGhfbGFzdF9sb2dpbl9iYWNrZW5kIjoiYXV0aDAifQ==','2021-01-18 23:49:50.290569'),('db379jpp42ux45ehx0k78ntsoqccj5ie','N2UzMmU5ODIyNGZkNGNiYmJmZTdhYjM0YTE2M2NlYzQwODliN2ViYzp7Im5leHQiOiIvYWRtaW4vbG9naW4vP25leHQ9L2FkbWluL2RvbmF0aW9uL3Byb2plY3QvIiwiYXV0aDBfc3RhdGUiOiJiNGc4UjVhMThyc1lZbzVVcEVzTHYxZUtQbkRUa04yYyJ9','2020-08-20 03:02:47.089620'),('ddzwz1rov3qsinburlijijmi4cj68u5d','Y2VjMjU0OTgxN2Y2MTk0MDFiY2I4YmRmNmY3NGMyMmVmM2M4NDJkNzp7Im5leHQiOiIvYWRtaW4vbG9naW4vP25leHQ9L2FkbWluL2RvbmF0aW9uLyIsImF1dGgwX3N0YXRlIjoiR3dJR1I4OUZyQU1sTmloVmtDZU5zUXhsdUV6NllXM3ciLCJfYXV0aF91c2VyX2lkIjoiNCIsIl9hdXRoX3VzZXJfYmFja2VuZCI6ImRvbmF0aW9uLmF1dGhlbnRpY2F0aW9uLmF1dGgwLkF1dGgwIiwiX2F1dGhfdXNlcl9oYXNoIjoiYjA0NTc0ZTNlYjI2YWIwYzhmYWExZGU0OTVkNDE4MGI2OGE4YzMwZiIsInNvY2lhbF9hdXRoX2xhc3RfbG9naW5fYmFja2VuZCI6ImF1dGgwIn0=','2020-11-28 17:19:31.828494'),('dgojz4ejqs5rmxfave72r80k4uet0hxf','YTkxZjFjOTE4MjQxMzViMmY4MzlkMTI4YWQ5OGM1MGJlNjIzZjY1NTp7Im5leHQiOiIvYWRtaW4vbG9naW4vP25leHQ9L2FkbWluL2Rhc2hib2FyZC9ib2FyZC8iLCJhdXRoMF9zdGF0ZSI6Ikg4ZkJGa0NKOFdXSjNabUJ2QlpkczdzTkFRRWs1NFpQIiwiX2F1dGhfdXNlcl9pZCI6IjIzIiwiX2F1dGhfdXNlcl9iYWNrZW5kIjoiZG9uYXRpb24uYXV0aGVudGljYXRpb24uYXV0aDAuQXV0aDAiLCJfYXV0aF91c2VyX2hhc2giOiJjYmI1ODdhMTU2MzEzMjdhNThlZDA1OWUzZDA0NDQ3MDZjYzYxNGM1Iiwic29jaWFsX2F1dGhfbGFzdF9sb2dpbl9iYWNrZW5kIjoiYXV0aDAifQ==','2021-03-18 09:09:52.445927'),('dxlo3nopyjnv22d6qfcc72bs3k1l19jj','ODAyOTc5ZTg5MDM0Y2Y4MmFmZDNjZjFkZTZhNDMzOWYwM2JiZDdhODp7Im5leHQiOiIvYWRtaW4vbG9naW4vP25leHQ9L2FkbWluL2RvbmF0aW9uL3Byb2plY3QvIiwiYXV0aDBfc3RhdGUiOiJZOGJxN0R2N21Ya1dsNUJGR25QaW4yZjlhNkJzS01XTSJ9','2020-08-15 04:29:17.048434'),('dzhnnl7hhqcwv4h6xz6o0sh0e6yr2d21','MDU2MDk0OTdkYWVjYWUxN2I4ZjliYmNkMDY2Yjg0OTUzODdkOWUxNjp7Im5leHQiOiIvYWRtaW4vbG9naW4vP25leHQ9L2FkbWluL2Rhc2hib2FyZC9ib2FyZC8iLCJhdXRoMF9zdGF0ZSI6IjY2SFFmemxXZDJaWE9sNlc4RVhDSVQwcHlWdGRUbFU2In0=','2020-09-14 13:17:22.899872'),('fiv6lz1h0kt5y5fiets0mji7b7r9i5gs','MWIxNDUyOWUyYjg3ZmE2MmUwNWFiODhjZTQ4Y2YyZWZiOTc0YTE0Njp7Im5leHQiOiIvYWRtaW4vbG9naW4vP25leHQ9L2FkbWluL2RvbmF0aW9uL2Rpc3RyaWJ1dGlvbnNjaGVkdWxlLyIsImF1dGgwX3N0YXRlIjoiOFIzbmtlM05lNFFKWmhrNm9OcVBFT2dnUzdvcWtwdlYifQ==','2021-04-10 14:12:15.029735'),('ftvl9czc4vlml8msjvcq9u36f39vsqop','MTllOGE3NjZmODMzMzMxNTlhOThkZmI5NTI1ZDg4NWVmNzAyNTUwMjp7Im5leHQiOiIvYWRtaW4vbG9naW4vP25leHQ9L2FkbWluL2RvbmF0aW9uL3Byb2plY3RkaXN0cmlidXRpb24vIiwiYXV0aDBfc3RhdGUiOiJ5RGZ2UGNzZTlQMDc0V1hWVkdWcTNKVVZmcGNObzJMTCJ9','2021-04-10 14:11:46.819623'),('hljvggctw3573kuzuy27kg13zvexvdd4','MGU1ODc5ODliZDI5MTY3YjUwYzQ4ZmY1MTAwYjYxMmYyODQ0NzRiNjp7Im5leHQiOiIvYWRtaW4vbG9naW4vP25leHQ9L2FkbWluL2Rhc2hib2FyZC9ib2FyZC8iLCJhdXRoMF9zdGF0ZSI6Imc2TzVYbHl6QmpuMFU0M1hVRURjYjdRQk1jS2ZTRExKIiwiX2F1dGhfdXNlcl9pZCI6IjQiLCJfYXV0aF91c2VyX2JhY2tlbmQiOiJkb25hdGlvbi5hdXRoZW50aWNhdGlvbi5hdXRoMC5BdXRoMCIsIl9hdXRoX3VzZXJfaGFzaCI6ImIwNDU3NGUzZWIyNmFiMGM4ZmFhMWRlNDk1ZDQxODBiNjhhOGMzMGYiLCJzb2NpYWxfYXV0aF9sYXN0X2xvZ2luX2JhY2tlbmQiOiJhdXRoMCJ9','2021-04-10 14:06:33.301702'),('hzgsy4xx2s0xoy98041nk08w7dkyyy5u','ZTExZjY2NzBjYzZjMTE2NGU2YzIyMTNhZTEwMTU3Zjc3NWM2MTAzYzp7Im5leHQiOiIvYWRtaW4vbG9naW4vP25leHQ9L2FkbWluL2Rhc2hib2FyZC9ib2FyZC8iLCJhdXRoMF9zdGF0ZSI6InF0WnlPcEMzTk83cFhjVUswNGEzZTdQU0c1eVNhUDdOIiwiX2F1dGhfdXNlcl9pZCI6IjMiLCJfYXV0aF91c2VyX2JhY2tlbmQiOiJkb25hdGlvbi5hdXRoZW50aWNhdGlvbi5hdXRoMC5BdXRoMCIsIl9hdXRoX3VzZXJfaGFzaCI6ImUyZTA1YTE3YzVlMmIzZDc0MzQ0ZWNmODNlYjc4ZmZmYzA0ZGVjOTAiLCJzb2NpYWxfYXV0aF9sYXN0X2xvZ2luX2JhY2tlbmQiOiJhdXRoMCJ9','2021-04-10 14:05:47.894115'),('iq7hv9437nnkjwfq03u17wvdna7wzwj5','MTAyMzEzMzJlNGI0MGVmMjA5ODFhNTE2NTgzMDFkYTA2NDk0YmFkZTp7Im5leHQiOiIvYWRtaW4vbG9naW4vP25leHQ9L2FkbWluLyIsImF1dGgwX3N0YXRlIjoiT01yUnpxQ0NhY01na1VxQmhWYXljZHEyOTNyVWFnSFIifQ==','2020-08-19 22:30:11.201373'),('jexhwbu1f5vfdzjbcdkd0gjdyomyvu1n','MTBhMGI3ZTM5MTk5YmRmZjdhZWNhYTkzZTkxMzU2ZmMxYzgzMWNjYzp7Im5leHQiOiIvYWRtaW4vbG9naW4vP25leHQ9L2FkbWluL2Rhc2hib2FyZC9ib2FyZC8iLCJhdXRoMF9zdGF0ZSI6Ik9qSE5HR0U1ZTB4V2ZHdDF6cWdlSnpKcUZDQUNFY1NoIiwiX2F1dGhfdXNlcl9pZCI6IjIzIiwiX2F1dGhfdXNlcl9iYWNrZW5kIjoiZG9uYXRpb24uYXV0aGVudGljYXRpb24uYXV0aDAuQXV0aDAiLCJfYXV0aF91c2VyX2hhc2giOiJjYmI1ODdhMTU2MzEzMjdhNThlZDA1OWUzZDA0NDQ3MDZjYzYxNGM1Iiwic29jaWFsX2F1dGhfbGFzdF9sb2dpbl9iYWNrZW5kIjoiYXV0aDAifQ==','2020-11-13 10:57:05.270626'),('k10c7uiym2gn75ugepcw63ozks24hfr6','NDU2Zjc3MGM2NmFjNWU1ZDg3MWI2NTI1NjBiM2VlN2NhNzRkZDUzNjp7Im5leHQiOiIvYWRtaW4vbG9naW4vP25leHQ9L2FkbWluL2RvbmF0aW9uL3BheW1lbnQvIiwiYXV0aDBfc3RhdGUiOiJocTBuc3AzRVVzdE9HZzhtNXhhZjdDVWxDa2pybmM4ZSJ9','2020-11-28 18:24:13.849144'),('koahmt8eh3vhbg1yb734z3m1a78zcomt','NDdlOTcwYmU5NjZiZjcwMWYwZDA5MzI4NjE5ZWU2OWNkMzkyOGEzNjp7Im5leHQiOiIvYWRtaW4vbG9naW4vP25leHQ9L2FkbWluL2Rhc2hib2FyZC9ib2FyZC8iLCJhdXRoMF9zdGF0ZSI6IkhGZDJGblJWOWJzMHhPVDBVQzUyU212ZUNwcnNlbFJZIiwiX2F1dGhfdXNlcl9pZCI6IjIzIiwiX2F1dGhfdXNlcl9iYWNrZW5kIjoiZG9uYXRpb24uYXV0aGVudGljYXRpb24uYXV0aDAuQXV0aDAiLCJfYXV0aF91c2VyX2hhc2giOiJjYmI1ODdhMTU2MzEzMjdhNThlZDA1OWUzZDA0NDQ3MDZjYzYxNGM1Iiwic29jaWFsX2F1dGhfbGFzdF9sb2dpbl9iYWNrZW5kIjoiYXV0aDAifQ==','2021-01-28 05:25:55.285451'),('kpekz2zk97uvc254lz59jrecusciagrm','NThiOTI4ZDhmM2RkODE3ZGRiZDYxNDBjNmI2ODQzNmQ2NTlhOTM4NTp7Im5leHQiOiIvYWRtaW4vbG9naW4vP25leHQ9L2FkbWluL2RvbmF0aW9uL3Byb2plY3QvMTcvY2hhbmdlLyIsImF1dGgwX3N0YXRlIjoiTk15ZmM2ZFkwZlIyOEJ0cmp2N2NVbGN1bVhnY3JiYmUifQ==','2021-01-09 14:26:55.410805'),('l0ml88lbooygqdm6kztvkywzczlat51g','MzBlNGE1NDM1ZTg1ZjJkNmUwYzE0MzhlNGI2ZDgxNjliNDJjYzBhYjp7Im5leHQiOiIvYWRtaW4vbG9naW4vP25leHQ9L2FkbWluL2Rhc2hib2FyZC9ib2FyZC8iLCJhdXRoMF9zdGF0ZSI6InB5Z25JTVJ6WUlnem12UFlwd3hOcTJ6Y1BuRGhCV3dxIiwiX2F1dGhfdXNlcl9pZCI6IjMiLCJfYXV0aF91c2VyX2JhY2tlbmQiOiJkb25hdGlvbi5hdXRoZW50aWNhdGlvbi5hdXRoMC5BdXRoMCIsIl9hdXRoX3VzZXJfaGFzaCI6ImUyZTA1YTE3YzVlMmIzZDc0MzQ0ZWNmODNlYjc4ZmZmYzA0ZGVjOTAiLCJzb2NpYWxfYXV0aF9sYXN0X2xvZ2luX2JhY2tlbmQiOiJhdXRoMCJ9','2020-12-12 17:05:40.062514'),('lmi3jjeoi4y6d087wzi16r7zefb9mpoa','NGZiZjc5ZDk3MGI2YmQyYzgyNzhhNjViZjcwZmE0YTRhNjhmOTQ3ZTp7Im5leHQiOiIvYWRtaW4vbG9naW4vP25leHQ9L2FkbWluL2Rhc2hib2FyZC9ib2FyZC8iLCJhdXRoMF9zdGF0ZSI6IldqYTJpRHNjd1M0RXBVbXZXN01rVUE3UWNYS3BnNFBQIiwiX2F1dGhfdXNlcl9pZCI6IjMiLCJfYXV0aF91c2VyX2JhY2tlbmQiOiJkb25hdGlvbi5hdXRoZW50aWNhdGlvbi5hdXRoMC5BdXRoMCIsIl9hdXRoX3VzZXJfaGFzaCI6ImUyZTA1YTE3YzVlMmIzZDc0MzQ0ZWNmODNlYjc4ZmZmYzA0ZGVjOTAiLCJzb2NpYWxfYXV0aF9sYXN0X2xvZ2luX2JhY2tlbmQiOiJhdXRoMCJ9','2021-03-23 12:04:46.753394'),('lzswv512kjs43bd2r6rlzceklqylsapy','ZmUxMjVhZjAwZWYxNmVmNGEwNmRiYmY0NmZiYjExNDhhODhhMjMyNTp7Im5leHQiOiIvYWRtaW4vbG9naW4vP25leHQ9L2FkbWluL2Rhc2hib2FyZC9ib2FyZC8iLCJhdXRoMF9zdGF0ZSI6IjZoVUxQdDV3Q0ZqMDZsZkY5Y1A3VnBnTG9tRWNIeUdPIiwiX2F1dGhfdXNlcl9pZCI6IjIzIiwiX2F1dGhfdXNlcl9iYWNrZW5kIjoiZG9uYXRpb24uYXV0aGVudGljYXRpb24uYXV0aDAuQXV0aDAiLCJfYXV0aF91c2VyX2hhc2giOiJjYmI1ODdhMTU2MzEzMjdhNThlZDA1OWUzZDA0NDQ3MDZjYzYxNGM1Iiwic29jaWFsX2F1dGhfbGFzdF9sb2dpbl9iYWNrZW5kIjoiYXV0aDAifQ==','2021-02-07 22:09:14.455980'),('n0qjj1xa98uc1clf9xwwk5f43vd83gu6','N2FiMGY4Y2Y0NzBlMzljZmU1MjdkOWVkNTQ2NmI3YjcwOTRhOTkzZDp7Im5leHQiOiIvYWRtaW4vbG9naW4vP25leHQ9L2FkbWluL2Rhc2hib2FyZC9ib2FyZC8iLCJhdXRoMF9zdGF0ZSI6Im1lTEpkbUQ3a2U4ZjdTMk85NjNyb2pZZ1p5eGZRZVlGIiwiX2F1dGhfdXNlcl9pZCI6IjIzIiwiX2F1dGhfdXNlcl9iYWNrZW5kIjoiZG9uYXRpb24uYXV0aGVudGljYXRpb24uYXV0aDAuQXV0aDAiLCJfYXV0aF91c2VyX2hhc2giOiJjYmI1ODdhMTU2MzEzMjdhNThlZDA1OWUzZDA0NDQ3MDZjYzYxNGM1Iiwic29jaWFsX2F1dGhfbGFzdF9sb2dpbl9iYWNrZW5kIjoiYXV0aDAifQ==','2021-05-02 11:56:20.532692'),('n2gpsbmjzjixi2ercyfijq7898ceqoma','NTI1MjdhZmMzNmZjOTcyNTlhMmFjMmYzZGZkMjhiN2NkZWYxNjA3NTp7Im5leHQiOiIvYWRtaW4vbG9naW4vP25leHQ9L2FkbWluL2Rhc2hib2FyZC9ib2FyZC8iLCJhdXRoMF9zdGF0ZSI6IjlHaVhaRG5Dbko3ZFl1cFJWOWc4NmlpSWowVW83WGVqIiwiX2F1dGhfdXNlcl9pZCI6IjMiLCJfYXV0aF91c2VyX2JhY2tlbmQiOiJkb25hdGlvbi5hdXRoZW50aWNhdGlvbi5hdXRoMC5BdXRoMCIsIl9hdXRoX3VzZXJfaGFzaCI6ImUyZTA1YTE3YzVlMmIzZDc0MzQ0ZWNmODNlYjc4ZmZmYzA0ZGVjOTAiLCJzb2NpYWxfYXV0aF9sYXN0X2xvZ2luX2JhY2tlbmQiOiJhdXRoMCJ9','2021-05-02 11:06:16.009268'),('neohi7h8w0se8rknpb3fwvte1h04b68w','ZTU5NjY5MWZkM2VjOTQ4MjM1OGFjMDc0ZjljNzEyOWM2MjZjMDdlNjp7Im5leHQiOiIvYWRtaW4vbG9naW4vP25leHQ9L2FkbWluL2Rhc2hib2FyZC9ib2FyZC8iLCJhdXRoMF9zdGF0ZSI6InhBeThlN0NiRDRjN0c3aG5EakZWQUR6YUdVTEVVdXFrIiwiX2F1dGhfdXNlcl9pZCI6IjIzIiwiX2F1dGhfdXNlcl9iYWNrZW5kIjoiZG9uYXRpb24uYXV0aGVudGljYXRpb24uYXV0aDAuQXV0aDAiLCJfYXV0aF91c2VyX2hhc2giOiJjYmI1ODdhMTU2MzEzMjdhNThlZDA1OWUzZDA0NDQ3MDZjYzYxNGM1Iiwic29jaWFsX2F1dGhfbGFzdF9sb2dpbl9iYWNrZW5kIjoiYXV0aDAifQ==','2021-03-13 01:09:10.836687'),('ngde7fb8b99ezyoq6mq2sy5nv56hzm3d','MDA3ODA3ZDc1MGUwNTE2ZTgwNGEwOTgyMDQzZDQ2MjA0Nzc3MmEzYTp7Im5leHQiOiIvYWRtaW4vbG9naW4vP25leHQ9L2FkbWluL2Rhc2hib2FyZC9ib2FyZC8iLCJhdXRoMF9zdGF0ZSI6ImhNVzFjT0Z4bHhKSGxETm1FMnphVkNYeFBGbjdVZHV1IiwiX2F1dGhfdXNlcl9pZCI6IjciLCJfYXV0aF91c2VyX2JhY2tlbmQiOiJkb25hdGlvbi5hdXRoZW50aWNhdGlvbi5hdXRoMC5BdXRoMCIsIl9hdXRoX3VzZXJfaGFzaCI6IjJkZjIxZThhZjliNDUxM2VjNzc4OWFhNjNlZjhmODNkMDg1NmVhYmYiLCJzb2NpYWxfYXV0aF9sYXN0X2xvZ2luX2JhY2tlbmQiOiJhdXRoMCJ9','2020-11-14 17:17:06.304840'),('nkebwbr6uctsdwvne7mlmj7w79t291ai','NGI3MDE3MjJiNzA0ODQwZGM1ODMzNjcwOTNmZGQ5YTFlZjNiNWIwNDp7Im5leHQiOiIvYWRtaW4vbG9naW4vP25leHQ9L2FkbWluL2RvbmF0aW9uL3BheW1lbnQvIiwiYXV0aDBfc3RhdGUiOiJFTnprUGZteUl5UXNuQkpDdE1KcmFhUzh3SjZLNmI0dSIsIl9hdXRoX3VzZXJfaWQiOiIyMyIsIl9hdXRoX3VzZXJfYmFja2VuZCI6ImRvbmF0aW9uLmF1dGhlbnRpY2F0aW9uLmF1dGgwLkF1dGgwIiwiX2F1dGhfdXNlcl9oYXNoIjoiY2JiNTg3YTE1NjMxMzI3YTU4ZWQwNTllM2QwNDQ0NzA2Y2M2MTRjNSIsInNvY2lhbF9hdXRoX2xhc3RfbG9naW5fYmFja2VuZCI6ImF1dGgwIn0=','2021-02-26 12:54:58.973232'),('ohkkwmuv831s5yinqjk11ok3rt8usl60','MWQ1NzgxYjViZjIzZTg0NTg1N2Q5YjEzZmU1NmY5MDNjZTA1Mzg2ZTp7Im5leHQiOiIvYWRtaW4vbG9naW4vP25leHQ9L2FkbWluL2Rhc2hib2FyZC9ib2FyZC8iLCJhdXRoMF9zdGF0ZSI6IlE0Y1lEcjBNVXFRdUxXRHR2WmxmZUhIRFMyYVE3YWdFIiwiX2F1dGhfdXNlcl9pZCI6IjQiLCJfYXV0aF91c2VyX2JhY2tlbmQiOiJkb25hdGlvbi5hdXRoZW50aWNhdGlvbi5hdXRoMC5BdXRoMCIsIl9hdXRoX3VzZXJfaGFzaCI6ImIwNDU3NGUzZWIyNmFiMGM4ZmFhMWRlNDk1ZDQxODBiNjhhOGMzMGYiLCJzb2NpYWxfYXV0aF9sYXN0X2xvZ2luX2JhY2tlbmQiOiJhdXRoMCJ9','2020-12-20 16:11:22.313381'),('ojdo70r0zmuywckyrirhesgu9qtzbxwq','MzVhYTVhNDNmODEwMTQzODE0MDMwYWEwMmQ0ZDBhOTcyNzI0MDBmODp7Im5leHQiOiIvYWRtaW4vbG9naW4vP25leHQ9L2FkbWluL2Rhc2hib2FyZC9ib2FyZC8iLCJhdXRoMF9zdGF0ZSI6ImhPUXRSanJQUzBqcUtrTE9GcVg0NTlHb29OdlBabW1PIiwiX2F1dGhfdXNlcl9pZCI6IjMiLCJfYXV0aF91c2VyX2JhY2tlbmQiOiJkb25hdGlvbi5hdXRoZW50aWNhdGlvbi5hdXRoMC5BdXRoMCIsIl9hdXRoX3VzZXJfaGFzaCI6ImUyZTA1YTE3YzVlMmIzZDc0MzQ0ZWNmODNlYjc4ZmZmYzA0ZGVjOTAiLCJzb2NpYWxfYXV0aF9sYXN0X2xvZ2luX2JhY2tlbmQiOiJhdXRoMCJ9','2021-03-06 14:32:04.106482'),('pcsjcre4u7if6f3l13btn3geym4zhgjy','ZTU5NTJjYzUyMmJiNTgyOTY3NDc1ZTA5MTM0NDQxODEyOTVmZThlOTp7Im5leHQiOiIvYWRtaW4vbG9naW4vP25leHQ9L2FkbWluL2Rhc2hib2FyZC9ib2FyZC8iLCJhdXRoMF9zdGF0ZSI6ImRETGxlOEFuZng4ek1NSnhseVJqdnY5bXFUczJNdUtFIn0=','2020-08-20 02:23:09.444531'),('px9pywkms7sd5budi0r89q5nd95lhi68','ZTFiY2Y0YjQ5ZjdiMWZhMjg5MDkwZTdkOWQyNjhjMDE4NzJiMGY4Zjp7Im5leHQiOiIvYWRtaW4vbG9naW4vP25leHQ9L2FkbWluL2Rhc2hib2FyZC9ib2FyZC8iLCJhdXRoMF9zdGF0ZSI6IkhuV0xlbFROaEQ3WWFMVzB4RU02NW1vRkR3OVFIandTIiwiX2F1dGhfdXNlcl9pZCI6IjQiLCJfYXV0aF91c2VyX2JhY2tlbmQiOiJkb25hdGlvbi5hdXRoZW50aWNhdGlvbi5hdXRoMC5BdXRoMCIsIl9hdXRoX3VzZXJfaGFzaCI6ImIwNDU3NGUzZWIyNmFiMGM4ZmFhMWRlNDk1ZDQxODBiNjhhOGMzMGYiLCJzb2NpYWxfYXV0aF9sYXN0X2xvZ2luX2JhY2tlbmQiOiJhdXRoMCJ9','2020-09-10 00:58:32.094326'),('q0x3xtagpzfw9tpyqbvf6nsuvg1hnyqa','NGQ2Y2ZlZTE4ZDMwZjY0OTRmNzRkYWM4NzQ1ODM1YmQ3Njg4Yzc4NTp7Im5leHQiOiIvYWRtaW4vbG9naW4vP25leHQ9L2FkbWluL2RvbmF0aW9uL3JlY3VycmluZ3BheW1lbnQvIiwiYXV0aDBfc3RhdGUiOiJpV2VUV0t3azRRcVNWOEhvYW9wNDVDcXE5WnNaa0x4WiJ9','2020-08-09 16:43:25.015639'),('r52yzzqjnk63opuhzy3tdg7jbom6ng2z','YjQ2YjdiNTViMjc2NTc2MTA0MGM3MWFjZDJkZjZlYzUxMWUwMzg3Njp7Im5leHQiOiIvYWRtaW4vbG9naW4vP25leHQ9L2FkbWluL2Rhc2hib2FyZC9ib2FyZC8iLCJhdXRoMF9zdGF0ZSI6IlRvNE56bGpZRnNBNjhZN0xWQktUcjF0VllaVUVPdjZsIiwiX2F1dGhfdXNlcl9pZCI6IjMiLCJfYXV0aF91c2VyX2JhY2tlbmQiOiJkb25hdGlvbi5hdXRoZW50aWNhdGlvbi5hdXRoMC5BdXRoMCIsIl9hdXRoX3VzZXJfaGFzaCI6ImUyZTA1YTE3YzVlMmIzZDc0MzQ0ZWNmODNlYjc4ZmZmYzA0ZGVjOTAiLCJzb2NpYWxfYXV0aF9sYXN0X2xvZ2luX2JhY2tlbmQiOiJhdXRoMCJ9','2021-01-02 00:03:46.638557'),('rm75wcy8esi7qiqcobsotanyytxt17rn','MjcxNWViM2U2YzZhOWUzNTM0M2U3NDE1NTA5MmU0ZjFlMjdmNzc1Yjp7Im5leHQiOiIvIiwiYXV0aDBfc3RhdGUiOiJFZFM3cVFMZDNwUTZ5MWpRcU92TEQ5NFBsUGlub3NBYiIsIl9hdXRoX3VzZXJfaWQiOiI0IiwiX2F1dGhfdXNlcl9iYWNrZW5kIjoiZG9uYXRpb24uYXV0aGVudGljYXRpb24uYXV0aDAuQXV0aDAiLCJfYXV0aF91c2VyX2hhc2giOiJiMDQ1NzRlM2ViMjZhYjBjOGZhYTFkZTQ5NWQ0MTgwYjY4YThjMzBmIiwic29jaWFsX2F1dGhfbGFzdF9sb2dpbl9iYWNrZW5kIjoiYXV0aDAifQ==','2021-02-03 01:49:15.595820'),('s8qhqtt6cak7333vmkf70lgfg6e5vf01','ZGQ3NzRiNWNlNmU4MGFmOWVkNzUzZDcwMmNkODZhOWMyNzQ5NjdlOTp7Im5leHQiOiIvYWRtaW4vbG9naW4vP25leHQ9L2FkbWluL2RvbmF0aW9uL2Rpc3RyaWJ1dGlvbnNjaGVkdWxlLyIsImF1dGgwX3N0YXRlIjoiek84cUdRTXZDQzQ1SzllanhNbVZCbk5iczlBaFQ5WjkifQ==','2020-08-26 16:21:43.363770'),('vc7kdh9gc19la8b6gnnww6ha0tvi2t7y','ZTY2MjczYTJhOWM0ZTMzODRmOTUzNzQ3Yjg4OTk3MDg5MTQxMmQzNTp7Im5leHQiOiIvYWRtaW4vbG9naW4vP25leHQ9L2FkbWluL2RvbmF0aW9uL3BheW1lbnQvIiwiYXV0aDBfc3RhdGUiOiJTcjZPRE1hRHNwSUVUdU12a2hSNEhnUEdOUlQ5dHp1dCIsIl9hdXRoX3VzZXJfaWQiOiIyMyIsIl9hdXRoX3VzZXJfYmFja2VuZCI6ImRvbmF0aW9uLmF1dGhlbnRpY2F0aW9uLmF1dGgwLkF1dGgwIiwiX2F1dGhfdXNlcl9oYXNoIjoiY2JiNTg3YTE1NjMxMzI3YTU4ZWQwNTllM2QwNDQ0NzA2Y2M2MTRjNSIsInNvY2lhbF9hdXRoX2xhc3RfbG9naW5fYmFja2VuZCI6ImF1dGgwIn0=','2021-04-14 06:40:16.799416'),('vfnpybb7z9ejk3gixs4giwm46fhuwurq','MmJhMGZlZWVhOGVmZjU0YmE3NjUzNWJiYzg0MzQ1NWUxMTg3ZDJlOTp7Im5leHQiOiIvYWRtaW4vbG9naW4vP25leHQ9L2FkbWluL2Rhc2hib2FyZC9ib2FyZC8iLCJhdXRoMF9zdGF0ZSI6IkxJSzFlTnFzWFJETTBEa1A0V0tUcTI0NEhaTnpTTGFSIiwiX2F1dGhfdXNlcl9pZCI6IjciLCJfYXV0aF91c2VyX2JhY2tlbmQiOiJkb25hdGlvbi5hdXRoZW50aWNhdGlvbi5hdXRoMC5BdXRoMCIsIl9hdXRoX3VzZXJfaGFzaCI6IjJkZjIxZThhZjliNDUxM2VjNzc4OWFhNjNlZjhmODNkMDg1NmVhYmYiLCJzb2NpYWxfYXV0aF9sYXN0X2xvZ2luX2JhY2tlbmQiOiJhdXRoMCJ9','2021-05-17 10:13:48.752513'),('wjllxmv8cihtjkaie6tkpxc3ax1p7fxe','ZDlhOTAwZjU2YzUxM2JlNDBkYzdhNzUxMTNmYjhjN2UyMmMyMjA1Yjp7Im5leHQiOiIvYWRtaW4vbG9naW4vP25leHQ9L2FkbWluL2RvbmF0aW9uL3Byb2plY3QvIiwiYXV0aDBfc3RhdGUiOiIyWm5pWFlHMll5SXVtZm9kWG5ld1BNdDJJOERqWmxjUyJ9','2020-08-28 16:46:55.801489'),('wwfnc23l766r4kd73ukf4dgbdau1uky8','MDJjZTdmODY5ZTVlZjQ4NGIwNmYwYjExZWNmYmZjZGUyZDBjNWQ1Njp7Im5leHQiOiIvYWRtaW4vbG9naW4vP25leHQ9L2FkbWluL2Rhc2hib2FyZC9ib2FyZC8iLCJhdXRoMF9zdGF0ZSI6IlIyZW5kUlVUS1lGenpDMktXUjFZdnpsblFaT1JlVjBoIiwiX2F1dGhfdXNlcl9pZCI6IjMiLCJfYXV0aF91c2VyX2JhY2tlbmQiOiJkb25hdGlvbi5hdXRoZW50aWNhdGlvbi5hdXRoMC5BdXRoMCIsIl9hdXRoX3VzZXJfaGFzaCI6ImUyZTA1YTE3YzVlMmIzZDc0MzQ0ZWNmODNlYjc4ZmZmYzA0ZGVjOTAiLCJzb2NpYWxfYXV0aF9sYXN0X2xvZ2luX2JhY2tlbmQiOiJhdXRoMCJ9','2020-11-01 15:32:45.621324'),('x8a4ihlb81z974rceyq658phc9x12zuk','MjY2NTdjOGE2OTZkZTRiMDkzZWNjZmIzYTc2M2NmYTQ4NTYzYmZkZTp7Il9hdXRoX3VzZXJfaWQiOiIxIiwiX2F1dGhfdXNlcl9iYWNrZW5kIjoiZGphbmdvLmNvbnRyaWIuYXV0aC5iYWNrZW5kcy5Nb2RlbEJhY2tlbmQiLCJfYXV0aF91c2VyX2hhc2giOiJkNTFmZWZiNzZiYzQ1ZTFlMDVkYWIzY2QyNjMwMjJmODExOGJmMmYxIn0=','2020-08-20 03:05:06.694965'),('xfhlvll7pzcu4o2c9gubo6q8pjmd96x4','ODhmMzJkZTNjZjJiNmVlNDMwYmM1MDZmNTBkN2UzNmVhYzViOGM2Zjp7Im5leHQiOiIvYWRtaW4vbG9naW4vP25leHQ9L2FkbWluL2Rhc2hib2FyZC9ib2FyZC8iLCJhdXRoMF9zdGF0ZSI6IlM3c21PTnh3bDFvNm5rTEtNVDJNWUN2TlR6UmxNRkdrIn0=','2020-08-26 03:38:00.582092'),('y6cnzmc274x9cbxnt5kjeprkxgsoo2g1','Njk3ZjhkYWZjZWFiNjYxNDEwZjkxZWZkYjI1YTc5YzUzYzYwZjY3ODp7Im5leHQiOiIvYWRtaW4vbG9naW4vP25leHQ9L2FkbWluLyIsImF1dGgwX3N0YXRlIjoiZllhempTWE9wSGY1c2tEQlJzOFNvcnFsVEhwR2ppWHQifQ==','2020-07-14 22:31:47.234496'),('y9gv71t8ba8zzm1m3ks7l60164pohv5w','ZTcyM2NjZDRlNzk5YmVhYmMzZjlkNmYwNDk4NWIwZmY3ZWUwZWYwNDp7Im5leHQiOiIvYWRtaW4vbG9naW4vP25leHQ9L2FkbWluLyIsImF1dGgwX3N0YXRlIjoiUEhZVjJUUXVnd0ZjZ3lZaGljZ3ZiY0RUSUJXMHpXZm4iLCJfYXV0aF91c2VyX2lkIjoiMyIsIl9hdXRoX3VzZXJfYmFja2VuZCI6ImRvbmF0aW9uLmF1dGhlbnRpY2F0aW9uLmF1dGgwLkF1dGgwIiwiX2F1dGhfdXNlcl9oYXNoIjoiZTJlMDVhMTdjNWUyYjNkNzQzNDRlY2Y4M2ViNzhmZmZjMDRkZWM5MCIsInNvY2lhbF9hdXRoX2xhc3RfbG9naW5fYmFja2VuZCI6ImF1dGgwIn0=','2020-08-08 12:03:07.728378'),('yv1z752hrvjtexsi71bku8hjv1we8f9y','ZTM5YzBkNzBlZjNkY2YxNWI2ZjlkOTJlOGZjMjZjOTY0Mzk0YTI2MTp7Im5leHQiOiIvYWRtaW4vbG9naW4vP25leHQ9L2FkbWluL2RvbmF0aW9uL2Rvbm9yLyUzRmFsbCUzRCIsImF1dGgwX3N0YXRlIjoiaHpUckJXRjVzVEppS1NCZ0NDZnJHUXVxVzdqOXZkOHkiLCJfYXV0aF91c2VyX2lkIjoiMjMiLCJfYXV0aF91c2VyX2JhY2tlbmQiOiJkb25hdGlvbi5hdXRoZW50aWNhdGlvbi5hdXRoMC5BdXRoMCIsIl9hdXRoX3VzZXJfaGFzaCI6ImNiYjU4N2ExNTYzMTMyN2E1OGVkMDU5ZTNkMDQ0NDcwNmNjNjE0YzUiLCJzb2NpYWxfYXV0aF9sYXN0X2xvZ2luX2JhY2tlbmQiOiJhdXRoMCJ9','2021-02-11 10:30:12.997555'),('zfftz0ry1cmy429gdj856d2vct02ieyb','OTU3Y2U2MjExNzlmYjlkZTg0ZmRkOTNkYTM3ZmQ0ODdmZTI5MDI0NTp7Im5leHQiOiIvYWRtaW4vbG9naW4vP25leHQ9L2FkbWluL2Rhc2hib2FyZC9ib2FyZC8iLCJhdXRoMF9zdGF0ZSI6IlJUYTQyUlVDek83dGlZNzNuWlkwRnlZOUl5NUR5NEVUIn0=','2021-04-25 22:24:02.523480'),('ztrodapnbaritvyg980qyhsvxruzqfiz','MWNhZTJhZGRhMTkyM2U3NTNiNGYxNGIzMzMxYzBkZDMxMDU4YjM5ZTp7Im5leHQiOiIvYWRtaW4vbG9naW4vP25leHQ9L2FkbWluL2Rhc2hib2FyZC9ib2FyZC8iLCJhdXRoMF9zdGF0ZSI6ImM5RDZPc1NIVWhrekpUV2lTRExIVklDS0F0OTRjRjRJIiwiX2F1dGhfdXNlcl9pZCI6IjMiLCJfYXV0aF91c2VyX2JhY2tlbmQiOiJkb25hdGlvbi5hdXRoZW50aWNhdGlvbi5hdXRoMC5BdXRoMCIsIl9hdXRoX3VzZXJfaGFzaCI6ImUyZTA1YTE3YzVlMmIzZDc0MzQ0ZWNmODNlYjc4ZmZmYzA0ZGVjOTAiLCJzb2NpYWxfYXV0aF9sYXN0X2xvZ2luX2JhY2tlbmQiOiJhdXRoMCJ9','2021-03-15 09:32:41.700176'),('zu7p34cfnthyulltjsqafc1klccriln5','ODUwNzhkNmUyODA1NTI1OGI0ZGZmN2U1MGExZGUzMGU4MmQ3NWRhMTp7Im5leHQiOiIvYWRtaW4vbG9naW4vP25leHQ9L2FkbWluL2Rhc2hib2FyZC9ib2FyZC8iLCJhdXRoMF9zdGF0ZSI6IlBDU3JoeWxYazFrU0ZWaE04VDMyc05iUnZEQ0xHQjF5IiwiX2F1dGhfdXNlcl9pZCI6IjciLCJfYXV0aF91c2VyX2JhY2tlbmQiOiJkb25hdGlvbi5hdXRoZW50aWNhdGlvbi5hdXRoMC5BdXRoMCIsIl9hdXRoX3VzZXJfaGFzaCI6IjJkZjIxZThhZjliNDUxM2VjNzc4OWFhNjNlZjhmODNkMDg1NmVhYmYiLCJzb2NpYWxfYXV0aF9sYXN0X2xvZ2luX2JhY2tlbmQiOiJhdXRoMCJ9','2020-10-16 17:59:00.881284');
/*!40000 ALTER TABLE `django_session` ENABLE KEYS */;
UNLOCK TABLES;

--
-- Table structure for table `donation_address`
--

DROP TABLE IF EXISTS `donation_address`;
/*!40101 SET @saved_cs_client     = @@character_set_client */;
/*!40101 SET character_set_client = utf8 */;
CREATE TABLE `donation_address` (
  `id` int(11) NOT NULL AUTO_INCREMENT,
  `street1` longtext,
  `street2` longtext,
  `city` longtext,
  `state` longtext,
  `country` longtext NOT NULL,
  `postal_code` longtext,
  PRIMARY KEY (`id`)
) ENGINE=InnoDB AUTO_INCREMENT=88 DEFAULT CHARSET=utf8;
/*!40101 SET character_set_client = @saved_cs_client */;

--
-- Dumping data for table `donation_address`
--

LOCK TABLES `donation_address` WRITE;
/*!40000 ALTER TABLE `donation_address` DISABLE KEYS */;
INSERT INTO `donation_address` VALUES (1,'1, Unity close, off disu dosunmu, isheri-oshun','',NULL,NULL,'Nigeria',NULL),(2,'1, Unity close, off disu dosunmu, isheri-oshun','',NULL,NULL,'Nigeria',NULL),(3,'test','test',NULL,NULL,'Canada',NULL),(4,'242 Morning Glory Drive','Monroe',NULL,NULL,'United States',NULL),(5,NULL,NULL,NULL,NULL,'United Kingdom','E14 0LL'),(6,NULL,NULL,NULL,NULL,'Nigeria','100281'),(7,NULL,NULL,NULL,NULL,'United Kingdom','E14 0LL'),(8,NULL,NULL,NULL,NULL,'United States','08831'),(9,NULL,NULL,NULL,NULL,'United States','90045'),(10,'PO Box 22222','',NULL,NULL,'United States',NULL),(11,'1516 VIA ASTURIAS','PVE',NULL,NULL,'United States',NULL),(12,'5605 Carey Pl','',NULL,NULL,'United States',NULL),(13,'3870 Hemmingway Drive, Okemos 48864','',NULL,NULL,'United States',NULL),(14,'14215 Enzo Ct','Enzo, CA 92223',NULL,NULL,'United States',NULL),(15,'1707 south stafford street, Arlington ','',NULL,NULL,'United States',NULL),(16,'23851 Albers Street','',NULL,NULL,'United States',NULL),(17,'5180 Opici Ct','',NULL,NULL,'United States',NULL),(18,'16443 Red Willow St.','',NULL,NULL,'United States',NULL),(19,'17115 Bolinger Canyon Dr San Ramon Ca','Suite A442',NULL,NULL,'United States',NULL),(20,'test','',NULL,NULL,'United States',NULL),(21,'13972 Bradbury Way','',NULL,'California','United States','91739'),(22,'P. O. Box 55430','Managing Partner',NULL,'CA','Nigeria','92517'),(23,'177 Edgeware Ct','San Ramon',NULL,'California','United States','94607'),(24,'399 Pleasant Street','Unit D',NULL,'Boston Massachusetts ','United States','02072'),(25,'31 Boehm Way','',NULL,'Hillsborough','United States','08844'),(26,'496 Adebola Akhinyemi Afun street ','Omole phase 2',NULL,'Lagos ','Nigeria','100212'),(27,'7306 Doddington ct','',NULL,'Laurel','United States','20707'),(28,'Donovan','',NULL,'Alex','United States','22304'),(29,'1451 S Irena Ave','',NULL,'Redondo Beach','United States','90277'),(30,'128 so Durand pl. Apt B3','',NULL,'NJ','United States','07111'),(31,'469 Mystic Street','',NULL,'Arlington , MA','United States','02474'),(32,'7 grey wethers','',NULL,'Maidstone ','United Kingdom','ME14 3DW'),(33,'10638 Stonebridge Boulevard','',NULL,'Florida','United States','33498'),(34,'6 Gnassingbe Eyadema street ','Asokoro',NULL,'FCT','Nigeria','900231'),(35,'300 East Evans Street','Apt L146',NULL,'West Chester','United States','19380'),(36,'2513 Fairway Dr Sw','',NULL,'ROANOKE, VA','United States','24015'),(37,'3691 Powderhorn Dr','',NULL,'Okemos','United States','48864'),(38,'23175 Sutton Drive','',NULL,'Michigan','United States','48033'),(39,'16275 Edwards Avenue','',NULL,'Southfield','United States','48076'),(40,'FLAT 14','STREET F8 CITEC MBORA',NULL,'OTHER','Nigeria','234'),(41,'3470 Dobie Rd.','',NULL,'Michigan','United States','48864'),(42,'4431 Chouteau Avenue','Apt 1107',NULL,'MO','United States','63110'),(43,'7117 Manzanares Drive.','',NULL,'North Las Veags','United States','89084'),(44,'2767 Georgetown Blvd','',NULL,'Michigan','United States','48105'),(45,'5209 au chocolat drive ','',NULL,'Bakersfield, CA','United States','93311'),(46,'213 Wagner Road','',NULL,'Morgantown','United States','26501'),(47,'1778 ala moana blvd','',NULL,'Honolulu, hi','United States','96815'),(48,'1534 Woodburn Ave','',NULL,'Covington ','United States','41011'),(49,'2332 HASLETT RD','',NULL,'MI','United States','48895'),(50,'13551 Mayflower Street ','',NULL,'Victorville, CA','United States','92392'),(51,'2519 Martina drive apt 12','',NULL,'Michigan','United States','48842'),(52,'1300 N St NW','117',NULL,'DC','United States','20005'),(53,'16275 Edwards Ave','',NULL,'Southfield, Mi','United States','48076'),(54,'wihwihe','ihihih',NULL,'Manhattan','United States','10012'),(55,'1413 Bear Run Drive','',NULL,'Pittsburgh ','United States','15237'),(56,'305 bel air dr. ','',NULL,'Glenview','United States','60025'),(57,'4313 Agliano Ter','',NULL,'Summerfield, NC','United States','27358'),(58,'5B, 45 Royal Palm Drive, Osborne Foreshore 2, Ikoyi','',NULL,'Lagos','Nigeria','100232'),(59,'24 hornsilver pl','',NULL,'The woodlands','United States','77381'),(60,'5 E 14th Pl','908',NULL,'Chicago','United States','60605'),(61,'18416 W Montebello Avenue ','',NULL,'AZ/ Litchfield Park ','United States','85340'),(62,'500 East Marylyn Avenue','Foxdale Cottage I - 141',NULL,'PA','United States','16801'),(63,'4644 Morse Ave ','',NULL,'Sherman Oaks  CA','United States','91423'),(64,'10a Insignia Point','',NULL,'london','United Kingdom','e20 1JG'),(65,'5005 River Ridge Drive','',NULL,'MI','United States','48917'),(66,'4605 Wellington Drive','',NULL,'Okemos','United States Minor Outlying Islands','48864'),(67,'127 S. Shadow Pines Rd','',NULL,'CA','United States','92869'),(68,'3870 Hemmingway Drive','',NULL,'Okemos','United States','48864'),(69,'2087 Birch Bluff Dr','',NULL,'MI','United States','48864'),(70,'49 Griffeen Glen Wood ','Lucan ',NULL,'Dublin ','Ireland','K78NY03'),(71,'20518 Londelius street','',NULL,'Winnetka ','United States','91306'),(72,'19209 Julia Drive','',NULL,'NJ','United States','07885'),(73,'P.o.box 390415','',NULL,'Anza','United States','92539'),(74,'P.o.box 390415','P.o.box 390425',NULL,'Anza','United States','92539'),(75,'2903 Apple Seed Ct','',NULL,'TX','United States','77082'),(76,'1453 Fairbanks drive ','',NULL,'Hanover. Maryland ','United States','21076'),(77,'5811 BOWCROFT ST','Unit 2',NULL,'California','United States','90016-4942'),(78,'74600 old prospector trl ','',NULL,'Palm Desert, CA','United States','92260'),(79,'Adeniran Koko','23851 Albers street',NULL,'CA','United States','91367'),(80,'23851 Albers Street','',NULL,'CALIFORNIA','United States','91367'),(81,'2645 Lake Point Dr','Apt 1238',NULL,'Texas','United States','75050'),(82,'Flat 7 Boyce Court ','Newton Road ',NULL,'Torquay','United Kingdom','TQ2 7EW'),(83,'African Development Bank','Avenue Jean Paul, Plateau',NULL,'Abidjan','Cote D\'Ivoire','01BP1387'),(84,'African Development Bank','Avenue Jean Paul, Plateau',NULL,'Abidjan','Cote D\'Ivoire','01BP1387, Abidjan'),(85,'6m dennison drive','',NULL,'east windsor','United States','08520'),(86,'6039','Linda Vista Court',NULL,'CA','United States','91739'),(87,'Unilag Road','',NULL,'LAGOS','Nigeria','23401');
/*!40000 ALTER TABLE `donation_address` ENABLE KEYS */;
UNLOCK TABLES;

--
-- Table structure for table `donation_distributionschedule`
--

DROP TABLE IF EXISTS `donation_distributionschedule`;
/*!40101 SET @saved_cs_client     = @@character_set_client */;
/*!40101 SET character_set_client = utf8 */;
CREATE TABLE `donation_distributionschedule` (
  `id` int(11) NOT NULL AUTO_INCREMENT,
  `status` varchar(10) NOT NULL,
  `quantity` int(11) NOT NULL,
  `schedule_date` datetime(6) NOT NULL,
  `last_update_date` datetime(6) DEFAULT NULL,
  `project_id` int(11) NOT NULL,
  `comment` longtext,
  `assigned_users` longtext,
  `is_email_sent` tinyint(1),
  PRIMARY KEY (`id`),
  KEY `donation_distributio_project_id_c86ce1a0_fk_donation_` (`project_id`),
  CONSTRAINT `donation_distributio_project_id_c86ce1a0_fk_donation_` FOREIGN KEY (`project_id`) REFERENCES `donation_project` (`id`)
) ENGINE=InnoDB AUTO_INCREMENT=7 DEFAULT CHARSET=utf8;
/*!40101 SET character_set_client = @saved_cs_client */;

--
-- Dumping data for table `donation_distributionschedule`
--

LOCK TABLES `donation_distributionschedule` WRITE;
/*!40000 ALTER TABLE `donation_distributionschedule` DISABLE KEYS */;
INSERT INTO `donation_distributionschedule` VALUES (6,'2',1715,'2020-12-30 10:00:00.000000',NULL,17,'','',0);
/*!40000 ALTER TABLE `donation_distributionschedule` ENABLE KEYS */;
UNLOCK TABLES;

--
-- Table structure for table `donation_distributionupdate`
--

DROP TABLE IF EXISTS `donation_distributionupdate`;
/*!40101 SET @saved_cs_client     = @@character_set_client */;
/*!40101 SET character_set_client = utf8 */;
CREATE TABLE `donation_distributionupdate` (
  `id` int(11) NOT NULL AUTO_INCREMENT,
  `status` varchar(10) NOT NULL,
  `comment` longtext,
  `distribution_date` datetime(6) NOT NULL,
  `last_update_date` datetime(6) NOT NULL,
  `is_email_sent` tinyint(1) NOT NULL,
  `created_by_user_id` int(11) DEFAULT NULL,
  `distribution_schedule_id` int(11) NOT NULL,
  PRIMARY KEY (`id`),
  KEY `donation_distributio_created_by_user_id_d975c33c_fk_auth_user` (`created_by_user_id`),
  KEY `donation_distributio_distribution_schedul_a38c3651_fk_donation_` (`distribution_schedule_id`),
  CONSTRAINT `donation_distributio_created_by_user_id_d975c33c_fk_auth_user` FOREIGN KEY (`created_by_user_id`) REFERENCES `auth_user` (`id`),
  CONSTRAINT `donation_distributio_distribution_schedul_a38c3651_fk_donation_` FOREIGN KEY (`distribution_schedule_id`) REFERENCES `donation_distributionschedule` (`id`)
) ENGINE=InnoDB AUTO_INCREMENT=8 DEFAULT CHARSET=utf8;
/*!40101 SET character_set_client = @saved_cs_client */;

--
-- Dumping data for table `donation_distributionupdate`
--

LOCK TABLES `donation_distributionupdate` WRITE;
/*!40000 ALTER TABLE `donation_distributionupdate` DISABLE KEYS */;
INSERT INTO `donation_distributionupdate` VALUES (7,'2','<p>&nbsp;</p>\r\n<p>EDIT TO REFERENCE NAPAC&nbsp;</p>\r\n<p>&nbsp;</p>\r\n<p>NAPAC LINK FOr napac Members</p>\r\n<p>&nbsp;</p>\r\n<p>https://app.ssfosi.com/donate?organization=C51CE68&amp;project=Makoko</p>\r\n<p>To view pictures of the distribution in Makoko that occured on Wednesday, December 30, 2020 - please see the below link</p>\r\n<p>Link to pictures XXX<br />Link to video XXX&nbsp;</p>','2020-12-30 10:00:00.000000','2021-01-17 14:43:25.426245',1,NULL,6);
/*!40000 ALTER TABLE `donation_distributionupdate` ENABLE KEYS */;
UNLOCK TABLES;

--
-- Table structure for table `donation_donor`
--

DROP TABLE IF EXISTS `donation_donor`;
/*!40101 SET @saved_cs_client     = @@character_set_client */;
/*!40101 SET character_set_client = utf8 */;
CREATE TABLE `donation_donor` (
  `id` int(11) NOT NULL AUTO_INCREMENT,
  `email` longtext NOT NULL,
  `first_name` longtext NOT NULL,
  `country` longtext,
  `has_account` tinyint(1) NOT NULL,
  `organization_id` int(11) DEFAULT NULL,
  `address_id` int(11) DEFAULT NULL,
  `last_name` longtext NOT NULL,
  `phone_number` longtext,
  `user_id` longtext,
  `created_date` datetime(6),
  PRIMARY KEY (`id`),
  KEY `donation_donor_address_id_8c8c69bd_fk_donation_address_id` (`address_id`),
  KEY `donation_donor_organization_id_faa4fb3f_fk_donation_` (`organization_id`),
  CONSTRAINT `donation_donor_address_id_8c8c69bd_fk_donation_address_id` FOREIGN KEY (`address_id`) REFERENCES `donation_address` (`id`),
  CONSTRAINT `donation_donor_organization_id_faa4fb3f_fk_donation_` FOREIGN KEY (`organization_id`) REFERENCES `donation_organization` (`id`)
) ENGINE=InnoDB AUTO_INCREMENT=87 DEFAULT CHARSET=utf8;
/*!40101 SET character_set_client = @saved_cs_client */;

--
-- Dumping data for table `donation_donor`
--

LOCK TABLES `donation_donor` WRITE;
/*!40000 ALTER TABLE `donation_donor` DISABLE KEYS */;
INSERT INTO `donation_donor` VALUES (1,'projectfosrar@gmail.com','Project','United States',1,NULL,NULL,'SS FOSI','+2349038894404',NULL,'2020-07-24 04:36:23.227865'),(2,'ahmed.opeyemi@live.com','ahmed.opeyemi','United Kingdom',1,NULL,NULL,'',NULL,NULL,'2020-07-24 04:36:23.227865'),(3,'ahmed.opeyemi@gmail.com','Abdul-Majeed Ahmed','United Kingdom',0,2,1,'',NULL,NULL,'2020-07-24 04:36:23.227865'),(5,'ayobami@ayobamiadewole.com','Ayobami Adewole','Canada',0,5,3,'',NULL,NULL,'2020-07-24 04:36:23.227865'),(6,'majeed.acct.ahmed@gmail.com','Majeed Accounts','United Kingdom',1,NULL,NULL,'Ahmed',NULL,'google-oauth2|111149806626102261160','2020-07-24 04:36:23.227865'),(7,'ayoanibaba@gmail.com','Ayo Anibaba','United States',0,5,4,'',NULL,NULL,'2020-07-25 10:46:21.652626'),(8,'ayobami@programmer.net','ayobami','Canada',1,NULL,NULL,'',NULL,'auth0|5f33636a5db78700372387a9','2020-08-12 03:35:08.403185'),(9,'corbih@gmail.com','C O','United States',0,2,10,'',NULL,NULL,'2020-11-08 17:38:59.963426'),(10,'larafuja@yahoo.com','LARA OKUNUBI','United States',0,5,11,'',NULL,NULL,'2020-11-14 02:28:22.791474'),(11,'sales@jacootravel.com','Charles Orbih','United States',0,5,12,'',NULL,NULL,'2020-11-28 17:25:53.019233'),(12,'sojiadelaja@gmail.com','5175467150462769','Nigeria',0,5,13,'',NULL,NULL,'2020-11-28 17:52:06.499183'),(13,'adohertyk@gmail.com','ABIOLA DOHERTY','United States',0,5,14,'',NULL,NULL,'2020-11-28 17:59:17.925058'),(14,'ifyyaya@yahoo.com','oluwadamilare Oshobajo','United States',0,5,15,'',NULL,NULL,'2020-11-28 18:00:24.525510'),(15,'adeniran.s.koko@QuestDiagnostics.com','Adeniran Koko','United States',0,5,16,'',NULL,NULL,'2020-11-28 18:00:58.155285'),(16,'ademolaesq@gmail.com','Ademola Okusanya','United States',0,5,17,'',NULL,NULL,'2020-11-28 18:05:31.070265'),(17,'AOKUS001@GMAIL.COM','Ayodeji Okusanya','United States',0,5,18,'',NULL,NULL,'2020-12-02 04:59:26.425349'),(18,'taye.doherty@gmail.com','Taye Doherty','United States',0,5,19,'',NULL,NULL,'2020-12-06 18:38:37.171006'),(19,'Test@test.com','Test','Canada',0,5,20,'',NULL,NULL,'2020-12-06 20:20:02.595130'),(20,'info@humanenterprises.org','Charles','United States',0,5,21,'Onunkwo',NULL,NULL,'2020-12-12 04:30:39.356928'),(21,'toyin@capvestgroup.com','Toyin','Nigeria',0,5,22,'Dawodu',NULL,NULL,'2020-12-18 22:06:00.699098'),(22,'taye.doherty@wpurcell.com','Taye','United States',0,5,23,'Doherty',NULL,NULL,'2020-12-22 22:18:12.002256'),(23,'aaayobiojo@msn.com','Adesola','United States',0,5,24,'Ayobiojo',NULL,NULL,'2021-01-17 17:13:31.039759'),(24,'ademolaolukoya@hotmail.com','Ademola','United States',0,5,25,'Olukoya',NULL,NULL,'2021-02-11 01:38:56.525467'),(25,'jadelaja@yahoo.com','Jide ','Nigeria',0,5,26,'Adelaja',NULL,NULL,'2021-02-11 07:38:28.836541'),(26,'abiola.ekisola@gmail.com','Florence ','United States',0,5,27,'Ekisola',NULL,NULL,'2021-02-14 17:18:46.865935'),(27,'rrsafrica@hotmail.com','RR','United States',0,5,28,'Sanders',NULL,NULL,'2021-02-16 01:44:42.130771'),(28,'gerrynicks@gmail.com','Gerry','United States',0,5,29,'Nicks',NULL,NULL,'2021-02-16 06:09:36.253724'),(29,'awojobiolasimbo123@gmail.com','Olasimbo','United States',0,5,30,'Awojobi',NULL,NULL,'2021-02-16 18:52:13.015811'),(30,'tuaklij@gmail.com','Juliette ','United States',0,5,31,'TUAKLI ',NULL,NULL,'2021-02-16 21:16:30.329979'),(31,'yemdy@aol.com','Adeyemi','United Kingdom',0,5,32,'Demuren',NULL,NULL,'2021-02-17 01:02:55.273541'),(32,'jsfrankel@ideasforactionllc.com','Jean ','United States',0,5,33,'Frankel',NULL,NULL,'2021-02-17 22:19:38.024924'),(33,'s-dikko@hotmail.co.uk','Said ','United Kingdom',0,5,34,'Dikko',NULL,NULL,'2021-02-20 14:57:12.588072'),(34,'Bsanders335@gmail.com','Brian','United States',0,NULL,35,'Sanders',NULL,NULL,'2021-02-20 14:59:12.141005'),(35,'s.vistarak@gmail.com','Sanjeev ','United States',0,NULL,36,'Vistarakula ',NULL,NULL,'2021-02-20 15:05:47.142724'),(36,'chris.surline@gmail.com','Chris','United States',0,NULL,37,'Surline',NULL,NULL,'2021-02-20 17:10:02.239539'),(37,'eteyen01@gmail.com','Bernard','United States',0,5,38,'Duke',NULL,NULL,'2021-02-20 17:44:10.153597'),(38,'bunmi_olaleye@yahoo.com','Oluwabunmi ','United States',0,5,39,'Olaleye',NULL,NULL,'2021-02-20 17:52:12.635878'),(39,'hilarydaudu@gmail.com','HILARY','Nigeria',0,5,40,'DAUDU',NULL,NULL,'2021-02-20 18:01:46.930078'),(40,'nick12johnston@gmail.com','Nicholas','United States',0,5,41,'Johnston',NULL,NULL,'2021-02-20 18:10:18.257482'),(41,'monisolav@gmail.com','Monisola','United States',0,5,42,'Vaughan',NULL,NULL,'2021-02-20 18:33:54.340059'),(42,'chillypond@peoplepc.com','Ekundayo','United States',0,5,43,'Adelaja',NULL,NULL,'2021-02-20 18:37:26.429572'),(43,'kadefeso@gmail.com','Olukayode','United States',0,5,44,'Adefeso',NULL,NULL,'2021-02-20 18:50:48.498070'),(44,'michiekan@yahoo.com','Nyakundi','United States',0,5,45,'Michieka',NULL,NULL,'2021-02-20 19:06:02.326614'),(45,'cbhawley@mail.wvu.edu','Clifford','United States',0,5,46,'Hawley',NULL,NULL,'2021-02-20 19:17:39.782295'),(46,'slarsen@usa.com','Sam','United States',0,NULL,47,'Larsen',NULL,NULL,'2021-02-20 19:31:28.791423'),(47,'ap@gmail.com','Adam ','United States',0,NULL,48,'Powell',NULL,NULL,'2021-02-20 19:37:15.402747'),(48,'weatherspoon9@gmail.com','Dave','United States',0,5,49,'Weatherspoon',NULL,NULL,'2021-02-20 20:18:10.427410'),(49,'ronkeogunleye@gmail.com','Oluronke ','United States',0,5,50,'Ogunleye',NULL,NULL,'2021-02-20 20:30:09.523466'),(50,'justinkgk@gmail.com','Justin','United States',0,5,51,'George',NULL,NULL,'2021-02-20 21:39:13.287728'),(51,'jcdbogle@gmail.com','John','United States',0,NULL,52,'Bogle',NULL,NULL,'2021-02-20 23:38:29.288899'),(52,'olajuwon.olaleye@gmail.com','Olajuwon','United States',0,5,53,'Olaleye',NULL,NULL,'2021-02-20 23:49:54.394228'),(53,'paocl@hotmail.com','ihqih','United States',0,5,54,'ihihiho',NULL,NULL,'2021-02-21 01:45:14.037621'),(54,'ejohnson012191@yahoo.com','Erica','United States',0,NULL,55,'Johnson',NULL,NULL,'2021-02-21 03:56:01.290919'),(55,'heenaladh@gmail.com','Heena','United States',0,NULL,56,'Ladhani',NULL,NULL,'2021-02-21 06:24:11.870469'),(56,'fexodap@gmail.com','Oladapo ','United States',0,5,57,'Adefeso ',NULL,NULL,'2021-02-21 07:19:13.346049'),(57,'olubunmi@gmail.com','Olubunmi ','United States',0,5,58,'Akinyemiju ',NULL,NULL,'2021-02-21 12:48:02.829704'),(58,'bunmi.akinyemiju@enlivensoftware.com','Bunmi and Kunmi','United States',0,5,59,'Akinyemiju',NULL,NULL,'2021-02-21 13:07:21.919745'),(59,'badelaja@gmail.com','Ben','United States',0,NULL,60,'Adelaja',NULL,NULL,'2021-02-21 17:08:03.985576'),(60,'Odumosu3@gmail.com','Oladapo ','United States',0,5,61,'Odumosu ',NULL,NULL,'2021-02-22 02:50:41.583250'),(61,'dcb8@psu.edu','David','United States',0,5,62,'Beppler',NULL,NULL,'2021-02-23 20:50:58.470734'),(62,'kunsko@yahoo.com','DAVID ADEKUNLE ','United States',0,5,63,'OGUNNAIKE',NULL,NULL,'2021-02-24 00:08:34.777487'),(63,'samuel.adelaja1@gmail.com','Samuel','United Kingdom',0,5,64,'Adelaja',NULL,NULL,'2021-02-24 09:20:01.952018'),(64,'yeboahfelix@gmail.com','Kwame ','United States',0,5,65,'Yeboah',NULL,NULL,'2021-02-26 20:55:43.016270'),(65,'effiong.chinwe@gmail.com','Chinwe','United States',0,NULL,66,'Effiong',NULL,NULL,'2021-02-28 05:25:22.076276'),(66,'wallybaka@yahoo.com','Wole','United States',0,5,67,'Bakare',NULL,NULL,'2021-02-28 21:03:17.460956'),(67,'taiadelaja@hotmail.com','Taiwo','United States',0,5,68,'Adelaja',NULL,NULL,'2021-03-01 01:31:11.258739'),(68,'awokuset@msu.edu','Titus','United States',0,5,69,'Awokuse',NULL,NULL,'2021-03-01 16:39:17.533336'),(69,'laraarokodare.kadeba@gmail.com','Margaret Omolara','Ireland',0,5,70,'Kadeba',NULL,NULL,'2021-03-04 18:57:01.182455'),(70,'alvovich19@gmail.com','Alla','United States',0,5,71,'Lvovich',NULL,NULL,'2021-03-06 16:28:46.732917'),(71,'biggo4u@hotmail.com','Osei','United States',0,5,72,'Charles',NULL,NULL,'2021-03-06 19:34:38.407016'),(72,'sojiakanwo@gmail.com','Soji','United States',0,5,73,'Akanwo',NULL,NULL,'2021-03-06 20:57:23.631340'),(73,'sojiakanwo@yahoo.com','Soji','United States',0,5,74,'Akanwo',NULL,NULL,'2021-03-06 21:03:43.923959'),(74,'alakiu@gmail.com','HAKEEM','United States',0,5,75,'ALAKIU',NULL,NULL,'2021-03-06 21:45:51.423208'),(75,'abiodun.savage@gmail.com','Biodun ','United States',0,5,76,'Savage',NULL,NULL,'2021-03-07 02:50:41.769681'),(76,'tallest50@yahoo.com','Chigozie','United States',0,5,77,'Okay Okeke',NULL,NULL,'2021-03-07 19:54:37.328213'),(77,'yyomilana@gmail.com','Yetunde','United States',0,5,78,'Omilana',NULL,NULL,'2021-03-07 20:46:24.643022'),(78,'nirankoko@yahoo.com','Adeniran','United States',0,5,79,'Koko',NULL,NULL,'2021-03-07 20:53:24.783498'),(79,'jalade@structuracasa.com','Babajide','United States',0,5,80,'Alade',NULL,NULL,'2021-03-08 00:03:15.298488'),(80,'deejaykool20@yahoo.com','Ayodeji ','United States',0,5,81,'Olawunmi',NULL,NULL,'2021-03-09 10:17:10.434518'),(81,'ebunkadeba@gmail.com','Ebun ','United Kingdom',0,5,82,'Kadeba',NULL,NULL,'2021-03-12 19:23:49.538649'),(82,'gradesina13@gmail.com','Akinwumi','Cote D\'Ivoire',0,5,83,'Adesina',NULL,NULL,'2021-03-21 19:13:49.357252'),(83,'gradesina@yahoo.com','Akinwumi','Cote D\'Ivoire',0,5,84,'Adesina',NULL,NULL,'2021-03-21 19:32:08.418109'),(84,'okamson@gmail.com','olatunji','United States',0,5,85,'kamson',NULL,NULL,'2021-03-22 00:01:07.511200'),(85,'SAkanwo@aol.com','Olabisi','United States',0,5,86,'Akanwo',NULL,NULL,'2021-03-29 04:13:37.819604'),(86,'test@gmail.com','Ade','Nigeria',0,NULL,87,'Yinka',NULL,NULL,'2021-04-25 18:53:23.672989');
/*!40000 ALTER TABLE `donation_donor` ENABLE KEYS */;
UNLOCK TABLES;

--
-- Table structure for table `donation_donorreminder`
--

DROP TABLE IF EXISTS `donation_donorreminder`;
/*!40101 SET @saved_cs_client     = @@character_set_client */;
/*!40101 SET character_set_client = utf8 */;
CREATE TABLE `donation_donorreminder` (
  `id` int(11) NOT NULL AUTO_INCREMENT,
  `email` longtext NOT NULL,
  `is_sent` tinyint(1) NOT NULL,
  `added_date` datetime(6) DEFAULT NULL,
  `reminder_date` datetime(6) DEFAULT NULL,
  PRIMARY KEY (`id`)
) ENGINE=InnoDB AUTO_INCREMENT=5 DEFAULT CHARSET=utf8;
/*!40101 SET character_set_client = @saved_cs_client */;

--
-- Dumping data for table `donation_donorreminder`
--

LOCK TABLES `donation_donorreminder` WRITE;
/*!40000 ALTER TABLE `donation_donorreminder` DISABLE KEYS */;
INSERT INTO `donation_donorreminder` VALUES (1,'ahmed.opeyemi@gmail.com',1,'2020-07-07 02:04:22.769972','2020-07-19 23:00:01.013906'),(2,'test@example.com',1,'2020-07-07 02:44:45.452037','2020-07-19 23:00:01.013906'),(3,'ayoanibaba@gmail.com',1,'2020-07-07 11:09:05.736637','2020-07-19 23:00:01.013906'),(4,'ahmed.opeyemi@live.com',1,'2020-07-19 15:24:34.661142','2020-07-22 23:00:00.546442');
/*!40000 ALTER TABLE `donation_donorreminder` ENABLE KEYS */;
UNLOCK TABLES;

--
-- Table structure for table `donation_organization`
--

DROP TABLE IF EXISTS `donation_organization`;
/*!40101 SET @saved_cs_client     = @@character_set_client */;
/*!40101 SET character_set_client = utf8 */;
CREATE TABLE `donation_organization` (
  `id` int(11) NOT NULL AUTO_INCREMENT,
  `name` longtext NOT NULL,
  `email` longtext NOT NULL,
  `code` longtext NOT NULL,
  `website` longtext NOT NULL,
  `created_date` datetime(6) NOT NULL,
  `address_id` int(11) DEFAULT NULL,
  `phone_number` longtext,
  `is_approved` tinyint(1) NOT NULL,
  PRIMARY KEY (`id`),
  KEY `donation_organization_address_id_a398cc77_fk_donation_address_id` (`address_id`),
  CONSTRAINT `donation_organization_address_id_a398cc77_fk_donation_address_id` FOREIGN KEY (`address_id`) REFERENCES `donation_address` (`id`)
) ENGINE=InnoDB AUTO_INCREMENT=6 DEFAULT CHARSET=utf8;
/*!40101 SET character_set_client = @saved_cs_client */;

--
-- Dumping data for table `donation_organization`
--

LOCK TABLES `donation_organization` WRITE;
/*!40000 ALTER TABLE `donation_organization` DISABLE KEYS */;
INSERT INTO `donation_organization` VALUES (1,'Outrun Connect','support@outrunconnect.io','CA2F53A','www.outrunconnect.io','2020-07-26 20:21:44.178492',5,NULL,0),(2,'Sweet Sensation','info@sweetsensation.ng','85C51BE','www.sweetsensation.ng','2020-07-26 22:51:16.322177',6,NULL,1),(3,'Sweet Sensation New','ss@example.com','633DC42','sweetsensation.ng','2020-08-02 13:12:30.213334',7,NULL,0),(4,'Test','ayoanibaba@gmail.com','27F1480','www.test.com','2020-08-17 10:59:19.636769',8,NULL,0),(5,'NAPAC Foundation','ahmed@techpace.io','C51CE68','www.napacfdn.org','2020-11-06 17:34:21.223245',9,NULL,1);
/*!40000 ALTER TABLE `donation_organization` ENABLE KEYS */;
UNLOCK TABLES;

--
-- Table structure for table `donation_payment`
--

DROP TABLE IF EXISTS `donation_payment`;
/*!40101 SET @saved_cs_client     = @@character_set_client */;
/*!40101 SET character_set_client = utf8 */;
CREATE TABLE `donation_payment` (
  `id` int(11) NOT NULL AUTO_INCREMENT,
  `reference` longtext NOT NULL,
  `currency` longtext NOT NULL,
  `amount` decimal(14,2) NOT NULL,
  `status` varchar(10) NOT NULL,
  `comment` longtext,
  `created_date` datetime(6) NOT NULL,
  `last_update_date` datetime(6) DEFAULT NULL,
  `donor_id` int(11) NOT NULL,
  `project_id` int(11) NOT NULL,
  `client_response` json DEFAULT NULL,
  `recurring_payment_id` int(11) DEFAULT NULL,
  `verification_response` longtext,
  `verification_mail_sent` tinyint(1) NOT NULL,
  `distribution_mail_sent` tinyint(1) NOT NULL,
  `payment_provider` longtext,
  PRIMARY KEY (`id`),
  KEY `donation_payment_donor_id_560c7deb_fk_donation_donor_id` (`donor_id`),
  KEY `donation_payment_project_id_000383c4_fk_donation_project_id` (`project_id`),
  KEY `donation_payment_recurring_payment_id_b88195cc_fk_donation_` (`recurring_payment_id`),
  CONSTRAINT `donation_payment_donor_id_560c7deb_fk_donation_donor_id` FOREIGN KEY (`donor_id`) REFERENCES `donation_donor` (`id`),
  CONSTRAINT `donation_payment_project_id_000383c4_fk_donation_project_id` FOREIGN KEY (`project_id`) REFERENCES `donation_project` (`id`),
  CONSTRAINT `donation_payment_recurring_payment_id_b88195cc_fk_donation_` FOREIGN KEY (`recurring_payment_id`) REFERENCES `donation_recurringpayment` (`id`)
) ENGINE=InnoDB AUTO_INCREMENT=252 DEFAULT CHARSET=utf8;
/*!40101 SET character_set_client = @saved_cs_client */;

--
-- Dumping data for table `donation_payment`
--

LOCK TABLES `donation_payment` WRITE;
/*!40000 ALTER TABLE `donation_payment` DISABLE KEYS */;
INSERT INTO `donation_payment` VALUES (56,'POA4AA1E50C','USD',10.00,'1',NULL,'2020-08-12 22:32:53.698710','2020-08-12 22:33:36.000000',3,17,'\"{\\\"reference\\\":\\\"POA4AA1E50C\\\",\\\"trans\\\":\\\"775212992\\\",\\\"status\\\":\\\"success\\\",\\\"message\\\":\\\"Approved\\\",\\\"transaction\\\":\\\"775212992\\\",\\\"trxref\\\":\\\"POA4AA1E50C\\\"}\"',NULL,'{\"id\": 775212992, \"domain\": \"live\", \"status\": \"success\", \"reference\": \"POA4AA1E50C\", \"amount\": 1000, \"message\": \"\", \"gateway_response\": \"Approved\", \"paid_at\": \"2020-08-12T22:33:35.000Z\", \"created_at\": \"2020-08-12T22:32:55.000Z\", \"channel\": \"card\", \"currency\": \"USD\", \"ip_address\": \"89.36.65.236\", \"metadata\": {\"referrer\": \"https://app.ssfosi.com/donate\"}, \"log\": {\"start_time\": 1597271575, \"time_spent\": 40, \"attempts\": 1, \"authentication\": \"3DS\", \"errors\": 0, \"success\": true, \"mobile\": false, \"input\": [], \"history\": [{\"type\": \"input\", \"message\": \"Filled this field: card number\", \"time\": 7}, {\"type\": \"input\", \"message\": \"Changed this field: card number\", \"time\": 7}, {\"type\": \"input\", \"message\": \"Filled this field: card expiry\", \"time\": 8}, {\"type\": \"input\", \"message\": \"Filled this field: card cvv\", \"time\": 13}, {\"type\": \"action\", \"message\": \"Attempted to pay with card\", \"time\": 13}, {\"type\": \"auth\", \"message\": \"Authentication Required: 3DS\", \"time\": 14}, {\"type\": \"action\", \"message\": \"Third-party authentication window opened\", \"time\": 18}, {\"type\": \"success\", \"message\": \"Successfully paid with card\", \"time\": 40}]}, \"fees\": 39, \"fees_split\": null, \"authorization\": {\"authorization_code\": \"AUTH_7ej2u8fbls\", \"bin\": \"537434\", \"last4\": \"5418\", \"exp_month\": \"01\", \"exp_year\": \"2022\", \"channel\": \"card\", \"card_type\": \"mastercard \", \"bank\": \"\", \"country_code\": \"\", \"brand\": \"mastercard\", \"reusable\": true, \"signature\": \"SIG_UYIcMbpIDod4TXFED9YJ\", \"account_name\": null, \"receiver_bank_account_number\": null, \"receiver_bank\": null}, \"customer\": {\"id\": 28205512, \"first_name\": \"ABDUL-MAJEED OPEYEMI AHMED\", \"last_name\": \"\", \"email\": \"ahmed.opeyemi@gmail.com\", \"customer_code\": \"CUS_knombc9rvf8fjtd\", \"phone\": \"\", \"metadata\": null, \"risk_action\": \"default\", \"international_format_phone\": null}, \"plan\": null, \"split\": {}, \"order_id\": null, \"paidAt\": \"2020-08-12T22:33:35.000Z\", \"createdAt\": \"2020-08-12T22:32:55.000Z\", \"requested_amount\": 1000, \"transaction_date\": \"2020-08-12T22:32:55.000Z\", \"plan_object\": {}, \"subaccount\": {}}',1,0,'paystack'),(57,'PO303753674','USD',5.00,'1',NULL,'2020-08-17 11:24:59.866355','2020-08-17 11:26:14.000000',3,17,'\"{\\\"reference\\\":\\\"PO303753674\\\",\\\"trans\\\":\\\"779867467\\\",\\\"status\\\":\\\"success\\\",\\\"message\\\":\\\"Approved\\\",\\\"transaction\\\":\\\"779867467\\\",\\\"trxref\\\":\\\"PO303753674\\\"}\"',NULL,'{\"id\": 779867467, \"domain\": \"live\", \"status\": \"success\", \"reference\": \"PO303753674\", \"amount\": 500, \"message\": \"\", \"gateway_response\": \"Approved\", \"paid_at\": \"2020-08-17T11:26:12.000Z\", \"created_at\": \"2020-08-17T11:25:01.000Z\", \"channel\": \"card\", \"currency\": \"USD\", \"ip_address\": \"3.9.159.61\", \"metadata\": {\"referrer\": \"https://app.ssfosi.com/donate\"}, \"log\": {\"start_time\": 1597663501, \"time_spent\": 73, \"attempts\": 1, \"authentication\": \"3DS\", \"errors\": 0, \"success\": true, \"mobile\": false, \"input\": [], \"history\": [{\"type\": \"input\", \"message\": \"Filled this field: card number\", \"time\": 38}, {\"type\": \"input\", \"message\": \"Filled this field: card expiry\", \"time\": 41}, {\"type\": \"input\", \"message\": \"Filled this field: card cvv\", \"time\": 46}, {\"type\": \"action\", \"message\": \"Attempted to pay with card\", \"time\": 47}, {\"type\": \"auth\", \"message\": \"Authentication Required: 3DS\", \"time\": 47}, {\"type\": \"action\", \"message\": \"Third-party authentication window opened\", \"time\": 49}, {\"type\": \"success\", \"message\": \"Successfully paid with card\", \"time\": 72}, {\"type\": \"action\", \"message\": \"Third-party authentication window closed\", \"time\": 73}]}, \"fees\": 20, \"fees_split\": null, \"authorization\": {\"authorization_code\": \"AUTH_032ljedt27\", \"bin\": \"537434\", \"last4\": \"5418\", \"exp_month\": \"01\", \"exp_year\": \"2022\", \"channel\": \"card\", \"card_type\": \"mastercard \", \"bank\": \"\", \"country_code\": \"\", \"brand\": \"mastercard\", \"reusable\": true, \"signature\": \"SIG_UYIcMbpIDod4TXFED9YJ\", \"account_name\": null, \"receiver_bank_account_number\": null, \"receiver_bank\": null}, \"customer\": {\"id\": 28205512, \"first_name\": \"ABDUL-MAJEED OPEYEMI AHMED\", \"last_name\": \"\", \"email\": \"ahmed.opeyemi@gmail.com\", \"customer_code\": \"CUS_knombc9rvf8fjtd\", \"phone\": \"\", \"metadata\": null, \"risk_action\": \"default\", \"international_format_phone\": null}, \"plan\": null, \"split\": {}, \"order_id\": null, \"paidAt\": \"2020-08-17T11:26:12.000Z\", \"createdAt\": \"2020-08-17T11:25:01.000Z\", \"requested_amount\": 500, \"transaction_date\": \"2020-08-17T11:25:01.000Z\", \"plan_object\": {}, \"subaccount\": {}}',1,0,'paystack'),(58,'PO0C54CE639','USD',10.00,'6',NULL,'2020-11-08 17:39:00.672275',NULL,9,1,'{}',NULL,'{}',1,0,'paystack'),(59,'PO17F1C16C4','USD',200.00,'6',NULL,'2020-11-14 02:28:23.421581',NULL,10,14,'{}',NULL,'{}',1,0,'paystack'),(60,'POB45272B87','USD',5.00,'2',NULL,'2020-11-28 17:25:53.042943',NULL,11,3,'{}',NULL,'{}',1,0,'paystack'),(61,'PO548ACCF4A','USD',10.00,'1',NULL,'2020-11-28 17:35:58.716742','2020-11-28 17:37:19.000000',3,17,'\"{\\\"reference\\\":\\\"PO548ACCF4A\\\",\\\"trans\\\":\\\"902454951\\\",\\\"status\\\":\\\"success\\\",\\\"message\\\":\\\"Approved\\\",\\\"transaction\\\":\\\"902454951\\\",\\\"trxref\\\":\\\"PO548ACCF4A\\\"}\"',NULL,'{\"id\": 902454951, \"domain\": \"live\", \"status\": \"success\", \"reference\": \"PO548ACCF4A\", \"amount\": 1000, \"message\": \"\", \"gateway_response\": \"Approved\", \"paid_at\": \"2020-11-28T17:37:16.000Z\", \"created_at\": \"2020-11-28T17:36:00.000Z\", \"channel\": \"card\", \"currency\": \"USD\", \"ip_address\": \"89.35.197.228\", \"metadata\": {\"referrer\": \"https://app.ssfosi.com/donate?organization=C51CE68\"}, \"log\": {\"start_time\": 1606584960, \"time_spent\": 78, \"attempts\": 1, \"authentication\": \"3DS\", \"errors\": 0, \"success\": true, \"mobile\": false, \"input\": [], \"history\": [{\"type\": \"input\", \"message\": \"Filled this field: card number\", \"time\": 5}, {\"type\": \"input\", \"message\": \"Filled this field: card expiry\", \"time\": 7}, {\"type\": \"input\", \"message\": \"Filled this field: card cvv\", \"time\": 18}, {\"type\": \"action\", \"message\": \"Attempted to pay with card\", \"time\": 18}, {\"type\": \"auth\", \"message\": \"Authentication Required: 3DS\", \"time\": 19}, {\"type\": \"action\", \"message\": \"Third-party authentication window opened\", \"time\": 28}, {\"type\": \"success\", \"message\": \"Successfully paid with card\", \"time\": 76}, {\"type\": \"action\", \"message\": \"Third-party authentication window closed\", \"time\": 78}]}, \"fees\": 39, \"fees_split\": null, \"authorization\": {\"authorization_code\": \"AUTH_8l720trytn\", \"bin\": \"537434\", \"last4\": \"5418\", \"exp_month\": \"01\", \"exp_year\": \"2022\", \"channel\": \"card\", \"card_type\": \"mastercard \", \"bank\": \"\", \"country_code\": \"\", \"brand\": \"mastercard\", \"reusable\": true, \"signature\": \"SIG_UYIcMbpIDod4TXFED9YJ\", \"account_name\": null, \"receiver_bank_account_number\": null, \"receiver_bank\": null}, \"customer\": {\"id\": 28205512, \"first_name\": \"ABDUL-MAJEED OPEYEMI AHMED\", \"last_name\": \"\", \"email\": \"ahmed.opeyemi@gmail.com\", \"customer_code\": \"CUS_knombc9rvf8fjtd\", \"phone\": \"\", \"metadata\": null, \"risk_action\": \"default\", \"international_format_phone\": null}, \"plan\": null, \"split\": {}, \"order_id\": null, \"paidAt\": \"2020-11-28T17:37:16.000Z\", \"createdAt\": \"2020-11-28T17:36:00.000Z\", \"requested_amount\": 1000, \"pos_transaction_data\": null, \"transaction_date\": \"2020-11-28T17:36:00.000Z\", \"plan_object\": {}, \"subaccount\": {}}',1,0,'paystack'),(62,'PODEA33DB8A','USD',200.00,'2',NULL,'2020-11-28 17:52:07.549904',NULL,12,1,'{}',NULL,'{}',1,0,'paystack'),(63,'PO8298C444C','USD',200.00,'1',NULL,'2020-11-28 17:54:40.706110','2020-11-28 18:02:50.000000',10,17,'\"{\\\"reference\\\":\\\"PO8298C444C\\\",\\\"trans\\\":\\\"902471737\\\",\\\"status\\\":\\\"success\\\",\\\"message\\\":\\\"Approved\\\",\\\"transaction\\\":\\\"902471737\\\",\\\"trxref\\\":\\\"PO8298C444C\\\"}\"',NULL,'{\"id\": 902471737, \"domain\": \"live\", \"status\": \"success\", \"reference\": \"PO8298C444C\", \"amount\": 20000, \"message\": \"\", \"gateway_response\": \"Approved\", \"paid_at\": \"2020-11-28T17:58:50.000Z\", \"created_at\": \"2020-11-28T17:54:42.000Z\", \"channel\": \"card\", \"currency\": \"USD\", \"ip_address\": \"96.40.105.76\", \"metadata\": {\"referrer\": \"https://app.ssfosi.com/donate?organization=C51CE68\"}, \"log\": {\"start_time\": 1606586084, \"time_spent\": 249, \"attempts\": 1, \"authentication\": \"3DS\", \"errors\": 0, \"success\": true, \"mobile\": false, \"input\": [], \"history\": [{\"type\": \"input\", \"message\": \"Filled this field: card number\", \"time\": 173}, {\"type\": \"input\", \"message\": \"Filled this field: card expiry\", \"time\": 180}, {\"type\": \"input\", \"message\": \"Filled this field: card cvv\", \"time\": 186}, {\"type\": \"action\", \"message\": \"Attempted to pay with card\", \"time\": 186}, {\"type\": \"auth\", \"message\": \"Authentication Required: 3DS\", \"time\": 187}, {\"type\": \"action\", \"message\": \"Third-party authentication window opened\", \"time\": 194}, {\"type\": \"success\", \"message\": \"Successfully paid with card\", \"time\": 248}, {\"type\": \"action\", \"message\": \"Third-party authentication window closed\", \"time\": 249}]}, \"fees\": 780, \"fees_split\": null, \"authorization\": {\"authorization_code\": \"AUTH_9uoo8375l8\", \"bin\": \"440066\", \"last4\": \"2904\", \"exp_month\": \"03\", \"exp_year\": \"2025\", \"channel\": \"card\", \"card_type\": \"visa DEBIT\", \"bank\": \"\", \"country_code\": \"US\", \"brand\": \"visa\", \"reusable\": true, \"signature\": \"SIG_gxzdQygTlkcH9ezOXBe5\", \"account_name\": null, \"receiver_bank_account_number\": null, \"receiver_bank\": null}, \"customer\": {\"id\": 33490615, \"first_name\": \"LARA OKUNUBI\", \"last_name\": \"\", \"email\": \"larafuja@yahoo.com\", \"customer_code\": \"CUS_dqamihur2vg52z0\", \"phone\": \"\", \"metadata\": null, \"risk_action\": \"default\", \"international_format_phone\": null}, \"plan\": null, \"split\": {}, \"order_id\": null, \"paidAt\": \"2020-11-28T17:58:50.000Z\", \"createdAt\": \"2020-11-28T17:54:42.000Z\", \"requested_amount\": 20000, \"pos_transaction_data\": null, \"transaction_date\": \"2020-11-28T17:54:42.000Z\", \"plan_object\": {}, \"subaccount\": {}}',1,0,'paystack'),(64,'PO6C7D7ABD7','USD',200.00,'1',NULL,'2020-11-28 17:56:18.327191','2020-11-28 18:02:16.410413',12,1,'\"{\\\"reference\\\":\\\"PO6C7D7ABD7\\\",\\\"trans\\\":\\\"902473200\\\",\\\"status\\\":\\\"success\\\",\\\"message\\\":\\\"Approved\\\",\\\"transaction\\\":\\\"902473200\\\",\\\"trxref\\\":\\\"PO6C7D7ABD7\\\"}\"',NULL,'{\"id\": 902473200, \"domain\": \"live\", \"status\": \"success\", \"reference\": \"PO6C7D7ABD7\", \"amount\": 20000, \"message\": \"\", \"gateway_response\": \"Approved\", \"paid_at\": \"2020-11-28T18:00:52.000Z\", \"created_at\": \"2020-11-28T17:56:20.000Z\", \"channel\": \"card\", \"currency\": \"USD\", \"ip_address\": \"68.37.117.217\", \"metadata\": {\"referrer\": \"https://app.ssfosi.com/donate?organization=C51CE68\"}, \"log\": {\"start_time\": 1606586181, \"time_spent\": 272, \"attempts\": 2, \"authentication\": \"3DS\", \"errors\": 1, \"success\": true, \"mobile\": false, \"input\": [], \"history\": [{\"type\": \"action\", \"message\": \"Attempted to pay with card\", \"time\": 16}, {\"type\": \"auth\", \"message\": \"Authentication Required: 3DS\", \"time\": 17}, {\"type\": \"action\", \"message\": \"Third-party authentication window opened\", \"time\": 22}, {\"type\": \"error\", \"message\": \"Error: Do not honour\", \"time\": 113}, {\"type\": \"action\", \"message\": \"Third-party authentication window closed\", \"time\": 113}, {\"type\": \"input\", \"message\": \"Filled this field: card number\", \"time\": 234}, {\"type\": \"input\", \"message\": \"Filled this field: card expiry\", \"time\": 241}, {\"type\": \"input\", \"message\": \"Filled this field: card cvv\", \"time\": 253}, {\"type\": \"action\", \"message\": \"Attempted to pay with card\", \"time\": 253}, {\"type\": \"auth\", \"message\": \"Authentication Required: 3DS\", \"time\": 255}, {\"type\": \"action\", \"message\": \"Third-party authentication window opened\", \"time\": 257}, {\"type\": \"success\", \"message\": \"Successfully paid with card\", \"time\": 272}, {\"type\": \"action\", \"message\": \"Third-party authentication window closed\", \"time\": 272}]}, \"fees\": 780, \"fees_split\": null, \"authorization\": {\"authorization_code\": \"AUTH_jv50r786vc\", \"bin\": \"423817\", \"last4\": \"5441\", \"exp_month\": \"07\", \"exp_year\": \"2023\", \"channel\": \"card\", \"card_type\": \"visa DEBIT\", \"bank\": \"MSUFCU\", \"country_code\": \"US\", \"brand\": \"visa\", \"reusable\": true, \"signature\": \"SIG_Il8UqNh9LFTjAzcSBYom\", \"account_name\": null, \"receiver_bank_account_number\": null, \"receiver_bank\": null}, \"customer\": {\"id\": 34602006, \"first_name\": \"5175467150462769\", \"last_name\": \"\", \"email\": \"sojiadelaja@gmail.com\", \"customer_code\": \"CUS_x4e9so6kr37ups0\", \"phone\": \"\", \"metadata\": null, \"risk_action\": \"default\", \"international_format_phone\": null}, \"plan\": null, \"split\": {}, \"order_id\": null, \"paidAt\": \"2020-11-28T18:00:52.000Z\", \"createdAt\": \"2020-11-28T17:56:20.000Z\", \"requested_amount\": 20000, \"pos_transaction_data\": null, \"transaction_date\": \"2020-11-28T17:56:20.000Z\", \"plan_object\": {}, \"subaccount\": {}}',1,0,'paystack'),(65,'PODDE340321','USD',25.00,'2',NULL,'2020-11-28 17:59:18.795901',NULL,13,5,'{}',NULL,'{}',1,0,'paystack'),(66,'PO7D0437D80','USD',50.00,'6',NULL,'2020-11-28 18:00:25.450106',NULL,14,11,'{}',NULL,'{}',1,0,'paystack'),(67,'POE888FEBF0','USD',50.00,'2',NULL,'2020-11-28 18:00:58.889325',NULL,15,5,'{}',NULL,'{}',1,0,'paystack'),(68,'PO96AB8A0D0','USD',15.00,'2',NULL,'2020-11-28 18:01:17.795872',NULL,11,2,'{}',NULL,'{}',1,0,'paystack'),(69,'POD225C84D3','USD',25.00,'2',NULL,'2020-11-28 18:05:11.193433',NULL,13,5,'{}',NULL,'{}',1,0,'paystack'),(70,'POA420A08AC','USD',50.00,'2',NULL,'2020-11-28 18:05:31.678158',NULL,16,8,'{}',NULL,'{}',1,0,'paystack'),(71,'POED0DF834E','USD',50.00,'1',NULL,'2020-11-28 18:08:21.180123','2020-11-28 18:09:22.113780',16,8,'\"{\\\"reference\\\":\\\"POED0DF834E\\\",\\\"trans\\\":\\\"902486878\\\",\\\"status\\\":\\\"success\\\",\\\"message\\\":\\\"Approved\\\",\\\"transaction\\\":\\\"902486878\\\",\\\"trxref\\\":\\\"POED0DF834E\\\"}\"',NULL,'{\"id\": 902486878, \"domain\": \"live\", \"status\": \"success\", \"reference\": \"POED0DF834E\", \"amount\": 5000, \"message\": \"\", \"gateway_response\": \"Approved\", \"paid_at\": \"2020-11-28T18:09:19.000Z\", \"created_at\": \"2020-11-28T18:08:23.000Z\", \"channel\": \"card\", \"currency\": \"USD\", \"ip_address\": \"68.187.61.79\", \"metadata\": {\"referrer\": \"https://app.ssfosi.com/donate?organization=C51CE68\"}, \"log\": {\"start_time\": 1606586902, \"time_spent\": 58, \"attempts\": 1, \"authentication\": \"3DS\", \"errors\": 0, \"success\": true, \"mobile\": false, \"input\": [], \"history\": [{\"type\": \"input\", \"message\": \"Filled this field: card number\", \"time\": 16}, {\"type\": \"input\", \"message\": \"Filled this field: card expiry\", \"time\": 22}, {\"type\": \"input\", \"message\": \"Filled this field: card cvv\", \"time\": 34}, {\"type\": \"action\", \"message\": \"Attempted to pay with card\", \"time\": 36}, {\"type\": \"auth\", \"message\": \"Authentication Required: 3DS\", \"time\": 37}, {\"type\": \"action\", \"message\": \"Third-party authentication window opened\", \"time\": 43}, {\"type\": \"success\", \"message\": \"Successfully paid with card\", \"time\": 57}, {\"type\": \"action\", \"message\": \"Third-party authentication window closed\", \"time\": 58}]}, \"fees\": 195, \"fees_split\": null, \"authorization\": {\"authorization_code\": \"AUTH_su77me2v6g\", \"bin\": \"410039\", \"last4\": \"5045\", \"exp_month\": \"10\", \"exp_year\": \"2022\", \"channel\": \"card\", \"card_type\": \"visa DEBIT\", \"bank\": \"\", \"country_code\": \"US\", \"brand\": \"visa\", \"reusable\": true, \"signature\": \"SIG_HqpUIH5B1NTGRjjgcVng\", \"account_name\": null, \"receiver_bank_account_number\": null, \"receiver_bank\": null}, \"customer\": {\"id\": 34602633, \"first_name\": \"Ademola Okusanya\", \"last_name\": \"\", \"email\": \"ademolaesq@gmail.com\", \"customer_code\": \"CUS_ezdv32i6m359od4\", \"phone\": \"\", \"metadata\": null, \"risk_action\": \"default\", \"international_format_phone\": null}, \"plan\": null, \"split\": {}, \"order_id\": null, \"paidAt\": \"2020-11-28T18:09:19.000Z\", \"createdAt\": \"2020-11-28T18:08:23.000Z\", \"requested_amount\": 5000, \"pos_transaction_data\": null, \"transaction_date\": \"2020-11-28T18:08:23.000Z\", \"plan_object\": {}, \"subaccount\": {}}',1,0,'paystack'),(72,'PO1FD77449D','USD',800.00,'2',NULL,'2020-11-28 18:10:33.011065',NULL,12,1,'{}',NULL,'{}',1,0,'paystack'),(73,'POA9A877D16','USD',15.00,'2',NULL,'2020-11-28 18:16:38.590877',NULL,11,12,'{}',NULL,'{}',1,0,'paystack'),(74,'POFC2179B41','USD',25000.00,'2',NULL,'2020-12-01 21:04:49.982511',NULL,16,5,'{}',NULL,'{}',1,0,'paystack'),(75,'PO0AA55A811','USD',25000.00,'6',NULL,'2020-12-01 21:06:50.137743',NULL,16,5,'{}',NULL,'{}',1,0,'paystack'),(76,'PO9F8272C82','USD',200.00,'2',NULL,'2020-12-01 21:11:15.941416',NULL,16,12,'{}',NULL,'{}',1,0,'paystack'),(77,'PO4D8BEE332','USD',200.00,'1',NULL,'2020-12-01 21:13:16.650690','2020-12-01 21:14:08.556796',16,12,'\"{\\\"reference\\\":\\\"PO4D8BEE332\\\",\\\"trans\\\":\\\"906780491\\\",\\\"status\\\":\\\"success\\\",\\\"message\\\":\\\"Approved\\\",\\\"transaction\\\":\\\"906780491\\\",\\\"trxref\\\":\\\"PO4D8BEE332\\\"}\"',NULL,'{\"id\": 906780491, \"domain\": \"live\", \"status\": \"success\", \"reference\": \"PO4D8BEE332\", \"amount\": 20000, \"message\": \"\", \"gateway_response\": \"Approved\", \"paid_at\": \"2020-12-01T21:14:06.000Z\", \"created_at\": \"2020-12-01T21:13:18.000Z\", \"channel\": \"card\", \"currency\": \"USD\", \"ip_address\": \"68.187.61.79\", \"metadata\": {\"referrer\": \"https://app.ssfosi.com/donate?organization=C51CE68\"}, \"log\": {\"start_time\": 1606857196, \"time_spent\": 49, \"attempts\": 1, \"authentication\": \"3DS\", \"errors\": 0, \"success\": true, \"mobile\": false, \"input\": [], \"history\": [{\"type\": \"input\", \"message\": \"Filled this field: card number\", \"time\": 15}, {\"type\": \"input\", \"message\": \"Filled this field: card expiry\", \"time\": 19}, {\"type\": \"input\", \"message\": \"Filled this field: card cvv\", \"time\": 30}, {\"type\": \"action\", \"message\": \"Attempted to pay with card\", \"time\": 30}, {\"type\": \"auth\", \"message\": \"Authentication Required: 3DS\", \"time\": 31}, {\"type\": \"action\", \"message\": \"Third-party authentication window opened\", \"time\": 34}, {\"type\": \"success\", \"message\": \"Successfully paid with card\", \"time\": 49}, {\"type\": \"action\", \"message\": \"Third-party authentication window closed\", \"time\": 49}]}, \"fees\": 780, \"fees_split\": null, \"authorization\": {\"authorization_code\": \"AUTH_bhxotv29gy\", \"bin\": \"410039\", \"last4\": \"5045\", \"exp_month\": \"10\", \"exp_year\": \"2022\", \"channel\": \"card\", \"card_type\": \"visa DEBIT\", \"bank\": \"\", \"country_code\": \"US\", \"brand\": \"visa\", \"reusable\": true, \"signature\": \"SIG_HqpUIH5B1NTGRjjgcVng\", \"account_name\": null, \"receiver_bank_account_number\": null, \"receiver_bank\": null}, \"customer\": {\"id\": 34602633, \"first_name\": \"Ademola Okusanya\", \"last_name\": \"\", \"email\": \"ademolaesq@gmail.com\", \"customer_code\": \"CUS_ezdv32i6m359od4\", \"phone\": \"\", \"metadata\": null, \"risk_action\": \"default\", \"international_format_phone\": null}, \"plan\": null, \"split\": {}, \"order_id\": null, \"paidAt\": \"2020-12-01T21:14:06.000Z\", \"createdAt\": \"2020-12-01T21:13:18.000Z\", \"requested_amount\": 20000, \"pos_transaction_data\": null, \"transaction_date\": \"2020-12-01T21:13:18.000Z\", \"plan_object\": {}, \"subaccount\": {}}',1,0,'paystack'),(78,'POB085DA103','USD',25.00,'1',NULL,'2020-12-02 04:59:26.451009','2020-12-02 05:00:12.519674',17,8,'\"{\\\"reference\\\":\\\"POB085DA103\\\",\\\"trans\\\":\\\"907076833\\\",\\\"status\\\":\\\"success\\\",\\\"message\\\":\\\"Approved\\\",\\\"transaction\\\":\\\"907076833\\\",\\\"trxref\\\":\\\"POB085DA103\\\"}\"',NULL,'{\"id\": 907076833, \"domain\": \"live\", \"status\": \"success\", \"reference\": \"POB085DA103\", \"amount\": 2500, \"message\": \"\", \"gateway_response\": \"Approved\", \"paid_at\": \"2020-12-02T05:00:10.000Z\", \"created_at\": \"2020-12-02T04:59:29.000Z\", \"channel\": \"card\", \"currency\": \"USD\", \"ip_address\": \"23.243.121.27\", \"metadata\": {\"referrer\": \"https://app.ssfosi.com/donate?organization=C51CE68\"}, \"log\": {\"start_time\": 1606885184, \"time_spent\": 42, \"attempts\": 1, \"authentication\": \"3DS\", \"errors\": 0, \"success\": true, \"mobile\": false, \"input\": [], \"history\": [{\"type\": \"input\", \"message\": \"Filled this field: card number\", \"time\": 8}, {\"type\": \"input\", \"message\": \"Changed this field: card number\", \"time\": 16}, {\"type\": \"action\", \"message\": \"Attempted to pay with card\", \"time\": 16}, {\"type\": \"auth\", \"message\": \"Authentication Required: 3DS\", \"time\": 18}, {\"type\": \"action\", \"message\": \"Third-party authentication window opened\", \"time\": 22}, {\"type\": \"success\", \"message\": \"Successfully paid with card\", \"time\": 41}, {\"type\": \"action\", \"message\": \"Third-party authentication window closed\", \"time\": 42}]}, \"fees\": 98, \"fees_split\": null, \"authorization\": {\"authorization_code\": \"AUTH_54rh9a0kyv\", \"bin\": \"410039\", \"last4\": \"1213\", \"exp_month\": \"02\", \"exp_year\": \"2024\", \"channel\": \"card\", \"card_type\": \"visa DEBIT\", \"bank\": \"\", \"country_code\": \"US\", \"brand\": \"visa\", \"reusable\": true, \"signature\": \"SIG_LO4wvWwcz0TkWwOrNBos\", \"account_name\": null, \"receiver_bank_account_number\": null, \"receiver_bank\": null}, \"customer\": {\"id\": 34808207, \"first_name\": \"Ayodeji Okusanya\", \"last_name\": \"\", \"email\": \"aokus001@gmail.com\", \"customer_code\": \"CUS_0plvuvfc7mp7bvs\", \"phone\": \"\", \"metadata\": null, \"risk_action\": \"default\", \"international_format_phone\": null}, \"plan\": null, \"split\": {}, \"order_id\": null, \"paidAt\": \"2020-12-02T05:00:10.000Z\", \"createdAt\": \"2020-12-02T04:59:29.000Z\", \"requested_amount\": 2500, \"pos_transaction_data\": null, \"transaction_date\": \"2020-12-02T04:59:29.000Z\", \"plan_object\": {}, \"subaccount\": {}}',1,0,'paystack'),(79,'POC232E9A8A','USD',50.00,'6',NULL,'2020-12-06 11:39:29.679216',NULL,3,14,'{}',NULL,'{}',1,0,'paypal'),(80,'POCE8F94EF1','USD',50.00,'6',NULL,'2020-12-06 11:53:49.538599',NULL,3,5,'{}',NULL,'{}',1,0,'paypal'),(81,'PO4702B2A4A','USD',50.00,'6',NULL,'2020-12-06 15:20:44.179584',NULL,3,6,'{}',NULL,'{}',1,0,'paypal'),(82,'PO1912092A9','USD',10.00,'6',NULL,'2020-12-06 15:39:21.482160',NULL,3,5,'{}',NULL,'{}',1,0,'paypal'),(83,'PO6F948E577','USD',5.00,'1',NULL,'2020-12-06 17:22:18.540812',NULL,3,14,'{}',NULL,'{}',1,0,'paypal'),(84,'PO507E6196A','USD',10.00,'6',NULL,'2020-12-06 17:32:03.722031',NULL,3,3,'{}',NULL,'{}',1,0,'paypal'),(85,'PO828A973D0','USD',10.00,'6',NULL,'2020-12-06 17:49:30.276361',NULL,3,2,'{}',NULL,'{}',1,0,'paypal'),(86,'PO4159D3CB1','USD',10.00,'6',NULL,'2020-12-06 17:54:02.582416',NULL,3,8,'{}',NULL,'{}',1,0,'paypal'),(87,'PO67290F358','USD',2.00,'6',NULL,'2020-12-06 18:01:22.345979',NULL,3,12,'{}',NULL,'{}',1,0,'paypal'),(88,'PO1A7DE4ADF','USD',2.00,'6',NULL,'2020-12-06 18:03:48.483667',NULL,3,1,'{}',NULL,'{}',1,0,'paypal'),(89,'PO755D48234','USD',2.00,'1',NULL,'2020-12-06 18:07:41.233638',NULL,3,12,'{}',NULL,'{}',1,0,'paypal'),(90,'PO311BF01AF','USD',10.00,'1',NULL,'2020-12-06 18:38:38.156991',NULL,18,13,'{}',NULL,'{}',1,0,'paypal'),(91,'POCB9877A07','USD',10.00,'1',NULL,'2020-12-06 18:38:59.319463',NULL,11,16,'{}',NULL,'{}',1,0,'paypal'),(92,'POD6326D00D','USD',800.00,'6',NULL,'2020-12-06 18:39:32.393360',NULL,12,13,'{}',NULL,'{}',1,0,'paypal'),(93,'PO2E1ECE8B3','USD',800.00,'6',NULL,'2020-12-06 18:41:13.835063',NULL,12,13,'{}',NULL,'{}',1,0,'paypal'),(94,'PO7067C9444','USD',800.00,'6',NULL,'2020-12-06 18:41:24.926137',NULL,12,13,'{}',NULL,'{}',1,0,'paypal'),(95,'PO92CEC7A53','USD',800.00,'6',NULL,'2020-12-06 18:41:32.440173',NULL,12,13,'{}',NULL,'{}',1,0,'paypal'),(96,'PO036362B4A','USD',800.00,'6',NULL,'2020-12-06 18:45:32.423730',NULL,12,13,'{}',NULL,'{}',1,0,'paypal'),(97,'PO19E925759','USD',10.00,'1',NULL,'2020-12-06 18:49:14.425382',NULL,7,3,'{}',NULL,'{}',1,0,'paypal'),(98,'PO7785027C5','USD',100.00,'1',NULL,'2020-12-06 19:10:12.182922',NULL,12,5,'{}',NULL,'{}',1,0,'paypal'),(99,'POEC71E75CF','USD',700.00,'1',NULL,'2020-12-06 19:17:53.712342',NULL,12,12,'{}',NULL,'{}',1,0,'paypal'),(100,'POB74F8591F','USD',50.00,'6',NULL,'2020-12-06 20:20:03.426373',NULL,19,13,'{}',NULL,'{}',1,0,'paypal'),(101,'POA65C11161','USD',50.00,'6',NULL,'2020-12-06 20:27:42.439756',NULL,19,4,'{}',NULL,'{}',1,0,'paypal'),(102,'PO5DAB5C321','USD',10.00,'6',NULL,'2020-12-06 20:35:17.049854',NULL,3,16,'{}',NULL,'{}',1,0,'paypal'),(103,'PO44833B451','USD',10.00,'6',NULL,'2020-12-06 20:48:38.235376',NULL,3,2,'{}',NULL,'{}',1,0,'paypal'),(104,'POEF00D358B','USD',10.00,'6',NULL,'2020-12-06 22:20:53.788809',NULL,3,11,'{}',NULL,'{}',1,0,'paypal'),(105,'PO3C01E2F06','USD',10.00,'6',NULL,'2020-12-06 22:31:49.367399',NULL,3,1,'{}',NULL,'{}',1,0,'paypal'),(106,'PO3D9C345B8','USD',2.00,'6',NULL,'2020-12-06 22:49:20.671040',NULL,3,2,'{}',NULL,'{}',1,0,'paypal'),(107,'PO3DC964E42','USD',10.00,'6',NULL,'2020-12-06 22:58:11.826296',NULL,3,11,'{}',NULL,'{}',1,0,'paypal'),(108,'PO863B577D6','USD',3.00,'6',NULL,'2020-12-06 23:04:50.427879',NULL,3,11,'{}',NULL,'{}',1,0,'paypal'),(109,'PO7B4B76981','USD',3.00,'6',NULL,'2020-12-06 23:05:25.922876',NULL,3,11,'{}',NULL,'{}',1,0,'paypal'),(110,'PO06423BA46','USD',50.00,'6',NULL,'2020-12-07 00:00:38.458718',NULL,19,6,'{}',NULL,'{}',1,0,'paypal'),(111,'PO0ED9CB57B','USD',2.00,'1',NULL,'2020-12-08 22:21:42.027816',NULL,5,3,'{}',NULL,'{}',1,0,'paypal'),(112,'POF8A17944F','USD',1.00,'1',NULL,'2020-12-08 22:51:33.090971','2020-12-08 22:52:02.539759',5,10,'\"{\\\"create_time\\\":\\\"2020-12-08T22:51:33Z\\\",\\\"update_time\\\":\\\"2020-12-08T22:51:59Z\\\",\\\"id\\\":\\\"59V68760RD978712S\\\",\\\"intent\\\":\\\"CAPTURE\\\",\\\"status\\\":\\\"COMPLETED\\\",\\\"payer\\\":{\\\"email_address\\\":\\\"ayobami@ayobamiadewole.com\\\",\\\"payer_id\\\":\\\"SLA2FRNCMUMR6\\\",\\\"address\\\":{\\\"address_line_1\\\":\\\"3201 - 5 Buttermill Ave\\\",\\\"admin_area_2\\\":\\\"Vaughan\\\",\\\"postal_code\\\":\\\"L4K0J5\\\",\\\"country_code\\\":\\\"CA\\\"},\\\"name\\\":{\\\"given_name\\\":\\\"Ayobami\\\",\\\"surname\\\":\\\"Adewole\\\",\\\"middle_name\\\":\\\"Ademola\\\"}},\\\"purchase_units\\\":[{\\\"reference_id\\\":\\\"default\\\",\\\"custom_id\\\":\\\"POF8A17944F\\\",\\\"invoice_id\\\":\\\"POF8A17944F\\\",\\\"soft_descriptor\\\":\\\"PAYPAL *NIGERIANAME\\\",\\\"amount\\\":{\\\"value\\\":\\\"1.00\\\",\\\"currency_code\\\":\\\"USD\\\"},\\\"payee\\\":{\\\"email_address\\\":\\\"taye.doherty@wpurcell.com\\\",\\\"merchant_id\\\":\\\"UN6YGUGZXXWWN\\\"},\\\"payments\\\":{\\\"captures\\\":[{\\\"status\\\":\\\"PENDING\\\",\\\"id\\\":\\\"6MH50848UA668552W\\\",\\\"invoice_id\\\":\\\"POF8A17944F\\\",\\\"final_capture\\\":true,\\\"create_time\\\":\\\"2020-12-08T22:51:59Z\\\",\\\"update_time\\\":\\\"2020-12-08T22:51:59Z\\\",\\\"amount\\\":{\\\"value\\\":\\\"1.00\\\",\\\"currency_code\\\":\\\"USD\\\"},\\\"seller_protection\\\":{\\\"status\\\":\\\"ELIGIBLE\\\",\\\"dispute_categories\\\":[\\\"ITEM_NOT_RECEIVED\\\",\\\"UNAUTHORIZED_TRANSACTION\\\"]},\\\"status_details\\\":{\\\"reason\\\":\\\"PENDING_REVIEW\\\"},\\\"links\\\":[{\\\"href\\\":\\\"https://api.paypal.com/v2/payments/captures/6MH50848UA668552W\\\",\\\"rel\\\":\\\"self\\\",\\\"method\\\":\\\"GET\\\",\\\"title\\\":\\\"GET\\\"},{\\\"href\\\":\\\"https://api.paypal.com/v2/payments/captures/6MH50848UA668552W/refund\\\",\\\"rel\\\":\\\"refund\\\",\\\"method\\\":\\\"POST\\\",\\\"title\\\":\\\"POST\\\"},{\\\"href\\\":\\\"https://api.paypal.com/v2/checkout/orders/59V68760RD978712S\\\",\\\"rel\\\":\\\"up\\\",\\\"method\\\":\\\"GET\\\",\\\"title\\\":\\\"GET\\\"}]}]}}],\\\"links\\\":[{\\\"href\\\":\\\"https://api.paypal.com/v2/checkout/orders/59V68760RD978712S\\\",\\\"rel\\\":\\\"self\\\",\\\"method\\\":\\\"GET\\\",\\\"title\\\":\\\"GET\\\"}]}\"',NULL,'{\"id\": \"59V68760RD978712S\", \"intent\": \"CAPTURE\", \"status\": \"COMPLETED\", \"purchase_units\": [{\"reference_id\": \"default\", \"amount\": {\"currency_code\": \"USD\", \"value\": \"1.00\"}, \"payee\": {\"email_address\": \"taye.doherty@wpurcell.com\", \"merchant_id\": \"UN6YGUGZXXWWN\", \"display_data\": {\"brand_name\": \"SS FOSI Donation\"}}, \"custom_id\": \"POF8A17944F\", \"invoice_id\": \"POF8A17944F\", \"soft_descriptor\": \"PAYPAL *NIGERIANAME\", \"payments\": {\"captures\": [{\"id\": \"6MH50848UA668552W\", \"status\": \"PENDING\", \"status_details\": {\"reason\": \"PENDING_REVIEW\"}, \"amount\": {\"currency_code\": \"USD\", \"value\": \"1.00\"}, \"final_capture\": true, \"seller_protection\": {\"status\": \"ELIGIBLE\", \"dispute_categories\": [\"ITEM_NOT_RECEIVED\", \"UNAUTHORIZED_TRANSACTION\"]}, \"invoice_id\": \"POF8A17944F\", \"custom_id\": \"POF8A17944F\", \"links\": [{\"href\": \"https://api.paypal.com/v2/payments/captures/6MH50848UA668552W\", \"rel\": \"self\", \"method\": \"GET\"}, {\"href\": \"https://api.paypal.com/v2/payments/captures/6MH50848UA668552W/refund\", \"rel\": \"refund\", \"method\": \"POST\"}, {\"href\": \"https://api.paypal.com/v2/checkout/orders/59V68760RD978712S\", \"rel\": \"up\", \"method\": \"GET\"}], \"create_time\": \"2020-12-08T22:51:59Z\", \"update_time\": \"2020-12-08T22:51:59Z\"}]}}], \"payer\": {\"name\": {\"given_name\": \"Ayobami\", \"surname\": \"Adewole\"}, \"email_address\": \"ayobami@ayobamiadewole.com\", \"payer_id\": \"SLA2FRNCMUMR6\", \"address\": {\"address_line_1\": \"3201 - 5 Buttermill Ave\", \"admin_area_2\": \"Vaughan\", \"postal_code\": \"L4K0J5\", \"country_code\": \"CA\"}}, \"create_time\": \"2020-12-08T22:51:33Z\", \"update_time\": \"2020-12-08T22:51:59Z\", \"links\": [{\"href\": \"https://api.paypal.com/v2/checkout/orders/59V68760RD978712S\", \"rel\": \"self\", \"method\": \"GET\"}]}',1,0,'paypal'),(113,'POBCDFD656D','USD',50.00,'1',NULL,'2020-12-12 04:30:40.261393','2020-12-12 04:32:01.947815',20,11,'\"{\\\"create_time\\\":\\\"2020-12-12T04:30:40Z\\\",\\\"update_time\\\":\\\"2020-12-12T04:31:59Z\\\",\\\"id\\\":\\\"4W1381056U867454D\\\",\\\"intent\\\":\\\"CAPTURE\\\",\\\"status\\\":\\\"COMPLETED\\\",\\\"payer\\\":{\\\"email_address\\\":\\\"info@humanenterprises.org\\\",\\\"payer_id\\\":\\\"HGSWYJSNA99TG\\\",\\\"address\\\":{\\\"address_line_1\\\":\\\"13972 Bradbury Way\\\",\\\"admin_area_2\\\":\\\"California\\\",\\\"postal_code\\\":\\\"91739\\\",\\\"country_code\\\":\\\"US\\\"},\\\"name\\\":{\\\"given_name\\\":\\\"Charles\\\",\\\"surname\\\":\\\"Onunkwo\\\"}},\\\"purchase_units\\\":[{\\\"reference_id\\\":\\\"default\\\",\\\"custom_id\\\":\\\"POBCDFD656D\\\",\\\"invoice_id\\\":\\\"POBCDFD656D\\\",\\\"soft_descriptor\\\":\\\"PAYPAL *NIGERIANAME\\\",\\\"amount\\\":{\\\"value\\\":\\\"50.00\\\",\\\"currency_code\\\":\\\"USD\\\"},\\\"payee\\\":{\\\"email_address\\\":\\\"taye.doherty@wpurcell.com\\\",\\\"merchant_id\\\":\\\"UN6YGUGZXXWWN\\\"},\\\"payments\\\":{\\\"captures\\\":[{\\\"status\\\":\\\"PENDING\\\",\\\"id\\\":\\\"3N033545L1564263W\\\",\\\"invoice_id\\\":\\\"POBCDFD656D\\\",\\\"final_capture\\\":true,\\\"create_time\\\":\\\"2020-12-12T04:31:59Z\\\",\\\"update_time\\\":\\\"2020-12-12T04:31:59Z\\\",\\\"amount\\\":{\\\"value\\\":\\\"50.00\\\",\\\"currency_code\\\":\\\"USD\\\"},\\\"seller_protection\\\":{\\\"status\\\":\\\"ELIGIBLE\\\",\\\"dispute_categories\\\":[\\\"ITEM_NOT_RECEIVED\\\",\\\"UNAUTHORIZED_TRANSACTION\\\"]},\\\"status_details\\\":{\\\"reason\\\":\\\"PENDING_REVIEW\\\"},\\\"links\\\":[{\\\"href\\\":\\\"https://api.paypal.com/v2/payments/captures/3N033545L1564263W\\\",\\\"rel\\\":\\\"self\\\",\\\"method\\\":\\\"GET\\\",\\\"title\\\":\\\"GET\\\"},{\\\"href\\\":\\\"https://api.paypal.com/v2/payments/captures/3N033545L1564263W/refund\\\",\\\"rel\\\":\\\"refund\\\",\\\"method\\\":\\\"POST\\\",\\\"title\\\":\\\"POST\\\"},{\\\"href\\\":\\\"https://api.paypal.com/v2/checkout/orders/4W1381056U867454D\\\",\\\"rel\\\":\\\"up\\\",\\\"method\\\":\\\"GET\\\",\\\"title\\\":\\\"GET\\\"}]}]}}],\\\"links\\\":[{\\\"href\\\":\\\"https://api.paypal.com/v2/checkout/orders/4W1381056U867454D\\\",\\\"rel\\\":\\\"self\\\",\\\"method\\\":\\\"GET\\\",\\\"title\\\":\\\"GET\\\"}]}\"',NULL,'{\"id\": \"4W1381056U867454D\", \"intent\": \"CAPTURE\", \"status\": \"COMPLETED\", \"purchase_units\": [{\"reference_id\": \"default\", \"amount\": {\"currency_code\": \"USD\", \"value\": \"50.00\"}, \"payee\": {\"email_address\": \"taye.doherty@wpurcell.com\", \"merchant_id\": \"UN6YGUGZXXWWN\", \"display_data\": {\"brand_name\": \"SS FOSI Donation\"}}, \"custom_id\": \"POBCDFD656D\", \"invoice_id\": \"POBCDFD656D\", \"soft_descriptor\": \"PAYPAL *NIGERIANAME\", \"payments\": {\"captures\": [{\"id\": \"3N033545L1564263W\", \"status\": \"PENDING\", \"status_details\": {\"reason\": \"PENDING_REVIEW\"}, \"amount\": {\"currency_code\": \"USD\", \"value\": \"50.00\"}, \"final_capture\": true, \"seller_protection\": {\"status\": \"ELIGIBLE\", \"dispute_categories\": [\"ITEM_NOT_RECEIVED\", \"UNAUTHORIZED_TRANSACTION\"]}, \"invoice_id\": \"POBCDFD656D\", \"custom_id\": \"POBCDFD656D\", \"links\": [{\"href\": \"https://api.paypal.com/v2/payments/captures/3N033545L1564263W\", \"rel\": \"self\", \"method\": \"GET\"}, {\"href\": \"https://api.paypal.com/v2/payments/captures/3N033545L1564263W/refund\", \"rel\": \"refund\", \"method\": \"POST\"}, {\"href\": \"https://api.paypal.com/v2/checkout/orders/4W1381056U867454D\", \"rel\": \"up\", \"method\": \"GET\"}], \"create_time\": \"2020-12-12T04:31:59Z\", \"update_time\": \"2020-12-12T04:31:59Z\"}]}}], \"payer\": {\"name\": {\"given_name\": \"Charles\", \"surname\": \"Onunkwo\"}, \"email_address\": \"info@humanenterprises.org\", \"payer_id\": \"HGSWYJSNA99TG\", \"address\": {\"address_line_1\": \"13972 Bradbury Way\", \"admin_area_2\": \"California\", \"postal_code\": \"91739\", \"country_code\": \"US\"}}, \"create_time\": \"2020-12-12T04:30:40Z\", \"update_time\": \"2020-12-12T04:31:59Z\", \"links\": [{\"href\": \"https://api.paypal.com/v2/checkout/orders/4W1381056U867454D\", \"rel\": \"self\", \"method\": \"GET\"}]}',1,0,'paypal'),(114,'PO4068C3EB8','USD',1.00,'6',NULL,'2020-12-12 12:46:44.831033',NULL,3,6,'{}',NULL,'{}',1,0,'paypal'),(115,'POF1BE27B01','USD',1.00,'1',NULL,'2020-12-12 13:53:30.388378','2020-12-12 13:54:09.847035',3,16,'\"{\\\"create_time\\\":\\\"2020-12-12T13:53:30Z\\\",\\\"update_time\\\":\\\"2020-12-12T13:54:07Z\\\",\\\"id\\\":\\\"93X62643AS0745718\\\",\\\"intent\\\":\\\"CAPTURE\\\",\\\"status\\\":\\\"COMPLETED\\\",\\\"payer\\\":{\\\"email_address\\\":\\\"ahmed.opeyemi@gmail.com\\\",\\\"payer_id\\\":\\\"BW4C2KLL86JPQ\\\",\\\"address\\\":{\\\"address_line_1\\\":\\\"407 Lighterman Point\\\",\\\"admin_area_2\\\":\\\"London\\\",\\\"postal_code\\\":\\\"E14 0ND\\\",\\\"country_code\\\":\\\"GB\\\"},\\\"name\\\":{\\\"given_name\\\":\\\"ABDUL-MAJEED\\\",\\\"surname\\\":\\\"AHMED\\\"}},\\\"purchase_units\\\":[{\\\"reference_id\\\":\\\"default\\\",\\\"custom_id\\\":\\\"POF1BE27B01\\\",\\\"invoice_id\\\":\\\"POF1BE27B01\\\",\\\"soft_descriptor\\\":\\\"PAYPAL *CALIFORNIA\\\",\\\"amount\\\":{\\\"value\\\":\\\"1.00\\\",\\\"currency_code\\\":\\\"USD\\\"},\\\"payee\\\":{\\\"email_address\\\":\\\"taye.doherty@wpurcell.com\\\",\\\"merchant_id\\\":\\\"UN6YGUGZXXWWN\\\"},\\\"payments\\\":{\\\"captures\\\":[{\\\"status\\\":\\\"PENDING\\\",\\\"id\\\":\\\"0XA91382H05925426\\\",\\\"invoice_id\\\":\\\"POF1BE27B01\\\",\\\"final_capture\\\":true,\\\"create_time\\\":\\\"2020-12-12T13:54:07Z\\\",\\\"update_time\\\":\\\"2020-12-12T13:54:07Z\\\",\\\"amount\\\":{\\\"value\\\":\\\"1.00\\\",\\\"currency_code\\\":\\\"USD\\\"},\\\"seller_protection\\\":{\\\"status\\\":\\\"ELIGIBLE\\\",\\\"dispute_categories\\\":[\\\"ITEM_NOT_RECEIVED\\\",\\\"UNAUTHORIZED_TRANSACTION\\\"]},\\\"status_details\\\":{\\\"reason\\\":\\\"PENDING_REVIEW\\\"},\\\"links\\\":[{\\\"href\\\":\\\"https://api.paypal.com/v2/payments/captures/0XA91382H05925426\\\",\\\"rel\\\":\\\"self\\\",\\\"method\\\":\\\"GET\\\",\\\"title\\\":\\\"GET\\\"},{\\\"href\\\":\\\"https://api.paypal.com/v2/payments/captures/0XA91382H05925426/refund\\\",\\\"rel\\\":\\\"refund\\\",\\\"method\\\":\\\"POST\\\",\\\"title\\\":\\\"POST\\\"},{\\\"href\\\":\\\"https://api.paypal.com/v2/checkout/orders/93X62643AS0745718\\\",\\\"rel\\\":\\\"up\\\",\\\"method\\\":\\\"GET\\\",\\\"title\\\":\\\"GET\\\"}]}]}}],\\\"links\\\":[{\\\"href\\\":\\\"https://api.paypal.com/v2/checkout/orders/93X62643AS0745718\\\",\\\"rel\\\":\\\"self\\\",\\\"method\\\":\\\"GET\\\",\\\"title\\\":\\\"GET\\\"}]}\"',NULL,'{\"id\": \"93X62643AS0745718\", \"intent\": \"CAPTURE\", \"status\": \"COMPLETED\", \"purchase_units\": [{\"reference_id\": \"default\", \"amount\": {\"currency_code\": \"USD\", \"value\": \"1.00\"}, \"payee\": {\"email_address\": \"taye.doherty@wpurcell.com\", \"merchant_id\": \"UN6YGUGZXXWWN\", \"display_data\": {\"brand_name\": \"SS FOSI Donation\"}}, \"custom_id\": \"POF1BE27B01\", \"invoice_id\": \"POF1BE27B01\", \"soft_descriptor\": \"PAYPAL *CALIFORNIA\", \"payments\": {\"captures\": [{\"id\": \"0XA91382H05925426\", \"status\": \"PENDING\", \"status_details\": {\"reason\": \"PENDING_REVIEW\"}, \"amount\": {\"currency_code\": \"USD\", \"value\": \"1.00\"}, \"final_capture\": true, \"seller_protection\": {\"status\": \"ELIGIBLE\", \"dispute_categories\": [\"ITEM_NOT_RECEIVED\", \"UNAUTHORIZED_TRANSACTION\"]}, \"invoice_id\": \"POF1BE27B01\", \"custom_id\": \"POF1BE27B01\", \"links\": [{\"href\": \"https://api.paypal.com/v2/payments/captures/0XA91382H05925426\", \"rel\": \"self\", \"method\": \"GET\"}, {\"href\": \"https://api.paypal.com/v2/payments/captures/0XA91382H05925426/refund\", \"rel\": \"refund\", \"method\": \"POST\"}, {\"href\": \"https://api.paypal.com/v2/checkout/orders/93X62643AS0745718\", \"rel\": \"up\", \"method\": \"GET\"}], \"create_time\": \"2020-12-12T13:54:07Z\", \"update_time\": \"2020-12-12T13:54:07Z\"}]}}], \"payer\": {\"name\": {\"given_name\": \"ABDUL-MAJEED\", \"surname\": \"AHMED\"}, \"email_address\": \"ahmed.opeyemi@gmail.com\", \"payer_id\": \"BW4C2KLL86JPQ\", \"address\": {\"address_line_1\": \"407 Lighterman Point\", \"admin_area_2\": \"London\", \"postal_code\": \"E14 0ND\", \"country_code\": \"GB\"}}, \"create_time\": \"2020-12-12T13:53:30Z\", \"update_time\": \"2020-12-12T13:54:07Z\", \"links\": [{\"href\": \"https://api.paypal.com/v2/checkout/orders/93X62643AS0745718\", \"rel\": \"self\", \"method\": \"GET\"}]}',1,0,'paypal'),(116,'PO0C213C7E7','USD',1000.00,'6',NULL,'2020-12-18 22:06:01.800951',NULL,21,7,'{}',NULL,'{}',1,0,'paypal'),(117,'PM52254F9D3','USD',1.00,'1',NULL,'2020-12-20 18:23:30.667332','2020-12-20 18:25:36.812123',1,8,'\"{\\\"reference\\\":\\\"PM52254F9D3\\\",\\\"trans\\\":\\\"930528893\\\",\\\"status\\\":\\\"success\\\",\\\"message\\\":\\\"Approved\\\",\\\"transaction\\\":\\\"930528893\\\",\\\"trxref\\\":\\\"PM52254F9D3\\\"}\"',1,'{\"id\": 930528893, \"domain\": \"live\", \"status\": \"success\", \"reference\": \"PM52254F9D3\", \"amount\": 100, \"message\": \"\", \"gateway_response\": \"Approved\", \"paid_at\": \"2020-12-20T18:25:34.000Z\", \"created_at\": \"2020-12-20T18:23:32.000Z\", \"channel\": \"card\", \"currency\": \"USD\", \"ip_address\": \"89.35.197.228\", \"metadata\": {\"referrer\": \"https://app.ssfosi.com/donate\"}, \"log\": {\"start_time\": 1608488612, \"time_spent\": 123, \"attempts\": 1, \"authentication\": \"3DS\", \"errors\": 0, \"success\": true, \"mobile\": false, \"input\": [], \"history\": [{\"type\": \"input\", \"message\": \"Filled this field: card number\", \"time\": 25}, {\"type\": \"input\", \"message\": \"Filled this field: card expiry\", \"time\": 29}, {\"type\": \"input\", \"message\": \"Filled this field: card cvv\", \"time\": 34}, {\"type\": \"action\", \"message\": \"Attempted to pay with card\", \"time\": 34}, {\"type\": \"auth\", \"message\": \"Authentication Required: 3DS\", \"time\": 35}, {\"type\": \"action\", \"message\": \"Third-party authentication window opened\", \"time\": 111}, {\"type\": \"success\", \"message\": \"Successfully paid with card\", \"time\": 123}, {\"type\": \"action\", \"message\": \"Third-party authentication window closed\", \"time\": 123}]}, \"fees\": 4, \"fees_split\": null, \"authorization\": {\"authorization_code\": \"AUTH_unvel46210\", \"bin\": \"425907\", \"last4\": \"5815\", \"exp_month\": \"08\", \"exp_year\": \"2024\", \"channel\": \"card\", \"card_type\": \"visa DEBIT\", \"bank\": \"WELLSFARGO\", \"country_code\": \"US\", \"brand\": \"visa\", \"reusable\": true, \"signature\": \"SIG_spUzD6hJbbIzLjg4tMlZ\", \"account_name\": null, \"receiver_bank_account_number\": null, \"receiver_bank\": null}, \"customer\": {\"id\": 35871226, \"first_name\": \"Taye\", \"last_name\": \"\", \"email\": \"projectfosrar@gmail.com\", \"customer_code\": \"CUS_3thcxbqm53ozfle\", \"phone\": \"\", \"metadata\": null, \"risk_action\": \"default\", \"international_format_phone\": null}, \"plan\": null, \"split\": {}, \"order_id\": null, \"paidAt\": \"2020-12-20T18:25:34.000Z\", \"createdAt\": \"2020-12-20T18:23:32.000Z\", \"requested_amount\": 100, \"pos_transaction_data\": null, \"transaction_date\": \"2020-12-20T18:23:32.000Z\", \"plan_object\": {}, \"subaccount\": {}}',1,0,'paystack'),(118,'PO449D7A1B6','USD',10.00,'6',NULL,'2020-12-22 22:18:13.032949',NULL,22,8,'{}',NULL,'{}',1,0,'paypal'),(119,'PODF4652260','USD',10.00,'6',NULL,'2020-12-26 17:52:35.976029',NULL,3,17,'{}',NULL,'{}',1,1,'paypal'),(120,'PO0363693F9','USD',10.00,'6',NULL,'2020-12-26 17:53:16.183159',NULL,3,17,'{}',NULL,'{}',1,1,'paypal'),(121,'POFBDAA1993','USD',3000.00,'3',NULL,'2020-12-30 12:31:46.838463','2020-12-30 12:36:02.251108',1,17,NULL,NULL,'{\"id\": 942489525, \"domain\": \"live\", \"status\": \"failed\", \"reference\": \"POFBDAA1993\", \"amount\": 300000, \"message\": null, \"gateway_response\": \"Denied by Fraud System\", \"paid_at\": null, \"created_at\": \"2020-12-30T12:31:48.000Z\", \"channel\": \"card\", \"currency\": \"USD\", \"ip_address\": \"89.35.197.228\", \"metadata\": {\"referrer\": \"https://app.ssfosi.com/donate\"}, \"log\": {\"start_time\": 1609331509, \"time_spent\": 59, \"attempts\": 3, \"errors\": 3, \"success\": false, \"mobile\": false, \"input\": [], \"history\": [{\"type\": \"input\", \"message\": \"Filled this field: card number\", \"time\": 9}, {\"type\": \"input\", \"message\": \"Filled this field: card expiry\", \"time\": 14}, {\"type\": \"input\", \"message\": \"Filled this field: card cvv\", \"time\": 23}, {\"type\": \"action\", \"message\": \"Attempted to pay with card\", \"time\": 23}, {\"type\": \"error\", \"message\": \"Error: Unable to process transaction.\", \"time\": 24}, {\"type\": \"action\", \"message\": \"Attempted to pay with card\", \"time\": 32}, {\"type\": \"error\", \"message\": \"Error: Unable to process transaction.\", \"time\": 32}, {\"type\": \"action\", \"message\": \"Attempted to pay with card\", \"time\": 59}, {\"type\": \"error\", \"message\": \"Error: Unable to process transaction.\", \"time\": 59}]}, \"fees\": null, \"fees_split\": null, \"authorization\": {\"authorization_code\": \"AUTH_ut3xbfh9ga\", \"bin\": \"425907\", \"last4\": \"5815\", \"exp_month\": \"08\", \"exp_year\": \"2024\", \"channel\": \"card\", \"card_type\": \"visa DEBIT\", \"bank\": \"WELLSFARGO\", \"country_code\": \"US\", \"brand\": \"visa\", \"reusable\": true, \"signature\": \"SIG_spUzD6hJbbIzLjg4tMlZ\", \"account_name\": null, \"receiver_bank_account_number\": null, \"receiver_bank\": null}, \"customer\": {\"id\": 35871226, \"first_name\": \"Taye\", \"last_name\": \"\", \"email\": \"projectfosrar@gmail.com\", \"customer_code\": \"CUS_3thcxbqm53ozfle\", \"phone\": \"\", \"metadata\": null, \"risk_action\": \"default\", \"international_format_phone\": null}, \"plan\": null, \"split\": {}, \"order_id\": null, \"paidAt\": null, \"createdAt\": \"2020-12-30T12:31:48.000Z\", \"requested_amount\": 300000, \"pos_transaction_data\": null, \"transaction_date\": \"2020-12-30T12:31:48.000Z\", \"plan_object\": {}, \"subaccount\": {}}',1,1,'paystack'),(122,'PO8B7BF1177','USD',1000.00,'3',NULL,'2020-12-30 12:33:15.688431','2020-12-30 12:35:59.335947',1,17,NULL,NULL,'{\"id\": 942491041, \"domain\": \"live\", \"status\": \"failed\", \"reference\": \"PO8B7BF1177\", \"amount\": 100000, \"message\": \"\", \"gateway_response\": \"Do not honour\", \"paid_at\": null, \"created_at\": \"2020-12-30T12:33:16.000Z\", \"channel\": \"card\", \"currency\": \"USD\", \"ip_address\": \"89.35.197.228\", \"metadata\": {\"referrer\": \"https://app.ssfosi.com/donate\"}, \"log\": {\"start_time\": 1609331597, \"time_spent\": 33, \"attempts\": 1, \"authentication\": \"3DS\", \"errors\": 1, \"success\": false, \"mobile\": false, \"input\": [], \"history\": [{\"type\": \"input\", \"message\": \"Filled this field: card number\", \"time\": 6}, {\"type\": \"input\", \"message\": \"Filled this field: card expiry\", \"time\": 10}, {\"type\": \"input\", \"message\": \"Filled this field: card cvv\", \"time\": 17}, {\"type\": \"action\", \"message\": \"Attempted to pay with card\", \"time\": 17}, {\"type\": \"auth\", \"message\": \"Authentication Required: 3DS\", \"time\": 18}, {\"type\": \"action\", \"message\": \"Third-party authentication window opened\", \"time\": 20}, {\"type\": \"error\", \"message\": \"Error: Do not honour\", \"time\": 33}, {\"type\": \"action\", \"message\": \"Third-party authentication window closed\", \"time\": 33}]}, \"fees\": null, \"fees_split\": null, \"authorization\": {\"authorization_code\": \"AUTH_o4h8mghx6y\", \"bin\": \"425907\", \"last4\": \"5815\", \"exp_month\": \"08\", \"exp_year\": \"2024\", \"channel\": \"card\", \"card_type\": \"visa DEBIT\", \"bank\": \"WELLSFARGO\", \"country_code\": \"US\", \"brand\": \"visa\", \"reusable\": true, \"signature\": \"SIG_spUzD6hJbbIzLjg4tMlZ\", \"account_name\": null, \"receiver_bank_account_number\": null, \"receiver_bank\": null}, \"customer\": {\"id\": 35871226, \"first_name\": \"Taye\", \"last_name\": \"\", \"email\": \"projectfosrar@gmail.com\", \"customer_code\": \"CUS_3thcxbqm53ozfle\", \"phone\": \"\", \"metadata\": null, \"risk_action\": \"default\", \"international_format_phone\": null}, \"plan\": null, \"split\": {}, \"order_id\": null, \"paidAt\": null, \"createdAt\": \"2020-12-30T12:33:16.000Z\", \"requested_amount\": 100000, \"pos_transaction_data\": null, \"transaction_date\": \"2020-12-30T12:33:16.000Z\", \"plan_object\": {}, \"subaccount\": {}}',1,1,'paystack'),(123,'POC464B75CF','USD',1000.00,'3',NULL,'2020-12-31 11:52:00.235137','2020-12-31 12:00:01.907119',1,17,NULL,NULL,'{\"id\": 943719804, \"domain\": \"live\", \"status\": \"failed\", \"reference\": \"POC464B75CF\", \"amount\": 100000, \"message\": null, \"gateway_response\": \"Denied by Fraud System\", \"paid_at\": null, \"created_at\": \"2020-12-31T11:52:01.000Z\", \"channel\": \"card\", \"currency\": \"USD\", \"ip_address\": \"89.35.197.228\", \"metadata\": {\"referrer\": \"https://app.ssfosi.com/donate\"}, \"log\": {\"start_time\": 1609415522, \"time_spent\": 89, \"attempts\": 3, \"errors\": 3, \"success\": false, \"mobile\": false, \"input\": [], \"history\": [{\"type\": \"input\", \"message\": \"Filled this field: card number\", \"time\": 13}, {\"type\": \"input\", \"message\": \"Filled this field: card expiry\", \"time\": 19}, {\"type\": \"input\", \"message\": \"Filled this field: card cvv\", \"time\": 22}, {\"type\": \"action\", \"message\": \"Attempted to pay with card\", \"time\": 24}, {\"type\": \"error\", \"message\": \"Error: Unable to process transaction.\", \"time\": 25}, {\"type\": \"input\", \"message\": \"Changed this field: card expiry\", \"time\": 36}, {\"type\": \"input\", \"message\": \"Changed this field: card cvv\", \"time\": 44}, {\"type\": \"action\", \"message\": \"Attempted to pay with card\", \"time\": 45}, {\"type\": \"error\", \"message\": \"Error: Unable to process transaction.\", \"time\": 45}, {\"type\": \"input\", \"message\": \"Changed this field: card number\", \"time\": 78}, {\"type\": \"input\", \"message\": \"Changed this field: card expiry\", \"time\": 82}, {\"type\": \"input\", \"message\": \"Changed this field: card cvv\", \"time\": 88}, {\"type\": \"action\", \"message\": \"Attempted to pay with card\", \"time\": 88}, {\"type\": \"error\", \"message\": \"Error: Unable to process transaction.\", \"time\": 89}]}, \"fees\": null, \"fees_split\": null, \"authorization\": {\"authorization_code\": \"AUTH_0r3pq85uwn\", \"bin\": \"425907\", \"last4\": \"5815\", \"exp_month\": \"08\", \"exp_year\": \"2024\", \"channel\": \"card\", \"card_type\": \"visa DEBIT\", \"bank\": \"WELLSFARGO\", \"country_code\": \"US\", \"brand\": \"visa\", \"reusable\": true, \"signature\": \"SIG_spUzD6hJbbIzLjg4tMlZ\", \"account_name\": null, \"receiver_bank_account_number\": null, \"receiver_bank\": null}, \"customer\": {\"id\": 35871226, \"first_name\": \"Taye\", \"last_name\": \"\", \"email\": \"projectfosrar@gmail.com\", \"customer_code\": \"CUS_3thcxbqm53ozfle\", \"phone\": \"\", \"metadata\": null, \"risk_action\": \"default\", \"international_format_phone\": null}, \"plan\": null, \"split\": {}, \"order_id\": null, \"paidAt\": null, \"createdAt\": \"2020-12-31T11:52:01.000Z\", \"requested_amount\": 100000, \"pos_transaction_data\": null, \"transaction_date\": \"2020-12-31T11:52:01.000Z\", \"plan_object\": {}, \"subaccount\": {}}',1,1,'paystack'),(124,'PO741300D7B','USD',1000.00,'3',NULL,'2020-12-31 11:53:40.816214','2020-12-31 12:00:03.698980',1,17,NULL,NULL,'{\"id\": 943721489, \"domain\": \"live\", \"status\": \"failed\", \"reference\": \"PO741300D7B\", \"amount\": 100000, \"message\": null, \"gateway_response\": \"Denied by Fraud System\", \"paid_at\": null, \"created_at\": \"2020-12-31T11:53:41.000Z\", \"channel\": \"card\", \"currency\": \"USD\", \"ip_address\": \"89.35.197.228\", \"metadata\": {\"referrer\": \"https://app.ssfosi.com/donate\"}, \"log\": {\"start_time\": 1609415622, \"time_spent\": 179, \"attempts\": 2, \"errors\": 2, \"success\": false, \"mobile\": false, \"input\": [], \"history\": [{\"type\": \"action\", \"message\": \"Attempted to pay with card\", \"time\": 2}, {\"type\": \"error\", \"message\": \"Error: Unable to process transaction.\", \"time\": 3}, {\"type\": \"action\", \"message\": \"Attempted to pay with card\", \"time\": 178}, {\"type\": \"error\", \"message\": \"Error: Unable to process transaction.\", \"time\": 179}]}, \"fees\": null, \"fees_split\": null, \"authorization\": {\"authorization_code\": \"AUTH_ti8x722opt\", \"bin\": \"425907\", \"last4\": \"5815\", \"exp_month\": \"08\", \"exp_year\": \"2024\", \"channel\": \"card\", \"card_type\": \"visa DEBIT\", \"bank\": \"WELLSFARGO\", \"country_code\": \"US\", \"brand\": \"visa\", \"reusable\": true, \"signature\": \"SIG_spUzD6hJbbIzLjg4tMlZ\", \"account_name\": null, \"receiver_bank_account_number\": null, \"receiver_bank\": null}, \"customer\": {\"id\": 35871226, \"first_name\": \"Taye\", \"last_name\": \"\", \"email\": \"projectfosrar@gmail.com\", \"customer_code\": \"CUS_3thcxbqm53ozfle\", \"phone\": \"\", \"metadata\": null, \"risk_action\": \"default\", \"international_format_phone\": null}, \"plan\": null, \"split\": {}, \"order_id\": null, \"paidAt\": null, \"createdAt\": \"2020-12-31T11:53:41.000Z\", \"requested_amount\": 100000, \"pos_transaction_data\": null, \"transaction_date\": \"2020-12-31T11:53:41.000Z\", \"plan_object\": {}, \"subaccount\": {}}',1,1,'paystack'),(125,'PO7DC425FE0','USD',1000.00,'3',NULL,'2020-12-31 18:30:18.311179','2020-12-31 18:40:00.852944',1,17,NULL,NULL,'{\"id\": 944073871, \"domain\": \"live\", \"status\": \"failed\", \"reference\": \"PO7DC425FE0\", \"amount\": 100000, \"message\": null, \"gateway_response\": \"Denied by Fraud System\", \"paid_at\": null, \"created_at\": \"2020-12-31T18:30:19.000Z\", \"channel\": \"card\", \"currency\": \"USD\", \"ip_address\": \"89.35.197.228\", \"metadata\": {\"referrer\": \"https://app.ssfosi.com/donate\"}, \"log\": {\"start_time\": 1609439420, \"time_spent\": 13, \"attempts\": 1, \"errors\": 1, \"success\": false, \"mobile\": false, \"input\": [], \"history\": [{\"type\": \"input\", \"message\": \"Filled this field: card number\", \"time\": 4}, {\"type\": \"input\", \"message\": \"Filled this field: card expiry\", \"time\": 7}, {\"type\": \"input\", \"message\": \"Filled this field: card cvv\", \"time\": 12}, {\"type\": \"action\", \"message\": \"Attempted to pay with card\", \"time\": 13}, {\"type\": \"error\", \"message\": \"Error: Unable to process transaction.\", \"time\": 13}]}, \"fees\": null, \"fees_split\": null, \"authorization\": {\"authorization_code\": \"AUTH_mhxepley7a\", \"bin\": \"425907\", \"last4\": \"5815\", \"exp_month\": \"08\", \"exp_year\": \"2024\", \"channel\": \"card\", \"card_type\": \"visa DEBIT\", \"bank\": \"WELLSFARGO\", \"country_code\": \"US\", \"brand\": \"visa\", \"reusable\": true, \"signature\": \"SIG_spUzD6hJbbIzLjg4tMlZ\", \"account_name\": null, \"receiver_bank_account_number\": null, \"receiver_bank\": null}, \"customer\": {\"id\": 35871226, \"first_name\": \"Taye\", \"last_name\": \"\", \"email\": \"projectfosrar@gmail.com\", \"customer_code\": \"CUS_3thcxbqm53ozfle\", \"phone\": \"\", \"metadata\": null, \"risk_action\": \"default\", \"international_format_phone\": null}, \"plan\": null, \"split\": {}, \"order_id\": null, \"paidAt\": null, \"createdAt\": \"2020-12-31T18:30:19.000Z\", \"requested_amount\": 100000, \"pos_transaction_data\": null, \"transaction_date\": \"2020-12-31T18:30:19.000Z\", \"plan_object\": {}, \"subaccount\": {}}',1,1,'paystack'),(126,'PO535E1C244','USD',1000.00,'3',NULL,'2021-01-03 13:31:53.937347','2021-01-03 13:40:01.154079',1,17,NULL,NULL,'{\"id\": 947257488, \"domain\": \"live\", \"status\": \"ongoing\", \"reference\": \"PO535E1C244\", \"amount\": 100000, \"message\": \"\", \"gateway_response\": \"The card holder was not authorised. This is used in 3-D Secure Authentication.\", \"paid_at\": null, \"created_at\": \"2021-01-03T13:31:56.000Z\", \"channel\": \"card\", \"currency\": \"USD\", \"ip_address\": \"89.35.197.228\", \"metadata\": {\"referrer\": \"https://app.ssfosi.com/donate\"}, \"log\": {\"start_time\": 1609680716, \"time_spent\": 115, \"attempts\": 1, \"authentication\": \"3DS\", \"errors\": 1, \"success\": false, \"mobile\": false, \"input\": [], \"history\": [{\"type\": \"input\", \"message\": \"Filled this field: card number\", \"time\": 5}, {\"type\": \"input\", \"message\": \"Filled this field: card expiry\", \"time\": 9}, {\"type\": \"input\", \"message\": \"Filled this field: card cvv\", \"time\": 13}, {\"type\": \"action\", \"message\": \"Attempted to pay with card\", \"time\": 13}, {\"type\": \"auth\", \"message\": \"Authentication Required: 3DS\", \"time\": 14}, {\"type\": \"action\", \"message\": \"Third-party authentication window opened\", \"time\": 16}, {\"type\": \"error\", \"message\": \"Error: The card holder was not authorised. This is used in 3-D Secure Authentication.\", \"time\": 114}, {\"type\": \"action\", \"message\": \"Third-party authentication window closed\", \"time\": 115}]}, \"fees\": null, \"fees_split\": null, \"authorization\": {\"authorization_code\": \"AUTH_ryfiunt4qg\", \"bin\": \"425907\", \"last4\": \"5815\", \"exp_month\": \"08\", \"exp_year\": \"2024\", \"channel\": \"card\", \"card_type\": \"visa DEBIT\", \"bank\": \"WELLSFARGO\", \"country_code\": \"US\", \"brand\": \"visa\", \"reusable\": true, \"signature\": \"SIG_spUzD6hJbbIzLjg4tMlZ\", \"account_name\": null, \"receiver_bank_account_number\": null, \"receiver_bank\": null}, \"customer\": {\"id\": 35871226, \"first_name\": \"Taye\", \"last_name\": \"\", \"email\": \"projectfosrar@gmail.com\", \"customer_code\": \"CUS_3thcxbqm53ozfle\", \"phone\": \"\", \"metadata\": null, \"risk_action\": \"default\", \"international_format_phone\": null}, \"plan\": null, \"split\": {}, \"order_id\": null, \"paidAt\": null, \"createdAt\": \"2021-01-03T13:31:56.000Z\", \"requested_amount\": 100000, \"pos_transaction_data\": null, \"transaction_date\": \"2021-01-03T13:31:56.000Z\", \"plan_object\": {}, \"subaccount\": {}}',1,1,'paystack'),(127,'PO5A92DDB96','USD',1000.00,'1',NULL,'2021-01-04 21:33:37.509298','2021-01-04 21:34:57.652994',1,17,'\"{\\\"reference\\\":\\\"PO5A92DDB96\\\",\\\"trans\\\":\\\"948874353\\\",\\\"status\\\":\\\"success\\\",\\\"message\\\":\\\"Approved\\\",\\\"transaction\\\":\\\"948874353\\\",\\\"trxref\\\":\\\"PO5A92DDB96\\\"}\"',NULL,'{\"id\": 948874353, \"domain\": \"live\", \"status\": \"success\", \"reference\": \"PO5A92DDB96\", \"amount\": 100000, \"message\": \"\", \"gateway_response\": \"Approved\", \"paid_at\": \"2021-01-04T21:34:55.000Z\", \"created_at\": \"2021-01-04T21:33:39.000Z\", \"channel\": \"card\", \"currency\": \"USD\", \"ip_address\": \"89.35.197.228\", \"metadata\": {\"referrer\": \"https://app.ssfosi.com/donate\"}, \"log\": {\"start_time\": 1609796020, \"time_spent\": 76, \"attempts\": 1, \"authentication\": \"3DS\", \"errors\": 0, \"success\": true, \"mobile\": false, \"input\": [], \"history\": [{\"type\": \"input\", \"message\": \"Filled this field: card number\", \"time\": 3}, {\"type\": \"input\", \"message\": \"Filled this field: card expiry\", \"time\": 6}, {\"type\": \"input\", \"message\": \"Filled this field: card cvv\", \"time\": 11}, {\"type\": \"action\", \"message\": \"Attempted to pay with card\", \"time\": 11}, {\"type\": \"auth\", \"message\": \"Authentication Required: 3DS\", \"time\": 13}, {\"type\": \"action\", \"message\": \"Third-party authentication window opened\", \"time\": 15}, {\"type\": \"success\", \"message\": \"Successfully paid with card\", \"time\": 75}, {\"type\": \"action\", \"message\": \"Third-party authentication window closed\", \"time\": 76}]}, \"fees\": 3900, \"fees_split\": null, \"authorization\": {\"authorization_code\": \"AUTH_2masoawufz\", \"bin\": \"425907\", \"last4\": \"5815\", \"exp_month\": \"08\", \"exp_year\": \"2024\", \"channel\": \"card\", \"card_type\": \"visa DEBIT\", \"bank\": \"WELLSFARGO\", \"country_code\": \"US\", \"brand\": \"visa\", \"reusable\": true, \"signature\": \"SIG_spUzD6hJbbIzLjg4tMlZ\", \"account_name\": null, \"receiver_bank_account_number\": null, \"receiver_bank\": null}, \"customer\": {\"id\": 35871226, \"first_name\": \"Taye\", \"last_name\": \"\", \"email\": \"projectfosrar@gmail.com\", \"customer_code\": \"CUS_3thcxbqm53ozfle\", \"phone\": \"\", \"metadata\": null, \"risk_action\": \"default\", \"international_format_phone\": null}, \"plan\": null, \"split\": {}, \"order_id\": null, \"paidAt\": \"2021-01-04T21:34:55.000Z\", \"createdAt\": \"2021-01-04T21:33:39.000Z\", \"requested_amount\": 100000, \"pos_transaction_data\": null, \"transaction_date\": \"2021-01-04T21:33:39.000Z\", \"plan_object\": {}, \"subaccount\": {}}',1,1,'paystack'),(128,'POF3D870C30','USD',1300.00,'1',NULL,'2021-01-04 21:36:08.717953','2021-01-04 21:38:29.054531',1,17,'\"{\\\"reference\\\":\\\"POF3D870C30\\\",\\\"trans\\\":\\\"948876580\\\",\\\"status\\\":\\\"success\\\",\\\"message\\\":\\\"Approved\\\",\\\"transaction\\\":\\\"948876580\\\",\\\"trxref\\\":\\\"POF3D870C30\\\"}\"',NULL,'{\"id\": 948876580, \"domain\": \"live\", \"status\": \"success\", \"reference\": \"POF3D870C30\", \"amount\": 130000, \"message\": \"\", \"gateway_response\": \"Approved\", \"paid_at\": \"2021-01-04T21:38:26.000Z\", \"created_at\": \"2021-01-04T21:36:09.000Z\", \"channel\": \"card\", \"currency\": \"USD\", \"ip_address\": \"89.35.197.228\", \"metadata\": {\"referrer\": \"https://app.ssfosi.com/donate\"}, \"log\": {\"start_time\": 1609796170, \"time_spent\": 138, \"attempts\": 1, \"authentication\": \"3DS\", \"errors\": 0, \"success\": true, \"mobile\": false, \"input\": [], \"history\": [{\"type\": \"input\", \"message\": \"Filled this field: card number\", \"time\": 5}, {\"type\": \"input\", \"message\": \"Filled this field: card expiry\", \"time\": 9}, {\"type\": \"input\", \"message\": \"Filled this field: card cvv\", \"time\": 12}, {\"type\": \"action\", \"message\": \"Attempted to pay with card\", \"time\": 13}, {\"type\": \"auth\", \"message\": \"Authentication Required: 3DS\", \"time\": 14}, {\"type\": \"action\", \"message\": \"Third-party authentication window opened\", \"time\": 15}, {\"type\": \"success\", \"message\": \"Successfully paid with card\", \"time\": 137}, {\"type\": \"action\", \"message\": \"Third-party authentication window closed\", \"time\": 138}]}, \"fees\": 5070, \"fees_split\": null, \"authorization\": {\"authorization_code\": \"AUTH_cn7lrjwwsu\", \"bin\": \"425907\", \"last4\": \"5815\", \"exp_month\": \"08\", \"exp_year\": \"2024\", \"channel\": \"card\", \"card_type\": \"visa DEBIT\", \"bank\": \"WELLSFARGO\", \"country_code\": \"US\", \"brand\": \"visa\", \"reusable\": true, \"signature\": \"SIG_spUzD6hJbbIzLjg4tMlZ\", \"account_name\": null, \"receiver_bank_account_number\": null, \"receiver_bank\": null}, \"customer\": {\"id\": 35871226, \"first_name\": \"Taye\", \"last_name\": \"\", \"email\": \"projectfosrar@gmail.com\", \"customer_code\": \"CUS_3thcxbqm53ozfle\", \"phone\": \"\", \"metadata\": null, \"risk_action\": \"default\", \"international_format_phone\": null}, \"plan\": null, \"split\": {}, \"order_id\": null, \"paidAt\": \"2021-01-04T21:38:26.000Z\", \"createdAt\": \"2021-01-04T21:36:09.000Z\", \"requested_amount\": 130000, \"pos_transaction_data\": null, \"transaction_date\": \"2021-01-04T21:36:09.000Z\", \"plan_object\": {}, \"subaccount\": {}}',1,1,'paystack'),(129,'POFE951285E','USD',100.00,'1',NULL,'2021-01-10 17:45:42.732046','2021-01-10 17:47:00.406597',10,9,'\"{\\\"create_time\\\":\\\"2021-01-10T17:45:43Z\\\",\\\"update_time\\\":\\\"2021-01-10T17:46:57Z\\\",\\\"id\\\":\\\"1CA48570L1718230R\\\",\\\"intent\\\":\\\"CAPTURE\\\",\\\"status\\\":\\\"COMPLETED\\\",\\\"payer\\\":{\\\"email_address\\\":\\\"LARAFUJA@YAHOO.COM\\\",\\\"payer_id\\\":\\\"LDHCPDKBF2UL2\\\",\\\"address\\\":{\\\"address_line_1\\\":\\\"1516 VIA ASTURIAS\\\",\\\"admin_area_2\\\":\\\"CA\\\",\\\"postal_code\\\":\\\"90274\\\",\\\"country_code\\\":\\\"US\\\"},\\\"name\\\":{\\\"given_name\\\":\\\"OMOLARA\\\",\\\"surname\\\":\\\"OKUNUBI\\\"}},\\\"purchase_units\\\":[{\\\"reference_id\\\":\\\"default\\\",\\\"custom_id\\\":\\\"POFE951285E\\\",\\\"invoice_id\\\":\\\"POFE951285E\\\",\\\"soft_descriptor\\\":\\\"PAYPAL *CALIFORNIA\\\",\\\"amount\\\":{\\\"value\\\":\\\"100.00\\\",\\\"currency_code\\\":\\\"USD\\\"},\\\"payee\\\":{\\\"email_address\\\":\\\"taye.doherty@wpurcell.com\\\",\\\"merchant_id\\\":\\\"UN6YGUGZXXWWN\\\"},\\\"payments\\\":{\\\"captures\\\":[{\\\"status\\\":\\\"COMPLETED\\\",\\\"id\\\":\\\"28R18325DU4451342\\\",\\\"invoice_id\\\":\\\"POFE951285E\\\",\\\"final_capture\\\":true,\\\"create_time\\\":\\\"2021-01-10T17:46:57Z\\\",\\\"update_time\\\":\\\"2021-01-10T17:46:57Z\\\",\\\"amount\\\":{\\\"value\\\":\\\"100.00\\\",\\\"currency_code\\\":\\\"USD\\\"},\\\"seller_protection\\\":{\\\"status\\\":\\\"ELIGIBLE\\\",\\\"dispute_categories\\\":[\\\"ITEM_NOT_RECEIVED\\\",\\\"UNAUTHORIZED_TRANSACTION\\\"]},\\\"links\\\":[{\\\"href\\\":\\\"https://api.paypal.com/v2/payments/captures/28R18325DU4451342\\\",\\\"rel\\\":\\\"self\\\",\\\"method\\\":\\\"GET\\\",\\\"title\\\":\\\"GET\\\"},{\\\"href\\\":\\\"https://api.paypal.com/v2/payments/captures/28R18325DU4451342/refund\\\",\\\"rel\\\":\\\"refund\\\",\\\"method\\\":\\\"POST\\\",\\\"title\\\":\\\"POST\\\"},{\\\"href\\\":\\\"https://api.paypal.com/v2/checkout/orders/1CA48570L1718230R\\\",\\\"rel\\\":\\\"up\\\",\\\"method\\\":\\\"GET\\\",\\\"title\\\":\\\"GET\\\"}]}]}}],\\\"links\\\":[{\\\"href\\\":\\\"https://api.paypal.com/v2/checkout/orders/1CA48570L1718230R\\\",\\\"rel\\\":\\\"self\\\",\\\"method\\\":\\\"GET\\\",\\\"title\\\":\\\"GET\\\"}]}\"',NULL,'{\"id\": \"1CA48570L1718230R\", \"intent\": \"CAPTURE\", \"status\": \"COMPLETED\", \"purchase_units\": [{\"reference_id\": \"default\", \"amount\": {\"currency_code\": \"USD\", \"value\": \"100.00\"}, \"payee\": {\"email_address\": \"taye.doherty@wpurcell.com\", \"merchant_id\": \"UN6YGUGZXXWWN\", \"display_data\": {\"brand_name\": \"SS FOSI Donation\"}}, \"custom_id\": \"POFE951285E\", \"invoice_id\": \"POFE951285E\", \"soft_descriptor\": \"PAYPAL *CALIFORNIA\", \"payments\": {\"captures\": [{\"id\": \"28R18325DU4451342\", \"status\": \"COMPLETED\", \"amount\": {\"currency_code\": \"USD\", \"value\": \"100.00\"}, \"final_capture\": true, \"seller_protection\": {\"status\": \"ELIGIBLE\", \"dispute_categories\": [\"ITEM_NOT_RECEIVED\", \"UNAUTHORIZED_TRANSACTION\"]}, \"seller_receivable_breakdown\": {\"gross_amount\": {\"currency_code\": \"USD\", \"value\": \"100.00\"}, \"paypal_fee\": {\"currency_code\": \"USD\", \"value\": \"3.20\"}, \"net_amount\": {\"currency_code\": \"USD\", \"value\": \"96.80\"}}, \"invoice_id\": \"POFE951285E\", \"custom_id\": \"POFE951285E\", \"links\": [{\"href\": \"https://api.paypal.com/v2/payments/captures/28R18325DU4451342\", \"rel\": \"self\", \"method\": \"GET\"}, {\"href\": \"https://api.paypal.com/v2/payments/captures/28R18325DU4451342/refund\", \"rel\": \"refund\", \"method\": \"POST\"}, {\"href\": \"https://api.paypal.com/v2/checkout/orders/1CA48570L1718230R\", \"rel\": \"up\", \"method\": \"GET\"}], \"create_time\": \"2021-01-10T17:46:57Z\", \"update_time\": \"2021-01-10T17:46:57Z\"}]}}], \"payer\": {\"name\": {\"given_name\": \"OMOLARA\", \"surname\": \"OKUNUBI\"}, \"email_address\": \"LARAFUJA@YAHOO.COM\", \"payer_id\": \"LDHCPDKBF2UL2\", \"address\": {\"address_line_1\": \"1516 VIA ASTURIAS\", \"admin_area_2\": \"CA\", \"postal_code\": \"90274\", \"country_code\": \"US\"}}, \"create_time\": \"2021-01-10T17:45:43Z\", \"update_time\": \"2021-01-10T17:46:57Z\", \"links\": [{\"href\": \"https://api.paypal.com/v2/checkout/orders/1CA48570L1718230R\", \"rel\": \"self\", \"method\": \"GET\"}]}',1,0,'paypal'),(130,'PO742288456','USD',100.00,'1',NULL,'2021-01-12 23:53:20.694710','2021-01-12 23:54:37.103207',18,1,'\"{\\\"create_time\\\":\\\"2021-01-12T23:53:21Z\\\",\\\"update_time\\\":\\\"2021-01-12T23:54:33Z\\\",\\\"id\\\":\\\"44F589452L1325201\\\",\\\"intent\\\":\\\"CAPTURE\\\",\\\"status\\\":\\\"COMPLETED\\\",\\\"payer\\\":{\\\"email_address\\\":\\\"taye.doherty@gmail.com\\\",\\\"payer_id\\\":\\\"GEZN7JPKPJ6VS\\\",\\\"address\\\":{\\\"address_line_1\\\":\\\"177 Edgeware Ct\\\",\\\"admin_area_2\\\":\\\"CA\\\",\\\"postal_code\\\":\\\"94582\\\",\\\"country_code\\\":\\\"US\\\"},\\\"name\\\":{\\\"given_name\\\":\\\"Taye\\\",\\\"surname\\\":\\\"Doherty\\\"}},\\\"purchase_units\\\":[{\\\"reference_id\\\":\\\"default\\\",\\\"custom_id\\\":\\\"PO742288456\\\",\\\"invoice_id\\\":\\\"PO742288456\\\",\\\"soft_descriptor\\\":\\\"PAYPAL *CALIFORNIA\\\",\\\"amount\\\":{\\\"value\\\":\\\"100.00\\\",\\\"currency_code\\\":\\\"USD\\\"},\\\"payee\\\":{\\\"email_address\\\":\\\"taye.doherty@wpurcell.com\\\",\\\"merchant_id\\\":\\\"UN6YGUGZXXWWN\\\"},\\\"payments\\\":{\\\"captures\\\":[{\\\"status\\\":\\\"COMPLETED\\\",\\\"id\\\":\\\"7CG88337L54679839\\\",\\\"invoice_id\\\":\\\"PO742288456\\\",\\\"final_capture\\\":true,\\\"create_time\\\":\\\"2021-01-12T23:54:33Z\\\",\\\"update_time\\\":\\\"2021-01-12T23:54:33Z\\\",\\\"amount\\\":{\\\"value\\\":\\\"100.00\\\",\\\"currency_code\\\":\\\"USD\\\"},\\\"seller_protection\\\":{\\\"status\\\":\\\"ELIGIBLE\\\",\\\"dispute_categories\\\":[\\\"ITEM_NOT_RECEIVED\\\",\\\"UNAUTHORIZED_TRANSACTION\\\"]},\\\"links\\\":[{\\\"href\\\":\\\"https://api.paypal.com/v2/payments/captures/7CG88337L54679839\\\",\\\"rel\\\":\\\"self\\\",\\\"method\\\":\\\"GET\\\",\\\"title\\\":\\\"GET\\\"},{\\\"href\\\":\\\"https://api.paypal.com/v2/payments/captures/7CG88337L54679839/refund\\\",\\\"rel\\\":\\\"refund\\\",\\\"method\\\":\\\"POST\\\",\\\"title\\\":\\\"POST\\\"},{\\\"href\\\":\\\"https://api.paypal.com/v2/checkout/orders/44F589452L1325201\\\",\\\"rel\\\":\\\"up\\\",\\\"method\\\":\\\"GET\\\",\\\"title\\\":\\\"GET\\\"}]}]}}],\\\"links\\\":[{\\\"href\\\":\\\"https://api.paypal.com/v2/checkout/orders/44F589452L1325201\\\",\\\"rel\\\":\\\"self\\\",\\\"method\\\":\\\"GET\\\",\\\"title\\\":\\\"GET\\\"}]}\"',NULL,'{\"id\": \"44F589452L1325201\", \"intent\": \"CAPTURE\", \"status\": \"COMPLETED\", \"purchase_units\": [{\"reference_id\": \"default\", \"amount\": {\"currency_code\": \"USD\", \"value\": \"100.00\"}, \"payee\": {\"email_address\": \"taye.doherty@wpurcell.com\", \"merchant_id\": \"UN6YGUGZXXWWN\", \"display_data\": {\"brand_name\": \"SS FOSI Donation\"}}, \"custom_id\": \"PO742288456\", \"invoice_id\": \"PO742288456\", \"soft_descriptor\": \"PAYPAL *CALIFORNIA\", \"payments\": {\"captures\": [{\"id\": \"7CG88337L54679839\", \"status\": \"COMPLETED\", \"amount\": {\"currency_code\": \"USD\", \"value\": \"100.00\"}, \"final_capture\": true, \"seller_protection\": {\"status\": \"ELIGIBLE\", \"dispute_categories\": [\"ITEM_NOT_RECEIVED\", \"UNAUTHORIZED_TRANSACTION\"]}, \"seller_receivable_breakdown\": {\"gross_amount\": {\"currency_code\": \"USD\", \"value\": \"100.00\"}, \"paypal_fee\": {\"currency_code\": \"USD\", \"value\": \"3.20\"}, \"net_amount\": {\"currency_code\": \"USD\", \"value\": \"96.80\"}}, \"invoice_id\": \"PO742288456\", \"custom_id\": \"PO742288456\", \"links\": [{\"href\": \"https://api.paypal.com/v2/payments/captures/7CG88337L54679839\", \"rel\": \"self\", \"method\": \"GET\"}, {\"href\": \"https://api.paypal.com/v2/payments/captures/7CG88337L54679839/refund\", \"rel\": \"refund\", \"method\": \"POST\"}, {\"href\": \"https://api.paypal.com/v2/checkout/orders/44F589452L1325201\", \"rel\": \"up\", \"method\": \"GET\"}], \"create_time\": \"2021-01-12T23:54:33Z\", \"update_time\": \"2021-01-12T23:54:33Z\"}]}}], \"payer\": {\"name\": {\"given_name\": \"Taye\", \"surname\": \"Doherty\"}, \"email_address\": \"taye.doherty@gmail.com\", \"payer_id\": \"GEZN7JPKPJ6VS\", \"address\": {\"address_line_1\": \"177 Edgeware Ct\", \"admin_area_2\": \"CA\", \"postal_code\": \"94582\", \"country_code\": \"US\"}}, \"create_time\": \"2021-01-12T23:53:21Z\", \"update_time\": \"2021-01-12T23:54:33Z\", \"links\": [{\"href\": \"https://api.paypal.com/v2/checkout/orders/44F589452L1325201\", \"rel\": \"self\", \"method\": \"GET\"}]}',1,0,'paypal'),(131,'POF9EB94F05','USD',10.00,'6',NULL,'2021-01-17 13:11:11.851837',NULL,3,11,'{}',NULL,'{}',1,0,'paypal'),(132,'POC8420C976','NGN',700.00,'6',NULL,'2021-01-17 13:12:20.287265',NULL,3,2,'{}',NULL,'{}',1,0,'paystack'),(133,'PO435A8D22C','NGN',700.00,'6',NULL,'2021-01-17 13:36:55.827954',NULL,3,17,'{}',NULL,'{}',1,1,'paystack'),(134,'POA4989F1EB','USD',100.00,'1',NULL,'2021-01-17 17:13:31.059403','2021-01-17 17:19:09.289451',23,2,'\"{\\\"create_time\\\":\\\"2021-01-17T17:13:31Z\\\",\\\"update_time\\\":\\\"2021-01-17T17:19:06Z\\\",\\\"id\\\":\\\"78K24247574063140\\\",\\\"intent\\\":\\\"CAPTURE\\\",\\\"status\\\":\\\"COMPLETED\\\",\\\"payer\\\":{\\\"email_address\\\":\\\"aaayobiojo@msn.com\\\",\\\"payer_id\\\":\\\"FQMHXK8L7AMDU\\\",\\\"address\\\":{\\\"address_line_1\\\":\\\"399 Pleasant Street\\\",\\\"admin_area_2\\\":\\\"Boston Massachusetts \\\",\\\"postal_code\\\":\\\"02072\\\",\\\"country_code\\\":\\\"US\\\"},\\\"name\\\":{\\\"given_name\\\":\\\"Adesola\\\",\\\"surname\\\":\\\"Ayobiojo\\\"}},\\\"purchase_units\\\":[{\\\"reference_id\\\":\\\"default\\\",\\\"custom_id\\\":\\\"POA4989F1EB\\\",\\\"invoice_id\\\":\\\"POA4989F1EB\\\",\\\"soft_descriptor\\\":\\\"PAYPAL *CALIFORNIA\\\",\\\"amount\\\":{\\\"value\\\":\\\"100.00\\\",\\\"currency_code\\\":\\\"USD\\\"},\\\"payee\\\":{\\\"email_address\\\":\\\"taye.doherty@wpurcell.com\\\",\\\"merchant_id\\\":\\\"UN6YGUGZXXWWN\\\"},\\\"payments\\\":{\\\"captures\\\":[{\\\"status\\\":\\\"COMPLETED\\\",\\\"id\\\":\\\"61047539J1493835W\\\",\\\"invoice_id\\\":\\\"POA4989F1EB\\\",\\\"final_capture\\\":true,\\\"create_time\\\":\\\"2021-01-17T17:19:06Z\\\",\\\"update_time\\\":\\\"2021-01-17T17:19:06Z\\\",\\\"amount\\\":{\\\"value\\\":\\\"100.00\\\",\\\"currency_code\\\":\\\"USD\\\"},\\\"seller_protection\\\":{\\\"status\\\":\\\"ELIGIBLE\\\",\\\"dispute_categories\\\":[\\\"ITEM_NOT_RECEIVED\\\",\\\"UNAUTHORIZED_TRANSACTION\\\"]},\\\"links\\\":[{\\\"href\\\":\\\"https://api.paypal.com/v2/payments/captures/61047539J1493835W\\\",\\\"rel\\\":\\\"self\\\",\\\"method\\\":\\\"GET\\\",\\\"title\\\":\\\"GET\\\"},{\\\"href\\\":\\\"https://api.paypal.com/v2/payments/captures/61047539J1493835W/refund\\\",\\\"rel\\\":\\\"refund\\\",\\\"method\\\":\\\"POST\\\",\\\"title\\\":\\\"POST\\\"},{\\\"href\\\":\\\"https://api.paypal.com/v2/checkout/orders/78K24247574063140\\\",\\\"rel\\\":\\\"up\\\",\\\"method\\\":\\\"GET\\\",\\\"title\\\":\\\"GET\\\"}]}]}}],\\\"links\\\":[{\\\"href\\\":\\\"https://api.paypal.com/v2/checkout/orders/78K24247574063140\\\",\\\"rel\\\":\\\"self\\\",\\\"method\\\":\\\"GET\\\",\\\"title\\\":\\\"GET\\\"}]}\"',NULL,'{\"id\": \"78K24247574063140\", \"intent\": \"CAPTURE\", \"status\": \"COMPLETED\", \"purchase_units\": [{\"reference_id\": \"default\", \"amount\": {\"currency_code\": \"USD\", \"value\": \"100.00\"}, \"payee\": {\"email_address\": \"taye.doherty@wpurcell.com\", \"merchant_id\": \"UN6YGUGZXXWWN\", \"display_data\": {\"brand_name\": \"SS FOSI Donation\"}}, \"custom_id\": \"POA4989F1EB\", \"invoice_id\": \"POA4989F1EB\", \"soft_descriptor\": \"PAYPAL *CALIFORNIA\", \"payments\": {\"captures\": [{\"id\": \"61047539J1493835W\", \"status\": \"COMPLETED\", \"amount\": {\"currency_code\": \"USD\", \"value\": \"100.00\"}, \"final_capture\": true, \"seller_protection\": {\"status\": \"ELIGIBLE\", \"dispute_categories\": [\"ITEM_NOT_RECEIVED\", \"UNAUTHORIZED_TRANSACTION\"]}, \"seller_receivable_breakdown\": {\"gross_amount\": {\"currency_code\": \"USD\", \"value\": \"100.00\"}, \"paypal_fee\": {\"currency_code\": \"USD\", \"value\": \"3.20\"}, \"net_amount\": {\"currency_code\": \"USD\", \"value\": \"96.80\"}}, \"invoice_id\": \"POA4989F1EB\", \"custom_id\": \"POA4989F1EB\", \"links\": [{\"href\": \"https://api.paypal.com/v2/payments/captures/61047539J1493835W\", \"rel\": \"self\", \"method\": \"GET\"}, {\"href\": \"https://api.paypal.com/v2/payments/captures/61047539J1493835W/refund\", \"rel\": \"refund\", \"method\": \"POST\"}, {\"href\": \"https://api.paypal.com/v2/checkout/orders/78K24247574063140\", \"rel\": \"up\", \"method\": \"GET\"}], \"create_time\": \"2021-01-17T17:19:06Z\", \"update_time\": \"2021-01-17T17:19:06Z\"}]}}], \"payer\": {\"name\": {\"given_name\": \"Adesola\", \"surname\": \"Ayobiojo\"}, \"email_address\": \"aaayobiojo@msn.com\", \"payer_id\": \"FQMHXK8L7AMDU\", \"address\": {\"address_line_1\": \"399 Pleasant Street\", \"admin_area_2\": \"Boston Massachusetts \", \"postal_code\": \"02072\", \"country_code\": \"US\"}}, \"create_time\": \"2021-01-17T17:13:31Z\", \"update_time\": \"2021-01-17T17:19:06Z\", \"links\": [{\"href\": \"https://api.paypal.com/v2/checkout/orders/78K24247574063140\", \"rel\": \"self\", \"method\": \"GET\"}]}',1,0,'paypal'),(135,'PM2AC70370A','USD',1.00,'1',NULL,'2021-01-19 23:00:14.476040','2021-01-19 23:00:14.705814',1,8,NULL,1,'{\"id\": 967618244, \"domain\": \"live\", \"status\": \"success\", \"reference\": \"PM2AC70370A\", \"amount\": 1, \"message\": null, \"gateway_response\": \"Approved\", \"paid_at\": \"2021-01-19T23:00:14.000Z\", \"created_at\": \"2021-01-19T23:00:09.000Z\", \"channel\": \"card\", \"currency\": \"USD\", \"ip_address\": null, \"metadata\": \"\", \"log\": null, \"fees\": 1, \"fees_split\": null, \"authorization\": {\"authorization_code\": \"AUTH_unvel46210\", \"bin\": \"425907\", \"last4\": \"5815\", \"exp_month\": \"08\", \"exp_year\": \"2024\", \"channel\": \"card\", \"card_type\": \"visa DEBIT\", \"bank\": \"WELLSFARGO\", \"country_code\": \"US\", \"brand\": \"visa\", \"reusable\": true, \"signature\": \"SIG_spUzD6hJbbIzLjg4tMlZ\", \"account_name\": null}, \"customer\": {\"id\": 35871226, \"first_name\": \"Taye\", \"last_name\": \"\", \"email\": \"projectfosrar@gmail.com\", \"customer_code\": \"CUS_3thcxbqm53ozfle\", \"phone\": \"\", \"metadata\": null, \"risk_action\": \"default\", \"international_format_phone\": null}, \"plan\": null, \"split\": {}, \"order_id\": null, \"paidAt\": \"2021-01-19T23:00:14.000Z\", \"createdAt\": \"2021-01-19T23:00:09.000Z\", \"requested_amount\": 1, \"pos_transaction_data\": null, \"transaction_date\": \"2021-01-19T23:00:09.000Z\", \"plan_object\": {}, \"subaccount\": {}}',1,0,'paystack'),(136,'PODCF7B904C','USD',2000.00,'3',NULL,'2021-01-24 21:33:25.674035','2021-01-24 21:40:01.273949',1,17,NULL,NULL,'{\"id\": 973847387, \"domain\": \"live\", \"status\": \"ongoing\", \"reference\": \"PODCF7B904C\", \"amount\": 200000, \"message\": \"\", \"gateway_response\": \"The card holder was not authorised. This is used in 3-D Secure Authentication.\", \"paid_at\": null, \"created_at\": \"2021-01-24T21:33:27.000Z\", \"channel\": \"card\", \"currency\": \"USD\", \"ip_address\": \"89.35.197.228\", \"metadata\": {\"referrer\": \"https://app.ssfosi.com/donate\"}, \"log\": {\"start_time\": 1611524008, \"time_spent\": 184, \"attempts\": 1, \"authentication\": \"3DS\", \"errors\": 1, \"success\": false, \"mobile\": false, \"input\": [], \"history\": [{\"type\": \"input\", \"message\": \"Filled this field: card number\", \"time\": 10}, {\"type\": \"input\", \"message\": \"Filled this field: card expiry\", \"time\": 17}, {\"type\": \"input\", \"message\": \"Filled this field: card cvv\", \"time\": 26}, {\"type\": \"action\", \"message\": \"Attempted to pay with card\", \"time\": 26}, {\"type\": \"auth\", \"message\": \"Authentication Required: 3DS\", \"time\": 28}, {\"type\": \"action\", \"message\": \"Third-party authentication window opened\", \"time\": 32}, {\"type\": \"error\", \"message\": \"Error: The card holder was not authorised. This is used in 3-D Secure Authentication.\", \"time\": 183}, {\"type\": \"action\", \"message\": \"Third-party authentication window closed\", \"time\": 184}]}, \"fees\": null, \"fees_split\": null, \"authorization\": {\"authorization_code\": \"AUTH_tyy2aqtnkx\", \"bin\": \"425907\", \"last4\": \"5815\", \"exp_month\": \"08\", \"exp_year\": \"2024\", \"channel\": \"card\", \"card_type\": \"visa DEBIT\", \"bank\": \"WELLSFARGO\", \"country_code\": \"US\", \"brand\": \"visa\", \"reusable\": true, \"signature\": \"SIG_spUzD6hJbbIzLjg4tMlZ\", \"account_name\": null, \"receiver_bank_account_number\": null, \"receiver_bank\": null}, \"customer\": {\"id\": 35871226, \"first_name\": \"Taye\", \"last_name\": \"\", \"email\": \"projectfosrar@gmail.com\", \"customer_code\": \"CUS_3thcxbqm53ozfle\", \"phone\": \"\", \"metadata\": null, \"risk_action\": \"default\", \"international_format_phone\": null}, \"plan\": null, \"split\": {}, \"order_id\": null, \"paidAt\": null, \"createdAt\": \"2021-01-24T21:33:27.000Z\", \"requested_amount\": 200000, \"pos_transaction_data\": null, \"transaction_date\": \"2021-01-24T21:33:27.000Z\", \"plan_object\": {}, \"subaccount\": {}}',1,0,'paystack'),(137,'PO12F4F44E2','USD',2000.00,'1',NULL,'2021-01-24 21:51:15.228924','2021-01-24 21:53:08.759478',1,17,'\"{\\\"reference\\\":\\\"PO12F4F44E2\\\",\\\"trans\\\":\\\"973871335\\\",\\\"status\\\":\\\"success\\\",\\\"message\\\":\\\"Approved\\\",\\\"transaction\\\":\\\"973871335\\\",\\\"trxref\\\":\\\"PO12F4F44E2\\\"}\"',NULL,'{\"id\": 973871335, \"domain\": \"live\", \"status\": \"success\", \"reference\": \"PO12F4F44E2\", \"amount\": 200000, \"message\": \"\", \"gateway_response\": \"Approved\", \"paid_at\": \"2021-01-24T21:53:06.000Z\", \"created_at\": \"2021-01-24T21:51:16.000Z\", \"channel\": \"card\", \"currency\": \"USD\", \"ip_address\": \"89.35.197.228\", \"metadata\": {\"referrer\": \"https://app.ssfosi.com/donate\"}, \"log\": {\"start_time\": 1611525079, \"time_spent\": 108, \"attempts\": 1, \"authentication\": \"3DS\", \"errors\": 0, \"success\": true, \"mobile\": false, \"input\": [], \"history\": [{\"type\": \"input\", \"message\": \"Filled this field: card number\", \"time\": 12}, {\"type\": \"input\", \"message\": \"Filled this field: card expiry\", \"time\": 17}, {\"type\": \"input\", \"message\": \"Filled this field: card cvv\", \"time\": 24}, {\"type\": \"action\", \"message\": \"Attempted to pay with card\", \"time\": 30}, {\"type\": \"auth\", \"message\": \"Authentication Required: 3DS\", \"time\": 31}, {\"type\": \"action\", \"message\": \"Third-party authentication window opened\", \"time\": 32}, {\"type\": \"success\", \"message\": \"Successfully paid with card\", \"time\": 107}, {\"type\": \"action\", \"message\": \"Third-party authentication window closed\", \"time\": 108}]}, \"fees\": 7800, \"fees_split\": null, \"authorization\": {\"authorization_code\": \"AUTH_2kyeyk4yek\", \"bin\": \"425907\", \"last4\": \"5815\", \"exp_month\": \"08\", \"exp_year\": \"2024\", \"channel\": \"card\", \"card_type\": \"visa DEBIT\", \"bank\": \"WELLSFARGO\", \"country_code\": \"US\", \"brand\": \"visa\", \"reusable\": true, \"signature\": \"SIG_spUzD6hJbbIzLjg4tMlZ\", \"account_name\": null, \"receiver_bank_account_number\": null, \"receiver_bank\": null}, \"customer\": {\"id\": 35871226, \"first_name\": \"Taye\", \"last_name\": \"\", \"email\": \"projectfosrar@gmail.com\", \"customer_code\": \"CUS_3thcxbqm53ozfle\", \"phone\": \"\", \"metadata\": null, \"risk_action\": \"default\", \"international_format_phone\": null}, \"plan\": null, \"split\": {}, \"order_id\": null, \"paidAt\": \"2021-01-24T21:53:06.000Z\", \"createdAt\": \"2021-01-24T21:51:16.000Z\", \"requested_amount\": 200000, \"pos_transaction_data\": null, \"transaction_date\": \"2021-01-24T21:51:16.000Z\", \"plan_object\": {}, \"subaccount\": {}}',1,0,'paystack'),(138,'PO7913DDC25','USD',100.00,'6',NULL,'2021-01-30 17:22:38.404958',NULL,18,14,'{}',NULL,'{}',1,0,'paypal'),(139,'PO297B642A6','USD',50.00,'1',NULL,'2021-02-11 01:38:56.571358','2021-02-11 01:39:30.770498',24,14,'\"{\\\"create_time\\\":\\\"2021-02-11T01:38:56Z\\\",\\\"update_time\\\":\\\"2021-02-11T01:39:27Z\\\",\\\"id\\\":\\\"5T5456098B7856446\\\",\\\"intent\\\":\\\"CAPTURE\\\",\\\"status\\\":\\\"COMPLETED\\\",\\\"payer\\\":{\\\"email_address\\\":\\\"ademola@palomeda.com\\\",\\\"payer_id\\\":\\\"UCAVUNV5YLBM8\\\",\\\"address\\\":{\\\"address_line_1\\\":\\\"31 Boehm Way\\\",\\\"admin_area_2\\\":\\\"Hillsborough\\\",\\\"postal_code\\\":\\\"08844\\\",\\\"country_code\\\":\\\"US\\\"},\\\"name\\\":{\\\"given_name\\\":\\\"Peter\\\",\\\"surname\\\":\\\"Olukoya\\\"}},\\\"purchase_units\\\":[{\\\"reference_id\\\":\\\"default\\\",\\\"custom_id\\\":\\\"PO297B642A6\\\",\\\"invoice_id\\\":\\\"PO297B642A6\\\",\\\"soft_descriptor\\\":\\\"PAYPAL *CALIFORNIA\\\",\\\"amount\\\":{\\\"value\\\":\\\"50.00\\\",\\\"currency_code\\\":\\\"USD\\\"},\\\"payee\\\":{\\\"email_address\\\":\\\"taye.doherty@wpurcell.com\\\",\\\"merchant_id\\\":\\\"UN6YGUGZXXWWN\\\"},\\\"payments\\\":{\\\"captures\\\":[{\\\"status\\\":\\\"COMPLETED\\\",\\\"id\\\":\\\"4WP424157H4217027\\\",\\\"invoice_id\\\":\\\"PO297B642A6\\\",\\\"final_capture\\\":true,\\\"create_time\\\":\\\"2021-02-11T01:39:27Z\\\",\\\"update_time\\\":\\\"2021-02-11T01:39:27Z\\\",\\\"amount\\\":{\\\"value\\\":\\\"50.00\\\",\\\"currency_code\\\":\\\"USD\\\"},\\\"seller_protection\\\":{\\\"status\\\":\\\"ELIGIBLE\\\",\\\"dispute_categories\\\":[\\\"ITEM_NOT_RECEIVED\\\",\\\"UNAUTHORIZED_TRANSACTION\\\"]},\\\"links\\\":[{\\\"href\\\":\\\"https://api.paypal.com/v2/payments/captures/4WP424157H4217027\\\",\\\"rel\\\":\\\"self\\\",\\\"method\\\":\\\"GET\\\",\\\"title\\\":\\\"GET\\\"},{\\\"href\\\":\\\"https://api.paypal.com/v2/payments/captures/4WP424157H4217027/refund\\\",\\\"rel\\\":\\\"refund\\\",\\\"method\\\":\\\"POST\\\",\\\"title\\\":\\\"POST\\\"},{\\\"href\\\":\\\"https://api.paypal.com/v2/checkout/orders/5T5456098B7856446\\\",\\\"rel\\\":\\\"up\\\",\\\"method\\\":\\\"GET\\\",\\\"title\\\":\\\"GET\\\"}]}]}}],\\\"links\\\":[{\\\"href\\\":\\\"https://api.paypal.com/v2/checkout/orders/5T5456098B7856446\\\",\\\"rel\\\":\\\"self\\\",\\\"method\\\":\\\"GET\\\",\\\"title\\\":\\\"GET\\\"}]}\"',NULL,'{\"id\": \"5T5456098B7856446\", \"intent\": \"CAPTURE\", \"status\": \"COMPLETED\", \"purchase_units\": [{\"reference_id\": \"default\", \"amount\": {\"currency_code\": \"USD\", \"value\": \"50.00\"}, \"payee\": {\"email_address\": \"taye.doherty@wpurcell.com\", \"merchant_id\": \"UN6YGUGZXXWWN\", \"display_data\": {\"brand_name\": \"SS FOSI Donation\"}}, \"custom_id\": \"PO297B642A6\", \"invoice_id\": \"PO297B642A6\", \"soft_descriptor\": \"PAYPAL *CALIFORNIA\", \"payments\": {\"captures\": [{\"id\": \"4WP424157H4217027\", \"status\": \"COMPLETED\", \"amount\": {\"currency_code\": \"USD\", \"value\": \"50.00\"}, \"final_capture\": true, \"seller_protection\": {\"status\": \"ELIGIBLE\", \"dispute_categories\": [\"ITEM_NOT_RECEIVED\", \"UNAUTHORIZED_TRANSACTION\"]}, \"seller_receivable_breakdown\": {\"gross_amount\": {\"currency_code\": \"USD\", \"value\": \"50.00\"}, \"paypal_fee\": {\"currency_code\": \"USD\", \"value\": \"1.75\"}, \"net_amount\": {\"currency_code\": \"USD\", \"value\": \"48.25\"}}, \"invoice_id\": \"PO297B642A6\", \"custom_id\": \"PO297B642A6\", \"links\": [{\"href\": \"https://api.paypal.com/v2/payments/captures/4WP424157H4217027\", \"rel\": \"self\", \"method\": \"GET\"}, {\"href\": \"https://api.paypal.com/v2/payments/captures/4WP424157H4217027/refund\", \"rel\": \"refund\", \"method\": \"POST\"}, {\"href\": \"https://api.paypal.com/v2/checkout/orders/5T5456098B7856446\", \"rel\": \"up\", \"method\": \"GET\"}], \"create_time\": \"2021-02-11T01:39:27Z\", \"update_time\": \"2021-02-11T01:39:27Z\"}]}}], \"payer\": {\"name\": {\"given_name\": \"Peter\", \"surname\": \"Olukoya\"}, \"email_address\": \"ademola@palomeda.com\", \"payer_id\": \"UCAVUNV5YLBM8\", \"address\": {\"address_line_1\": \"31 Boehm Way\", \"admin_area_2\": \"Hillsborough\", \"postal_code\": \"08844\", \"country_code\": \"US\"}}, \"create_time\": \"2021-02-11T01:38:56Z\", \"update_time\": \"2021-02-11T01:39:27Z\", \"links\": [{\"href\": \"https://api.paypal.com/v2/checkout/orders/5T5456098B7856446\", \"rel\": \"self\", \"method\": \"GET\"}]}',1,0,'paypal'),(140,'PO5A835A41C','USD',20.00,'1',NULL,'2021-02-11 07:38:29.670606','2021-02-11 07:46:12.981865',25,14,'\"{\\\"create_time\\\":\\\"2021-02-11T07:38:30Z\\\",\\\"update_time\\\":\\\"2021-02-11T07:46:08Z\\\",\\\"id\\\":\\\"3TF02767C0357664K\\\",\\\"intent\\\":\\\"CAPTURE\\\",\\\"status\\\":\\\"COMPLETED\\\",\\\"payer\\\":{\\\"email_address\\\":\\\"jadelaja@yahoo.com\\\",\\\"payer_id\\\":\\\"AKKWFM88JYABA\\\",\\\"address\\\":{\\\"address_line_1\\\":\\\"496 Adebola Akhinyemi Afun street \\\",\\\"admin_area_2\\\":\\\"Lagos \\\",\\\"postal_code\\\":\\\"100212\\\",\\\"country_code\\\":\\\"NG\\\"},\\\"name\\\":{\\\"given_name\\\":\\\"Babajide\\\",\\\"surname\\\":\\\"Adelaja\\\"}},\\\"purchase_units\\\":[{\\\"reference_id\\\":\\\"default\\\",\\\"custom_id\\\":\\\"PO5A835A41C\\\",\\\"invoice_id\\\":\\\"PO5A835A41C\\\",\\\"soft_descriptor\\\":\\\"PAYPAL *CALIFORNIA\\\",\\\"amount\\\":{\\\"value\\\":\\\"20.00\\\",\\\"currency_code\\\":\\\"USD\\\"},\\\"payee\\\":{\\\"email_address\\\":\\\"taye.doherty@wpurcell.com\\\",\\\"merchant_id\\\":\\\"UN6YGUGZXXWWN\\\"},\\\"payments\\\":{\\\"captures\\\":[{\\\"status\\\":\\\"COMPLETED\\\",\\\"id\\\":\\\"0CL04431W1386470P\\\",\\\"invoice_id\\\":\\\"PO5A835A41C\\\",\\\"final_capture\\\":true,\\\"create_time\\\":\\\"2021-02-11T07:46:08Z\\\",\\\"update_time\\\":\\\"2021-02-11T07:46:08Z\\\",\\\"amount\\\":{\\\"value\\\":\\\"20.00\\\",\\\"currency_code\\\":\\\"USD\\\"},\\\"seller_protection\\\":{\\\"status\\\":\\\"ELIGIBLE\\\",\\\"dispute_categories\\\":[\\\"ITEM_NOT_RECEIVED\\\",\\\"UNAUTHORIZED_TRANSACTION\\\"]},\\\"links\\\":[{\\\"href\\\":\\\"https://api.paypal.com/v2/payments/captures/0CL04431W1386470P\\\",\\\"rel\\\":\\\"self\\\",\\\"method\\\":\\\"GET\\\",\\\"title\\\":\\\"GET\\\"},{\\\"href\\\":\\\"https://api.paypal.com/v2/payments/captures/0CL04431W1386470P/refund\\\",\\\"rel\\\":\\\"refund\\\",\\\"method\\\":\\\"POST\\\",\\\"title\\\":\\\"POST\\\"},{\\\"href\\\":\\\"https://api.paypal.com/v2/checkout/orders/3TF02767C0357664K\\\",\\\"rel\\\":\\\"up\\\",\\\"method\\\":\\\"GET\\\",\\\"title\\\":\\\"GET\\\"}]}]}}],\\\"links\\\":[{\\\"href\\\":\\\"https://api.paypal.com/v2/checkout/orders/3TF02767C0357664K\\\",\\\"rel\\\":\\\"self\\\",\\\"method\\\":\\\"GET\\\",\\\"title\\\":\\\"GET\\\"}]}\"',NULL,'{\"id\": \"3TF02767C0357664K\", \"intent\": \"CAPTURE\", \"status\": \"COMPLETED\", \"purchase_units\": [{\"reference_id\": \"default\", \"amount\": {\"currency_code\": \"USD\", \"value\": \"20.00\"}, \"payee\": {\"email_address\": \"taye.doherty@wpurcell.com\", \"merchant_id\": \"UN6YGUGZXXWWN\", \"display_data\": {\"brand_name\": \"SS FOSI Donation\"}}, \"custom_id\": \"PO5A835A41C\", \"invoice_id\": \"PO5A835A41C\", \"soft_descriptor\": \"PAYPAL *CALIFORNIA\", \"payments\": {\"captures\": [{\"id\": \"0CL04431W1386470P\", \"status\": \"COMPLETED\", \"amount\": {\"currency_code\": \"USD\", \"value\": \"20.00\"}, \"final_capture\": true, \"seller_protection\": {\"status\": \"ELIGIBLE\", \"dispute_categories\": [\"ITEM_NOT_RECEIVED\", \"UNAUTHORIZED_TRANSACTION\"]}, \"seller_receivable_breakdown\": {\"gross_amount\": {\"currency_code\": \"USD\", \"value\": \"20.00\"}, \"paypal_fee\": {\"currency_code\": \"USD\", \"value\": \"1.18\"}, \"net_amount\": {\"currency_code\": \"USD\", \"value\": \"18.82\"}}, \"invoice_id\": \"PO5A835A41C\", \"custom_id\": \"PO5A835A41C\", \"links\": [{\"href\": \"https://api.paypal.com/v2/payments/captures/0CL04431W1386470P\", \"rel\": \"self\", \"method\": \"GET\"}, {\"href\": \"https://api.paypal.com/v2/payments/captures/0CL04431W1386470P/refund\", \"rel\": \"refund\", \"method\": \"POST\"}, {\"href\": \"https://api.paypal.com/v2/checkout/orders/3TF02767C0357664K\", \"rel\": \"up\", \"method\": \"GET\"}], \"create_time\": \"2021-02-11T07:46:08Z\", \"update_time\": \"2021-02-11T07:46:08Z\"}]}}], \"payer\": {\"name\": {\"given_name\": \"Babajide\", \"surname\": \"Adelaja\"}, \"email_address\": \"jadelaja@yahoo.com\", \"payer_id\": \"AKKWFM88JYABA\", \"address\": {\"address_line_1\": \"496 Adebola Akhinyemi Afun street \", \"admin_area_2\": \"Lagos \", \"postal_code\": \"100212\", \"country_code\": \"NG\"}}, \"create_time\": \"2021-02-11T07:38:30Z\", \"update_time\": \"2021-02-11T07:46:08Z\", \"links\": [{\"href\": \"https://api.paypal.com/v2/checkout/orders/3TF02767C0357664K\", \"rel\": \"self\", \"method\": \"GET\"}]}',1,0,'paypal'),(141,'POC7E82D748','USD',250.00,'1',NULL,'2021-02-14 17:18:47.814756','2021-02-15 21:27:54.073518',26,6,'\"{\\\"create_time\\\":\\\"2021-02-14T17:18:48Z\\\",\\\"update_time\\\":\\\"2021-02-14T17:19:56Z\\\",\\\"id\\\":\\\"6W8609795K4061948\\\",\\\"intent\\\":\\\"CAPTURE\\\",\\\"status\\\":\\\"COMPLETED\\\",\\\"payer\\\":{\\\"email_address\\\":\\\"abiola.ekisola@gmail.com\\\",\\\"payer_id\\\":\\\"D62AKJ96BJHYS\\\",\\\"address\\\":{\\\"address_line_1\\\":\\\"7306 Doddington ct\\\",\\\"admin_area_2\\\":\\\"Laurel\\\",\\\"postal_code\\\":\\\"20707\\\",\\\"country_code\\\":\\\"US\\\"},\\\"name\\\":{\\\"given_name\\\":\\\"Florence\\\",\\\"surname\\\":\\\"Ekisola\\\"}},\\\"purchase_units\\\":[{\\\"reference_id\\\":\\\"default\\\",\\\"custom_id\\\":\\\"POC7E82D748\\\",\\\"invoice_id\\\":\\\"POC7E82D748\\\",\\\"soft_descriptor\\\":\\\"PAYPAL *CALIFORNIA\\\",\\\"amount\\\":{\\\"value\\\":\\\"250.00\\\",\\\"currency_code\\\":\\\"USD\\\"},\\\"payee\\\":{\\\"email_address\\\":\\\"taye.doherty@wpurcell.com\\\",\\\"merchant_id\\\":\\\"UN6YGUGZXXWWN\\\"},\\\"payments\\\":{\\\"captures\\\":[{\\\"status\\\":\\\"COMPLETED\\\",\\\"id\\\":\\\"9H515986YR974880C\\\",\\\"invoice_id\\\":\\\"POC7E82D748\\\",\\\"final_capture\\\":true,\\\"create_time\\\":\\\"2021-02-14T17:19:56Z\\\",\\\"update_time\\\":\\\"2021-02-14T17:19:56Z\\\",\\\"amount\\\":{\\\"value\\\":\\\"250.00\\\",\\\"currency_code\\\":\\\"USD\\\"},\\\"seller_protection\\\":{\\\"status\\\":\\\"ELIGIBLE\\\",\\\"dispute_categories\\\":[\\\"ITEM_NOT_RECEIVED\\\",\\\"UNAUTHORIZED_TRANSACTION\\\"]},\\\"links\\\":[{\\\"href\\\":\\\"https://api.paypal.com/v2/payments/captures/9H515986YR974880C\\\",\\\"rel\\\":\\\"self\\\",\\\"method\\\":\\\"GET\\\",\\\"title\\\":\\\"GET\\\"},{\\\"href\\\":\\\"https://api.paypal.com/v2/payments/captures/9H515986YR974880C/refund\\\",\\\"rel\\\":\\\"refund\\\",\\\"method\\\":\\\"POST\\\",\\\"title\\\":\\\"POST\\\"},{\\\"href\\\":\\\"https://api.paypal.com/v2/checkout/orders/6W8609795K4061948\\\",\\\"rel\\\":\\\"up\\\",\\\"method\\\":\\\"GET\\\",\\\"title\\\":\\\"GET\\\"}]}]}}],\\\"links\\\":[{\\\"href\\\":\\\"https://api.paypal.com/v2/checkout/orders/6W8609795K4061948\\\",\\\"rel\\\":\\\"self\\\",\\\"method\\\":\\\"GET\\\",\\\"title\\\":\\\"GET\\\"}]}\"',NULL,'{\"id\": \"6W8609795K4061948\", \"intent\": \"CAPTURE\", \"status\": \"COMPLETED\", \"purchase_units\": [{\"reference_id\": \"default\", \"amount\": {\"currency_code\": \"USD\", \"value\": \"250.00\", \"breakdown\": {\"item_total\": {\"currency_code\": \"USD\", \"value\": \"250.00\"}, \"shipping\": {\"currency_code\": \"USD\", \"value\": \"0.00\"}, \"handling\": {\"currency_code\": \"USD\", \"value\": \"0.00\"}, \"insurance\": {\"currency_code\": \"USD\", \"value\": \"0.00\"}, \"shipping_discount\": {\"currency_code\": \"USD\", \"value\": \"0.00\"}, \"discount\": {\"currency_code\": \"USD\", \"value\": \"0.00\"}}}, \"payee\": {\"email_address\": \"taye.doherty@wpurcell.com\", \"merchant_id\": \"UN6YGUGZXXWWN\"}, \"description\": \"\", \"custom_id\": \"POC7E82D748\", \"invoice_id\": \"POC7E82D748\", \"soft_descriptor\": \"PAYPAL *CALIFORNIA\", \"shipping\": {\"name\": {\"full_name\": \"Florence Ekisola\"}, \"address\": {}}, \"payments\": {\"captures\": [{\"id\": \"9H515986YR974880C\", \"status\": \"COMPLETED\", \"amount\": {\"currency_code\": \"USD\", \"value\": \"250.00\"}, \"final_capture\": true, \"seller_protection\": {\"status\": \"ELIGIBLE\", \"dispute_categories\": [\"ITEM_NOT_RECEIVED\", \"UNAUTHORIZED_TRANSACTION\"]}, \"seller_receivable_breakdown\": {\"gross_amount\": {\"currency_code\": \"USD\", \"value\": \"250.00\"}, \"paypal_fee\": {\"currency_code\": \"USD\", \"value\": \"7.55\"}, \"net_amount\": {\"currency_code\": \"USD\", \"value\": \"242.45\"}}, \"invoice_id\": \"POC7E82D748\", \"custom_id\": \"POC7E82D748\", \"links\": [{\"href\": \"https://api.paypal.com/v2/payments/captures/9H515986YR974880C\", \"rel\": \"self\", \"method\": \"GET\"}, {\"href\": \"https://api.paypal.com/v2/payments/captures/9H515986YR974880C/refund\", \"rel\": \"refund\", \"method\": \"POST\"}, {\"href\": \"https://api.paypal.com/v2/checkout/orders/6W8609795K4061948\", \"rel\": \"up\", \"method\": \"GET\"}], \"create_time\": \"2021-02-14T17:19:56Z\", \"update_time\": \"2021-02-14T17:19:56Z\"}]}}], \"payer\": {\"name\": {\"given_name\": \"Florence\", \"surname\": \"Ekisola\"}, \"email_address\": \"abiola.ekisola@gmail.com\", \"payer_id\": \"D62AKJ96BJHYS\", \"phone\": {\"phone_number\": {\"national_number\": \"3019384428\"}}, \"address\": {\"country_code\": \"US\"}}, \"update_time\": \"2021-02-14T17:19:56Z\", \"links\": [{\"href\": \"https://api.paypal.com/v2/checkout/orders/6W8609795K4061948\", \"rel\": \"self\", \"method\": \"GET\"}]}',1,0,'paypal'),(142,'PO3D53A3E42','USD',500.00,'1',NULL,'2021-02-16 01:44:42.150804','2021-02-16 01:45:34.566340',27,12,'\"{\\\"create_time\\\":\\\"2021-02-16T01:44:42Z\\\",\\\"update_time\\\":\\\"2021-02-16T01:45:32Z\\\",\\\"id\\\":\\\"3WA04736L2070281W\\\",\\\"intent\\\":\\\"CAPTURE\\\",\\\"status\\\":\\\"COMPLETED\\\",\\\"payer\\\":{\\\"email_address\\\":\\\"blogitrrs@gmail.com\\\",\\\"payer_id\\\":\\\"DGU7XQ23K7XTC\\\",\\\"address\\\":{\\\"address_line_1\\\":\\\"Donovan\\\",\\\"admin_area_2\\\":\\\"Alex\\\",\\\"postal_code\\\":\\\"22304\\\",\\\"country_code\\\":\\\"US\\\"},\\\"name\\\":{\\\"given_name\\\":\\\"R R\\\",\\\"surname\\\":\\\"Sanders\\\"}},\\\"purchase_units\\\":[{\\\"reference_id\\\":\\\"default\\\",\\\"custom_id\\\":\\\"PO3D53A3E42\\\",\\\"invoice_id\\\":\\\"PO3D53A3E42\\\",\\\"soft_descriptor\\\":\\\"PAYPAL *CALIFORNIA\\\",\\\"amount\\\":{\\\"value\\\":\\\"500.00\\\",\\\"currency_code\\\":\\\"USD\\\"},\\\"payee\\\":{\\\"email_address\\\":\\\"taye.doherty@wpurcell.com\\\",\\\"merchant_id\\\":\\\"UN6YGUGZXXWWN\\\"},\\\"payments\\\":{\\\"captures\\\":[{\\\"status\\\":\\\"COMPLETED\\\",\\\"id\\\":\\\"46X09825KU8016815\\\",\\\"invoice_id\\\":\\\"PO3D53A3E42\\\",\\\"final_capture\\\":true,\\\"create_time\\\":\\\"2021-02-16T01:45:32Z\\\",\\\"update_time\\\":\\\"2021-02-16T01:45:32Z\\\",\\\"amount\\\":{\\\"value\\\":\\\"500.00\\\",\\\"currency_code\\\":\\\"USD\\\"},\\\"seller_protection\\\":{\\\"status\\\":\\\"ELIGIBLE\\\",\\\"dispute_categories\\\":[\\\"ITEM_NOT_RECEIVED\\\",\\\"UNAUTHORIZED_TRANSACTION\\\"]},\\\"links\\\":[{\\\"href\\\":\\\"https://api.paypal.com/v2/payments/captures/46X09825KU8016815\\\",\\\"rel\\\":\\\"self\\\",\\\"method\\\":\\\"GET\\\",\\\"title\\\":\\\"GET\\\"},{\\\"href\\\":\\\"https://api.paypal.com/v2/payments/captures/46X09825KU8016815/refund\\\",\\\"rel\\\":\\\"refund\\\",\\\"method\\\":\\\"POST\\\",\\\"title\\\":\\\"POST\\\"},{\\\"href\\\":\\\"https://api.paypal.com/v2/checkout/orders/3WA04736L2070281W\\\",\\\"rel\\\":\\\"up\\\",\\\"method\\\":\\\"GET\\\",\\\"title\\\":\\\"GET\\\"}]}]}}],\\\"links\\\":[{\\\"href\\\":\\\"https://api.paypal.com/v2/checkout/orders/3WA04736L2070281W\\\",\\\"rel\\\":\\\"self\\\",\\\"method\\\":\\\"GET\\\",\\\"title\\\":\\\"GET\\\"}]}\"',NULL,'{\"id\": \"3WA04736L2070281W\", \"intent\": \"CAPTURE\", \"status\": \"COMPLETED\", \"purchase_units\": [{\"reference_id\": \"default\", \"amount\": {\"currency_code\": \"USD\", \"value\": \"500.00\"}, \"payee\": {\"email_address\": \"taye.doherty@wpurcell.com\", \"merchant_id\": \"UN6YGUGZXXWWN\", \"display_data\": {\"brand_name\": \"SS FOSI Donation\"}}, \"custom_id\": \"PO3D53A3E42\", \"invoice_id\": \"PO3D53A3E42\", \"soft_descriptor\": \"PAYPAL *CALIFORNIA\", \"payments\": {\"captures\": [{\"id\": \"46X09825KU8016815\", \"status\": \"COMPLETED\", \"amount\": {\"currency_code\": \"USD\", \"value\": \"500.00\"}, \"final_capture\": true, \"seller_protection\": {\"status\": \"ELIGIBLE\", \"dispute_categories\": [\"ITEM_NOT_RECEIVED\", \"UNAUTHORIZED_TRANSACTION\"]}, \"seller_receivable_breakdown\": {\"gross_amount\": {\"currency_code\": \"USD\", \"value\": \"500.00\"}, \"paypal_fee\": {\"currency_code\": \"USD\", \"value\": \"14.80\"}, \"net_amount\": {\"currency_code\": \"USD\", \"value\": \"485.20\"}}, \"invoice_id\": \"PO3D53A3E42\", \"custom_id\": \"PO3D53A3E42\", \"links\": [{\"href\": \"https://api.paypal.com/v2/payments/captures/46X09825KU8016815\", \"rel\": \"self\", \"method\": \"GET\"}, {\"href\": \"https://api.paypal.com/v2/payments/captures/46X09825KU8016815/refund\", \"rel\": \"refund\", \"method\": \"POST\"}, {\"href\": \"https://api.paypal.com/v2/checkout/orders/3WA04736L2070281W\", \"rel\": \"up\", \"method\": \"GET\"}], \"create_time\": \"2021-02-16T01:45:32Z\", \"update_time\": \"2021-02-16T01:45:32Z\"}]}}], \"payer\": {\"name\": {\"given_name\": \"R R\", \"surname\": \"Sanders\"}, \"email_address\": \"blogitrrs@gmail.com\", \"payer_id\": \"DGU7XQ23K7XTC\", \"address\": {\"address_line_1\": \"Donovan\", \"admin_area_2\": \"Alex\", \"postal_code\": \"22304\", \"country_code\": \"US\"}}, \"create_time\": \"2021-02-16T01:44:42Z\", \"update_time\": \"2021-02-16T01:45:32Z\", \"links\": [{\"href\": \"https://api.paypal.com/v2/checkout/orders/3WA04736L2070281W\", \"rel\": \"self\", \"method\": \"GET\"}]}',1,0,'paypal'),(143,'PO66825A6FE','USD',100.00,'1',NULL,'2021-02-16 06:09:37.044378','2021-02-18 06:38:08.667900',28,5,'\"{\\\"create_time\\\":\\\"2021-02-16T06:09:37Z\\\",\\\"update_time\\\":\\\"2021-02-16T06:09:58Z\\\",\\\"id\\\":\\\"8Y4272532A803170U\\\",\\\"intent\\\":\\\"CAPTURE\\\",\\\"status\\\":\\\"COMPLETED\\\",\\\"payer\\\":{\\\"email_address\\\":\\\"gerrynicks@gmail.com\\\",\\\"payer_id\\\":\\\"PY6DTN6CJL45W\\\",\\\"address\\\":{\\\"address_line_1\\\":\\\"1451 S Irena Ave\\\",\\\"admin_area_2\\\":\\\"Redondo Beach\\\",\\\"postal_code\\\":\\\"90277\\\",\\\"country_code\\\":\\\"US\\\"},\\\"name\\\":{\\\"given_name\\\":\\\"Gerry\\\",\\\"surname\\\":\\\"Nicks\\\"}},\\\"purchase_units\\\":[{\\\"reference_id\\\":\\\"default\\\",\\\"custom_id\\\":\\\"PO66825A6FE\\\",\\\"invoice_id\\\":\\\"PO66825A6FE\\\",\\\"amount\\\":{\\\"value\\\":\\\"100.00\\\",\\\"currency_code\\\":\\\"USD\\\"},\\\"payee\\\":{\\\"email_address\\\":\\\"taye.doherty@wpurcell.com\\\",\\\"merchant_id\\\":\\\"UN6YGUGZXXWWN\\\"},\\\"payments\\\":{\\\"captures\\\":[{\\\"status\\\":\\\"COMPLETED\\\",\\\"id\\\":\\\"7VX35327RX8779211\\\",\\\"invoice_id\\\":\\\"PO66825A6FE\\\",\\\"final_capture\\\":true,\\\"create_time\\\":\\\"2021-02-16T06:09:58Z\\\",\\\"update_time\\\":\\\"2021-02-16T06:09:58Z\\\",\\\"amount\\\":{\\\"value\\\":\\\"100.00\\\",\\\"currency_code\\\":\\\"USD\\\"},\\\"seller_protection\\\":{\\\"status\\\":\\\"ELIGIBLE\\\",\\\"dispute_categories\\\":[\\\"ITEM_NOT_RECEIVED\\\",\\\"UNAUTHORIZED_TRANSACTION\\\"]},\\\"links\\\":[{\\\"href\\\":\\\"https://api.paypal.com/v2/payments/captures/7VX35327RX8779211\\\",\\\"rel\\\":\\\"self\\\",\\\"method\\\":\\\"GET\\\",\\\"title\\\":\\\"GET\\\"},{\\\"href\\\":\\\"https://api.paypal.com/v2/payments/captures/7VX35327RX8779211/refund\\\",\\\"rel\\\":\\\"refund\\\",\\\"method\\\":\\\"POST\\\",\\\"title\\\":\\\"POST\\\"},{\\\"href\\\":\\\"https://api.paypal.com/v2/checkout/orders/8Y4272532A803170U\\\",\\\"rel\\\":\\\"up\\\",\\\"method\\\":\\\"GET\\\",\\\"title\\\":\\\"GET\\\"}]}]}}],\\\"links\\\":[{\\\"href\\\":\\\"https://api.paypal.com/v2/checkout/orders/8Y4272532A803170U\\\",\\\"rel\\\":\\\"self\\\",\\\"method\\\":\\\"GET\\\",\\\"title\\\":\\\"GET\\\"}]}\"',NULL,'{\"id\": \"8Y4272532A803170U\", \"intent\": \"CAPTURE\", \"status\": \"COMPLETED\", \"purchase_units\": [{\"reference_id\": \"default\", \"amount\": {\"currency_code\": \"USD\", \"value\": \"100.00\", \"breakdown\": {\"item_total\": {\"currency_code\": \"USD\", \"value\": \"100.00\"}, \"shipping\": {\"currency_code\": \"USD\", \"value\": \"0.00\"}, \"handling\": {\"currency_code\": \"USD\", \"value\": \"0.00\"}, \"insurance\": {\"currency_code\": \"USD\", \"value\": \"0.00\"}, \"shipping_discount\": {\"currency_code\": \"USD\", \"value\": \"0.00\"}, \"discount\": {\"currency_code\": \"USD\", \"value\": \"0.00\"}}}, \"payee\": {\"email_address\": \"taye.doherty@wpurcell.com\", \"merchant_id\": \"UN6YGUGZXXWWN\"}, \"description\": \"\", \"custom_id\": \"PO66825A6FE\", \"invoice_id\": \"PO66825A6FE\", \"shipping\": {\"name\": {\"full_name\": \"Gerry Nicks\"}, \"address\": {}}, \"payments\": {\"captures\": [{\"id\": \"7VX35327RX8779211\", \"status\": \"COMPLETED\", \"amount\": {\"currency_code\": \"USD\", \"value\": \"100.00\"}, \"final_capture\": true, \"seller_protection\": {\"status\": \"ELIGIBLE\", \"dispute_categories\": [\"ITEM_NOT_RECEIVED\", \"UNAUTHORIZED_TRANSACTION\"]}, \"seller_receivable_breakdown\": {\"gross_amount\": {\"currency_code\": \"USD\", \"value\": \"100.00\"}, \"paypal_fee\": {\"currency_code\": \"USD\", \"value\": \"3.20\"}, \"net_amount\": {\"currency_code\": \"USD\", \"value\": \"96.80\"}}, \"invoice_id\": \"PO66825A6FE\", \"custom_id\": \"PO66825A6FE\", \"links\": [{\"href\": \"https://api.paypal.com/v2/payments/captures/7VX35327RX8779211\", \"rel\": \"self\", \"method\": \"GET\"}, {\"href\": \"https://api.paypal.com/v2/payments/captures/7VX35327RX8779211/refund\", \"rel\": \"refund\", \"method\": \"POST\"}, {\"href\": \"https://api.paypal.com/v2/checkout/orders/8Y4272532A803170U\", \"rel\": \"up\", \"method\": \"GET\"}], \"create_time\": \"2021-02-16T06:09:58Z\", \"update_time\": \"2021-02-16T06:09:58Z\"}]}}], \"payer\": {\"name\": {\"given_name\": \"Gerry\", \"surname\": \"Nicks\"}, \"email_address\": \"gerrynicks@gmail.com\", \"payer_id\": \"PY6DTN6CJL45W\", \"phone\": {\"phone_number\": {\"national_number\": \"3107015332\"}}, \"address\": {\"country_code\": \"US\"}}, \"update_time\": \"2021-02-16T06:09:58Z\", \"links\": [{\"href\": \"https://api.paypal.com/v2/checkout/orders/8Y4272532A803170U\", \"rel\": \"self\", \"method\": \"GET\"}]}',1,0,'paypal'),(144,'PO28AAAD127','USD',500.00,'6',NULL,'2021-02-16 18:52:14.372270',NULL,29,12,'{}',NULL,'{}',1,0,'paypal'),(145,'PO8504317A8','USD',500.00,'1',NULL,'2021-02-16 19:08:48.834387','2021-02-16 19:13:49.569672',29,3,'\"{\\\"create_time\\\":\\\"2021-02-16T19:08:49Z\\\",\\\"update_time\\\":\\\"2021-02-16T19:09:31Z\\\",\\\"id\\\":\\\"90Y56396SX8376213\\\",\\\"intent\\\":\\\"CAPTURE\\\",\\\"status\\\":\\\"COMPLETED\\\",\\\"payer\\\":{\\\"email_address\\\":\\\"awojobiolasimbo123@gmail.com\\\",\\\"payer_id\\\":\\\"C6YEJZNHTP268\\\",\\\"address\\\":{\\\"address_line_1\\\":\\\"128 so Durand pl. Apt B3\\\",\\\"admin_area_2\\\":\\\"NJ\\\",\\\"postal_code\\\":\\\"07111\\\",\\\"country_code\\\":\\\"US\\\"},\\\"name\\\":{\\\"given_name\\\":\\\"Olasimbo\\\",\\\"surname\\\":\\\"Awojobi\\\"}},\\\"purchase_units\\\":[{\\\"reference_id\\\":\\\"default\\\",\\\"custom_id\\\":\\\"PO8504317A8\\\",\\\"invoice_id\\\":\\\"PO8504317A8\\\",\\\"soft_descriptor\\\":\\\"PAYPAL *CALIFORNIA\\\",\\\"amount\\\":{\\\"value\\\":\\\"500.00\\\",\\\"currency_code\\\":\\\"USD\\\"},\\\"payee\\\":{\\\"email_address\\\":\\\"taye.doherty@wpurcell.com\\\",\\\"merchant_id\\\":\\\"UN6YGUGZXXWWN\\\"},\\\"payments\\\":{\\\"captures\\\":[{\\\"status\\\":\\\"COMPLETED\\\",\\\"id\\\":\\\"5L26720139479663M\\\",\\\"invoice_id\\\":\\\"PO8504317A8\\\",\\\"final_capture\\\":true,\\\"create_time\\\":\\\"2021-02-16T19:09:31Z\\\",\\\"update_time\\\":\\\"2021-02-16T19:09:31Z\\\",\\\"amount\\\":{\\\"value\\\":\\\"500.00\\\",\\\"currency_code\\\":\\\"USD\\\"},\\\"seller_protection\\\":{\\\"status\\\":\\\"ELIGIBLE\\\",\\\"dispute_categories\\\":[\\\"ITEM_NOT_RECEIVED\\\",\\\"UNAUTHORIZED_TRANSACTION\\\"]},\\\"links\\\":[{\\\"href\\\":\\\"https://api.paypal.com/v2/payments/captures/5L26720139479663M\\\",\\\"rel\\\":\\\"self\\\",\\\"method\\\":\\\"GET\\\",\\\"title\\\":\\\"GET\\\"},{\\\"href\\\":\\\"https://api.paypal.com/v2/payments/captures/5L26720139479663M/refund\\\",\\\"rel\\\":\\\"refund\\\",\\\"method\\\":\\\"POST\\\",\\\"title\\\":\\\"POST\\\"},{\\\"href\\\":\\\"https://api.paypal.com/v2/checkout/orders/90Y56396SX8376213\\\",\\\"rel\\\":\\\"up\\\",\\\"method\\\":\\\"GET\\\",\\\"title\\\":\\\"GET\\\"}]}]}}],\\\"links\\\":[{\\\"href\\\":\\\"https://api.paypal.com/v2/checkout/orders/90Y56396SX8376213\\\",\\\"rel\\\":\\\"self\\\",\\\"method\\\":\\\"GET\\\",\\\"title\\\":\\\"GET\\\"}]}\"',NULL,'{\"id\": \"90Y56396SX8376213\", \"intent\": \"CAPTURE\", \"status\": \"COMPLETED\", \"purchase_units\": [{\"reference_id\": \"default\", \"amount\": {\"currency_code\": \"USD\", \"value\": \"500.00\"}, \"payee\": {\"email_address\": \"taye.doherty@wpurcell.com\", \"merchant_id\": \"UN6YGUGZXXWWN\", \"display_data\": {\"brand_name\": \"SS FOSI Donation\"}}, \"custom_id\": \"PO8504317A8\", \"invoice_id\": \"PO8504317A8\", \"soft_descriptor\": \"PAYPAL *CALIFORNIA\", \"payments\": {\"captures\": [{\"id\": \"5L26720139479663M\", \"status\": \"COMPLETED\", \"amount\": {\"currency_code\": \"USD\", \"value\": \"500.00\"}, \"final_capture\": true, \"seller_protection\": {\"status\": \"ELIGIBLE\", \"dispute_categories\": [\"ITEM_NOT_RECEIVED\", \"UNAUTHORIZED_TRANSACTION\"]}, \"seller_receivable_breakdown\": {\"gross_amount\": {\"currency_code\": \"USD\", \"value\": \"500.00\"}, \"paypal_fee\": {\"currency_code\": \"USD\", \"value\": \"14.80\"}, \"net_amount\": {\"currency_code\": \"USD\", \"value\": \"485.20\"}}, \"invoice_id\": \"PO8504317A8\", \"custom_id\": \"PO8504317A8\", \"links\": [{\"href\": \"https://api.paypal.com/v2/payments/captures/5L26720139479663M\", \"rel\": \"self\", \"method\": \"GET\"}, {\"href\": \"https://api.paypal.com/v2/payments/captures/5L26720139479663M/refund\", \"rel\": \"refund\", \"method\": \"POST\"}, {\"href\": \"https://api.paypal.com/v2/checkout/orders/90Y56396SX8376213\", \"rel\": \"up\", \"method\": \"GET\"}], \"create_time\": \"2021-02-16T19:09:31Z\", \"update_time\": \"2021-02-16T19:09:31Z\"}]}}], \"payer\": {\"name\": {\"given_name\": \"Olasimbo\", \"surname\": \"Awojobi\"}, \"email_address\": \"awojobiolasimbo123@gmail.com\", \"payer_id\": \"C6YEJZNHTP268\", \"address\": {\"address_line_1\": \"128 so Durand pl. Apt B3\", \"admin_area_2\": \"NJ\", \"postal_code\": \"07111\", \"country_code\": \"US\"}}, \"create_time\": \"2021-02-16T19:08:49Z\", \"update_time\": \"2021-02-16T19:09:31Z\", \"links\": [{\"href\": \"https://api.paypal.com/v2/checkout/orders/90Y56396SX8376213\", \"rel\": \"self\", \"method\": \"GET\"}]}',1,0,'paypal'),(146,'PO60CEF5588','USD',500.00,'6',NULL,'2021-02-16 19:08:53.343342',NULL,29,3,'{}',NULL,'{}',1,0,'paypal'),(147,'PO7ABAA92EE','USD',500.00,'1',NULL,'2021-02-16 21:16:31.974033','2021-02-16 21:19:56.541645',30,8,'\"{\\\"create_time\\\":\\\"2021-02-16T21:16:33Z\\\",\\\"update_time\\\":\\\"2021-02-16T21:18:46Z\\\",\\\"id\\\":\\\"77243200YA8254121\\\",\\\"intent\\\":\\\"CAPTURE\\\",\\\"status\\\":\\\"COMPLETED\\\",\\\"payer\\\":{\\\"email_address\\\":\\\"tuaklij@gmail.com\\\",\\\"payer_id\\\":\\\"BH7KXB998EF4C\\\",\\\"address\\\":{\\\"address_line_1\\\":\\\"469 Mystic Street\\\",\\\"admin_area_2\\\":\\\"Arlington , MA\\\",\\\"postal_code\\\":\\\"02474\\\",\\\"country_code\\\":\\\"US\\\"},\\\"name\\\":{\\\"given_name\\\":\\\"Juliette\\\",\\\"surname\\\":\\\"TUAKLI\\\"}},\\\"purchase_units\\\":[{\\\"reference_id\\\":\\\"default\\\",\\\"custom_id\\\":\\\"PO7ABAA92EE\\\",\\\"invoice_id\\\":\\\"PO7ABAA92EE\\\",\\\"soft_descriptor\\\":\\\"PAYPAL *CALIFORNIA\\\",\\\"amount\\\":{\\\"value\\\":\\\"500.00\\\",\\\"currency_code\\\":\\\"USD\\\"},\\\"payee\\\":{\\\"email_address\\\":\\\"taye.doherty@wpurcell.com\\\",\\\"merchant_id\\\":\\\"UN6YGUGZXXWWN\\\"},\\\"payments\\\":{\\\"captures\\\":[{\\\"status\\\":\\\"COMPLETED\\\",\\\"id\\\":\\\"45L344553B427701H\\\",\\\"invoice_id\\\":\\\"PO7ABAA92EE\\\",\\\"final_capture\\\":true,\\\"create_time\\\":\\\"2021-02-16T21:18:46Z\\\",\\\"update_time\\\":\\\"2021-02-16T21:18:46Z\\\",\\\"amount\\\":{\\\"value\\\":\\\"500.00\\\",\\\"currency_code\\\":\\\"USD\\\"},\\\"seller_protection\\\":{\\\"status\\\":\\\"ELIGIBLE\\\",\\\"dispute_categories\\\":[\\\"ITEM_NOT_RECEIVED\\\",\\\"UNAUTHORIZED_TRANSACTION\\\"]},\\\"links\\\":[{\\\"href\\\":\\\"https://api.paypal.com/v2/payments/captures/45L344553B427701H\\\",\\\"rel\\\":\\\"self\\\",\\\"method\\\":\\\"GET\\\",\\\"title\\\":\\\"GET\\\"},{\\\"href\\\":\\\"https://api.paypal.com/v2/payments/captures/45L344553B427701H/refund\\\",\\\"rel\\\":\\\"refund\\\",\\\"method\\\":\\\"POST\\\",\\\"title\\\":\\\"POST\\\"},{\\\"href\\\":\\\"https://api.paypal.com/v2/checkout/orders/77243200YA8254121\\\",\\\"rel\\\":\\\"up\\\",\\\"method\\\":\\\"GET\\\",\\\"title\\\":\\\"GET\\\"}]}]}}],\\\"links\\\":[{\\\"href\\\":\\\"https://api.paypal.com/v2/checkout/orders/77243200YA8254121\\\",\\\"rel\\\":\\\"self\\\",\\\"method\\\":\\\"GET\\\",\\\"title\\\":\\\"GET\\\"}]}\"',NULL,'{\"id\": \"77243200YA8254121\", \"intent\": \"CAPTURE\", \"status\": \"COMPLETED\", \"purchase_units\": [{\"reference_id\": \"default\", \"amount\": {\"currency_code\": \"USD\", \"value\": \"500.00\"}, \"payee\": {\"email_address\": \"taye.doherty@wpurcell.com\", \"merchant_id\": \"UN6YGUGZXXWWN\", \"display_data\": {\"brand_name\": \"SS FOSI Donation\"}}, \"custom_id\": \"PO7ABAA92EE\", \"invoice_id\": \"PO7ABAA92EE\", \"soft_descriptor\": \"PAYPAL *CALIFORNIA\", \"payments\": {\"captures\": [{\"id\": \"45L344553B427701H\", \"status\": \"COMPLETED\", \"amount\": {\"currency_code\": \"USD\", \"value\": \"500.00\"}, \"final_capture\": true, \"seller_protection\": {\"status\": \"ELIGIBLE\", \"dispute_categories\": [\"ITEM_NOT_RECEIVED\", \"UNAUTHORIZED_TRANSACTION\"]}, \"seller_receivable_breakdown\": {\"gross_amount\": {\"currency_code\": \"USD\", \"value\": \"500.00\"}, \"paypal_fee\": {\"currency_code\": \"USD\", \"value\": \"14.80\"}, \"net_amount\": {\"currency_code\": \"USD\", \"value\": \"485.20\"}}, \"invoice_id\": \"PO7ABAA92EE\", \"custom_id\": \"PO7ABAA92EE\", \"links\": [{\"href\": \"https://api.paypal.com/v2/payments/captures/45L344553B427701H\", \"rel\": \"self\", \"method\": \"GET\"}, {\"href\": \"https://api.paypal.com/v2/payments/captures/45L344553B427701H/refund\", \"rel\": \"refund\", \"method\": \"POST\"}, {\"href\": \"https://api.paypal.com/v2/checkout/orders/77243200YA8254121\", \"rel\": \"up\", \"method\": \"GET\"}], \"create_time\": \"2021-02-16T21:18:46Z\", \"update_time\": \"2021-02-16T21:18:46Z\"}]}}], \"payer\": {\"name\": {\"given_name\": \"Juliette\", \"surname\": \"TUAKLI\"}, \"email_address\": \"tuaklij@gmail.com\", \"payer_id\": \"BH7KXB998EF4C\", \"address\": {\"address_line_1\": \"469 Mystic Street\", \"admin_area_2\": \"Arlington , MA\", \"postal_code\": \"02474\", \"country_code\": \"US\"}}, \"create_time\": \"2021-02-16T21:16:33Z\", \"update_time\": \"2021-02-16T21:18:46Z\", \"links\": [{\"href\": \"https://api.paypal.com/v2/checkout/orders/77243200YA8254121\", \"rel\": \"self\", \"method\": \"GET\"}]}',1,0,'paypal'),(148,'PO2AC58093B','USD',200.00,'1',NULL,'2021-02-17 01:02:56.307940','2021-02-17 01:04:20.525553',31,5,'\"{\\\"create_time\\\":\\\"2021-02-17T01:02:56Z\\\",\\\"update_time\\\":\\\"2021-02-17T01:04:18Z\\\",\\\"id\\\":\\\"7GB167808V085901Y\\\",\\\"intent\\\":\\\"CAPTURE\\\",\\\"status\\\":\\\"COMPLETED\\\",\\\"payer\\\":{\\\"email_address\\\":\\\"yemdy@aol.com\\\",\\\"payer_id\\\":\\\"S3BCETDWW76CW\\\",\\\"address\\\":{\\\"country_code\\\":\\\"GB\\\"},\\\"name\\\":{\\\"given_name\\\":\\\"Adeyemi\\\",\\\"surname\\\":\\\"Demuren\\\"}},\\\"purchase_units\\\":[{\\\"reference_id\\\":\\\"default\\\",\\\"custom_id\\\":\\\"PO2AC58093B\\\",\\\"invoice_id\\\":\\\"PO2AC58093B\\\",\\\"soft_descriptor\\\":\\\"PAYPAL *CALIFORNIA\\\",\\\"amount\\\":{\\\"value\\\":\\\"200.00\\\",\\\"currency_code\\\":\\\"USD\\\"},\\\"payee\\\":{\\\"email_address\\\":\\\"taye.doherty@wpurcell.com\\\",\\\"merchant_id\\\":\\\"UN6YGUGZXXWWN\\\"},\\\"payments\\\":{\\\"captures\\\":[{\\\"status\\\":\\\"COMPLETED\\\",\\\"id\\\":\\\"3L2328915A3950813\\\",\\\"invoice_id\\\":\\\"PO2AC58093B\\\",\\\"final_capture\\\":true,\\\"create_time\\\":\\\"2021-02-17T01:04:18Z\\\",\\\"update_time\\\":\\\"2021-02-17T01:04:18Z\\\",\\\"amount\\\":{\\\"value\\\":\\\"200.00\\\",\\\"currency_code\\\":\\\"USD\\\"},\\\"seller_protection\\\":{\\\"status\\\":\\\"ELIGIBLE\\\",\\\"dispute_categories\\\":[\\\"ITEM_NOT_RECEIVED\\\",\\\"UNAUTHORIZED_TRANSACTION\\\"]},\\\"links\\\":[{\\\"href\\\":\\\"https://api.paypal.com/v2/payments/captures/3L2328915A3950813\\\",\\\"rel\\\":\\\"self\\\",\\\"method\\\":\\\"GET\\\",\\\"title\\\":\\\"GET\\\"},{\\\"href\\\":\\\"https://api.paypal.com/v2/payments/captures/3L2328915A3950813/refund\\\",\\\"rel\\\":\\\"refund\\\",\\\"method\\\":\\\"POST\\\",\\\"title\\\":\\\"POST\\\"},{\\\"href\\\":\\\"https://api.paypal.com/v2/checkout/orders/7GB167808V085901Y\\\",\\\"rel\\\":\\\"up\\\",\\\"method\\\":\\\"GET\\\",\\\"title\\\":\\\"GET\\\"}]}]}}],\\\"links\\\":[{\\\"href\\\":\\\"https://api.paypal.com/v2/checkout/orders/7GB167808V085901Y\\\",\\\"rel\\\":\\\"self\\\",\\\"method\\\":\\\"GET\\\",\\\"title\\\":\\\"GET\\\"}]}\"',NULL,'{\"id\": \"7GB167808V085901Y\", \"intent\": \"CAPTURE\", \"status\": \"COMPLETED\", \"purchase_units\": [{\"reference_id\": \"default\", \"amount\": {\"currency_code\": \"USD\", \"value\": \"200.00\"}, \"payee\": {\"email_address\": \"taye.doherty@wpurcell.com\", \"merchant_id\": \"UN6YGUGZXXWWN\", \"display_data\": {\"brand_name\": \"SS FOSI Donation\"}}, \"custom_id\": \"PO2AC58093B\", \"invoice_id\": \"PO2AC58093B\", \"soft_descriptor\": \"PAYPAL *CALIFORNIA\", \"payments\": {\"captures\": [{\"id\": \"3L2328915A3950813\", \"status\": \"COMPLETED\", \"amount\": {\"currency_code\": \"USD\", \"value\": \"200.00\"}, \"final_capture\": true, \"seller_protection\": {\"status\": \"ELIGIBLE\", \"dispute_categories\": [\"ITEM_NOT_RECEIVED\", \"UNAUTHORIZED_TRANSACTION\"]}, \"seller_receivable_breakdown\": {\"gross_amount\": {\"currency_code\": \"USD\", \"value\": \"200.00\"}, \"paypal_fee\": {\"currency_code\": \"USD\", \"value\": \"9.10\"}, \"net_amount\": {\"currency_code\": \"USD\", \"value\": \"190.90\"}}, \"invoice_id\": \"PO2AC58093B\", \"custom_id\": \"PO2AC58093B\", \"links\": [{\"href\": \"https://api.paypal.com/v2/payments/captures/3L2328915A3950813\", \"rel\": \"self\", \"method\": \"GET\"}, {\"href\": \"https://api.paypal.com/v2/payments/captures/3L2328915A3950813/refund\", \"rel\": \"refund\", \"method\": \"POST\"}, {\"href\": \"https://api.paypal.com/v2/checkout/orders/7GB167808V085901Y\", \"rel\": \"up\", \"method\": \"GET\"}], \"create_time\": \"2021-02-17T01:04:18Z\", \"update_time\": \"2021-02-17T01:04:18Z\"}]}}], \"payer\": {\"name\": {\"given_name\": \"Adeyemi\", \"surname\": \"Demuren\"}, \"email_address\": \"yemdy@aol.com\", \"payer_id\": \"S3BCETDWW76CW\", \"address\": {\"country_code\": \"GB\"}}, \"create_time\": \"2021-02-17T01:02:56Z\", \"update_time\": \"2021-02-17T01:04:18Z\", \"links\": [{\"href\": \"https://api.paypal.com/v2/checkout/orders/7GB167808V085901Y\", \"rel\": \"self\", \"method\": \"GET\"}]}',1,0,'paypal'),(149,'POCD52370AC','USD',100.00,'1',NULL,'2021-02-17 22:19:39.611733','2021-02-17 22:20:18.859994',32,8,'\"{\\\"create_time\\\":\\\"2021-02-17T22:19:40Z\\\",\\\"update_time\\\":\\\"2021-02-17T22:20:16Z\\\",\\\"id\\\":\\\"16V82795BD901474B\\\",\\\"intent\\\":\\\"CAPTURE\\\",\\\"status\\\":\\\"COMPLETED\\\",\\\"payer\\\":{\\\"email_address\\\":\\\"jsfrankel@ideasforactionllc.com\\\",\\\"payer_id\\\":\\\"VGSJWEL7X77ZG\\\",\\\"address\\\":{\\\"address_line_1\\\":\\\"10638 Stonebridge Boulevard\\\",\\\"admin_area_2\\\":\\\"Florida\\\",\\\"postal_code\\\":\\\"33498\\\",\\\"country_code\\\":\\\"US\\\"},\\\"name\\\":{\\\"given_name\\\":\\\"Jean\\\",\\\"surname\\\":\\\"Frankel\\\"}},\\\"purchase_units\\\":[{\\\"reference_id\\\":\\\"default\\\",\\\"custom_id\\\":\\\"POCD52370AC\\\",\\\"invoice_id\\\":\\\"POCD52370AC\\\",\\\"soft_descriptor\\\":\\\"PAYPAL *CALIFORNIA\\\",\\\"amount\\\":{\\\"value\\\":\\\"100.00\\\",\\\"currency_code\\\":\\\"USD\\\"},\\\"payee\\\":{\\\"email_address\\\":\\\"taye.doherty@wpurcell.com\\\",\\\"merchant_id\\\":\\\"UN6YGUGZXXWWN\\\"},\\\"payments\\\":{\\\"captures\\\":[{\\\"status\\\":\\\"COMPLETED\\\",\\\"id\\\":\\\"1T656722HX9252323\\\",\\\"invoice_id\\\":\\\"POCD52370AC\\\",\\\"final_capture\\\":true,\\\"create_time\\\":\\\"2021-02-17T22:20:16Z\\\",\\\"update_time\\\":\\\"2021-02-17T22:20:16Z\\\",\\\"amount\\\":{\\\"value\\\":\\\"100.00\\\",\\\"currency_code\\\":\\\"USD\\\"},\\\"seller_protection\\\":{\\\"status\\\":\\\"ELIGIBLE\\\",\\\"dispute_categories\\\":[\\\"ITEM_NOT_RECEIVED\\\",\\\"UNAUTHORIZED_TRANSACTION\\\"]},\\\"links\\\":[{\\\"href\\\":\\\"https://api.paypal.com/v2/payments/captures/1T656722HX9252323\\\",\\\"rel\\\":\\\"self\\\",\\\"method\\\":\\\"GET\\\",\\\"title\\\":\\\"GET\\\"},{\\\"href\\\":\\\"https://api.paypal.com/v2/payments/captures/1T656722HX9252323/refund\\\",\\\"rel\\\":\\\"refund\\\",\\\"method\\\":\\\"POST\\\",\\\"title\\\":\\\"POST\\\"},{\\\"href\\\":\\\"https://api.paypal.com/v2/checkout/orders/16V82795BD901474B\\\",\\\"rel\\\":\\\"up\\\",\\\"method\\\":\\\"GET\\\",\\\"title\\\":\\\"GET\\\"}]}]}}],\\\"links\\\":[{\\\"href\\\":\\\"https://api.paypal.com/v2/checkout/orders/16V82795BD901474B\\\",\\\"rel\\\":\\\"self\\\",\\\"method\\\":\\\"GET\\\",\\\"title\\\":\\\"GET\\\"}]}\"',NULL,'{\"id\": \"16V82795BD901474B\", \"intent\": \"CAPTURE\", \"status\": \"COMPLETED\", \"purchase_units\": [{\"reference_id\": \"default\", \"amount\": {\"currency_code\": \"USD\", \"value\": \"100.00\"}, \"payee\": {\"email_address\": \"taye.doherty@wpurcell.com\", \"merchant_id\": \"UN6YGUGZXXWWN\", \"display_data\": {\"brand_name\": \"SS FOSI Donation\"}}, \"custom_id\": \"POCD52370AC\", \"invoice_id\": \"POCD52370AC\", \"soft_descriptor\": \"PAYPAL *CALIFORNIA\", \"payments\": {\"captures\": [{\"id\": \"1T656722HX9252323\", \"status\": \"COMPLETED\", \"amount\": {\"currency_code\": \"USD\", \"value\": \"100.00\"}, \"final_capture\": true, \"seller_protection\": {\"status\": \"ELIGIBLE\", \"dispute_categories\": [\"ITEM_NOT_RECEIVED\", \"UNAUTHORIZED_TRANSACTION\"]}, \"seller_receivable_breakdown\": {\"gross_amount\": {\"currency_code\": \"USD\", \"value\": \"100.00\"}, \"paypal_fee\": {\"currency_code\": \"USD\", \"value\": \"3.20\"}, \"net_amount\": {\"currency_code\": \"USD\", \"value\": \"96.80\"}}, \"invoice_id\": \"POCD52370AC\", \"custom_id\": \"POCD52370AC\", \"links\": [{\"href\": \"https://api.paypal.com/v2/payments/captures/1T656722HX9252323\", \"rel\": \"self\", \"method\": \"GET\"}, {\"href\": \"https://api.paypal.com/v2/payments/captures/1T656722HX9252323/refund\", \"rel\": \"refund\", \"method\": \"POST\"}, {\"href\": \"https://api.paypal.com/v2/checkout/orders/16V82795BD901474B\", \"rel\": \"up\", \"method\": \"GET\"}], \"create_time\": \"2021-02-17T22:20:16Z\", \"update_time\": \"2021-02-17T22:20:16Z\"}]}}], \"payer\": {\"name\": {\"given_name\": \"Jean\", \"surname\": \"Frankel\"}, \"email_address\": \"jsfrankel@ideasforactionllc.com\", \"payer_id\": \"VGSJWEL7X77ZG\", \"address\": {\"address_line_1\": \"10638 Stonebridge Boulevard\", \"admin_area_2\": \"Florida\", \"postal_code\": \"33498\", \"country_code\": \"US\"}}, \"create_time\": \"2021-02-17T22:19:40Z\", \"update_time\": \"2021-02-17T22:20:16Z\", \"links\": [{\"href\": \"https://api.paypal.com/v2/checkout/orders/16V82795BD901474B\", \"rel\": \"self\", \"method\": \"GET\"}]}',1,0,'paypal'),(150,'PM75387E03A','USD',1.00,'1',NULL,'2021-02-18 23:00:03.342417','2021-02-18 23:00:03.681511',1,8,NULL,1,'{\"id\": 1006501807, \"domain\": \"live\", \"status\": \"success\", \"reference\": \"PM75387E03A\", \"amount\": 1, \"message\": null, \"gateway_response\": \"Approved\", \"paid_at\": \"2021-02-18T23:00:03.000Z\", \"created_at\": \"2021-02-18T23:00:00.000Z\", \"channel\": \"card\", \"currency\": \"USD\", \"ip_address\": null, \"metadata\": \"\", \"log\": null, \"fees\": 1, \"fees_split\": null, \"authorization\": {\"authorization_code\": \"AUTH_unvel46210\", \"bin\": \"425907\", \"last4\": \"5815\", \"exp_month\": \"08\", \"exp_year\": \"2024\", \"channel\": \"card\", \"card_type\": \"visa DEBIT\", \"bank\": \"WELLSFARGO\", \"country_code\": \"US\", \"brand\": \"visa\", \"reusable\": true, \"signature\": \"SIG_spUzD6hJbbIzLjg4tMlZ\", \"account_name\": null}, \"customer\": {\"id\": 35871226, \"first_name\": \"Taye\", \"last_name\": \"\", \"email\": \"projectfosrar@gmail.com\", \"customer_code\": \"CUS_3thcxbqm53ozfle\", \"phone\": \"\", \"metadata\": null, \"risk_action\": \"default\", \"international_format_phone\": null}, \"plan\": null, \"split\": {}, \"order_id\": null, \"paidAt\": \"2021-02-18T23:00:03.000Z\", \"createdAt\": \"2021-02-18T23:00:00.000Z\", \"requested_amount\": 1, \"pos_transaction_data\": null, \"transaction_date\": \"2021-02-18T23:00:00.000Z\", \"plan_object\": {}, \"subaccount\": {}}',1,0,'paystack'),(151,'POD5881BABB','NGN',800000.00,'3',NULL,'2021-02-20 03:58:52.951408','2021-02-20 04:01:01.197897',12,1,NULL,NULL,'{\"id\": 1007985148, \"domain\": \"live\", \"status\": \"failed\", \"reference\": \"POD5881BABB\", \"amount\": 80000000, \"message\": null, \"gateway_response\": \"Denied by Fraud System\", \"paid_at\": null, \"created_at\": \"2021-02-20T03:58:55.000Z\", \"channel\": \"card\", \"currency\": \"NGN\", \"ip_address\": \"108.71.225.79\", \"metadata\": {\"referrer\": \"https://app.ssfosi.com/donate?organization=C51CE68\"}, \"log\": {\"start_time\": 1613793535, \"time_spent\": 91, \"attempts\": 1, \"errors\": 1, \"success\": false, \"mobile\": false, \"input\": [], \"history\": [{\"type\": \"input\", \"message\": \"Filled this field: card number\", \"time\": 73}, {\"type\": \"input\", \"message\": \"Filled this field: card expiry\", \"time\": 79}, {\"type\": \"input\", \"message\": \"Filled this field: card cvv\", \"time\": 90}, {\"type\": \"action\", \"message\": \"Attempted to pay with card\", \"time\": 90}, {\"type\": \"error\", \"message\": \"Error: Unable to process transaction.\", \"time\": 91}]}, \"fees\": null, \"fees_split\": null, \"authorization\": {\"authorization_code\": \"AUTH_vz0ra1aq52\", \"bin\": \"539983\", \"last4\": \"5208\", \"exp_month\": \"07\", \"exp_year\": \"2022\", \"channel\": \"card\", \"card_type\": \"mastercard DEBIT\", \"bank\": \"Guaranty Trust Bank\", \"country_code\": \"NG\", \"brand\": \"mastercard\", \"reusable\": true, \"signature\": \"SIG_F6xtpGtrCshhD2edw6bP\", \"account_name\": null, \"receiver_bank_account_number\": null, \"receiver_bank\": null}, \"customer\": {\"id\": 34602006, \"first_name\": \"5175467150462769\", \"last_name\": \"\", \"email\": \"sojiadelaja@gmail.com\", \"customer_code\": \"CUS_x4e9so6kr37ups0\", \"phone\": \"\", \"metadata\": null, \"risk_action\": \"default\", \"international_format_phone\": null}, \"plan\": null, \"split\": {}, \"order_id\": null, \"paidAt\": null, \"createdAt\": \"2021-02-20T03:58:55.000Z\", \"requested_amount\": 80000000, \"pos_transaction_data\": null, \"transaction_date\": \"2021-02-20T03:58:55.000Z\", \"plan_object\": {}, \"subaccount\": {}}',1,0,'paystack'),(152,'POD1AF1CF1B','USD',10.00,'1',NULL,'2021-02-20 06:00:49.517475','2021-02-20 06:03:00.848328',18,5,'\"{\\\"create_time\\\":\\\"2021-02-20T06:00:49Z\\\",\\\"update_time\\\":\\\"2021-02-20T06:02:57Z\\\",\\\"id\\\":\\\"89W65536U32922358\\\",\\\"intent\\\":\\\"CAPTURE\\\",\\\"status\\\":\\\"COMPLETED\\\",\\\"payer\\\":{\\\"email_address\\\":\\\"taye.doherty@gmail.com\\\",\\\"payer_id\\\":\\\"GEZN7JPKPJ6VS\\\",\\\"address\\\":{\\\"address_line_1\\\":\\\"17115 Bollinger Canyon\\\",\\\"admin_area_2\\\":\\\"California\\\",\\\"postal_code\\\":\\\"94582\\\",\\\"country_code\\\":\\\"US\\\"},\\\"name\\\":{\\\"given_name\\\":\\\"Taye\\\",\\\"surname\\\":\\\"Doherty\\\"}},\\\"purchase_units\\\":[{\\\"reference_id\\\":\\\"default\\\",\\\"custom_id\\\":\\\"POD1AF1CF1B\\\",\\\"invoice_id\\\":\\\"POD1AF1CF1B\\\",\\\"soft_descriptor\\\":\\\"PAYPAL *CALIFORNIA\\\",\\\"amount\\\":{\\\"value\\\":\\\"10.00\\\",\\\"currency_code\\\":\\\"USD\\\"},\\\"payee\\\":{\\\"email_address\\\":\\\"taye.doherty@wpurcell.com\\\",\\\"merchant_id\\\":\\\"UN6YGUGZXXWWN\\\"},\\\"payments\\\":{\\\"captures\\\":[{\\\"status\\\":\\\"COMPLETED\\\",\\\"id\\\":\\\"31N04030AL936671C\\\",\\\"invoice_id\\\":\\\"POD1AF1CF1B\\\",\\\"final_capture\\\":true,\\\"create_time\\\":\\\"2021-02-20T06:02:57Z\\\",\\\"update_time\\\":\\\"2021-02-20T06:02:57Z\\\",\\\"amount\\\":{\\\"value\\\":\\\"10.00\\\",\\\"currency_code\\\":\\\"USD\\\"},\\\"seller_protection\\\":{\\\"status\\\":\\\"ELIGIBLE\\\",\\\"dispute_categories\\\":[\\\"ITEM_NOT_RECEIVED\\\",\\\"UNAUTHORIZED_TRANSACTION\\\"]},\\\"links\\\":[{\\\"href\\\":\\\"https://api.paypal.com/v2/payments/captures/31N04030AL936671C\\\",\\\"rel\\\":\\\"self\\\",\\\"method\\\":\\\"GET\\\",\\\"title\\\":\\\"GET\\\"},{\\\"href\\\":\\\"https://api.paypal.com/v2/payments/captures/31N04030AL936671C/refund\\\",\\\"rel\\\":\\\"refund\\\",\\\"method\\\":\\\"POST\\\",\\\"title\\\":\\\"POST\\\"},{\\\"href\\\":\\\"https://api.paypal.com/v2/checkout/orders/89W65536U32922358\\\",\\\"rel\\\":\\\"up\\\",\\\"method\\\":\\\"GET\\\",\\\"title\\\":\\\"GET\\\"}]}]}}],\\\"links\\\":[{\\\"href\\\":\\\"https://api.paypal.com/v2/checkout/orders/89W65536U32922358\\\",\\\"rel\\\":\\\"self\\\",\\\"method\\\":\\\"GET\\\",\\\"title\\\":\\\"GET\\\"}]}\"',NULL,'{\"id\": \"89W65536U32922358\", \"intent\": \"CAPTURE\", \"status\": \"COMPLETED\", \"purchase_units\": [{\"reference_id\": \"default\", \"amount\": {\"currency_code\": \"USD\", \"value\": \"10.00\"}, \"payee\": {\"email_address\": \"taye.doherty@wpurcell.com\", \"merchant_id\": \"UN6YGUGZXXWWN\", \"display_data\": {\"brand_name\": \"SS FOSI Donation\"}}, \"custom_id\": \"POD1AF1CF1B\", \"invoice_id\": \"POD1AF1CF1B\", \"soft_descriptor\": \"PAYPAL *CALIFORNIA\", \"payments\": {\"captures\": [{\"id\": \"31N04030AL936671C\", \"status\": \"COMPLETED\", \"amount\": {\"currency_code\": \"USD\", \"value\": \"10.00\"}, \"final_capture\": true, \"seller_protection\": {\"status\": \"ELIGIBLE\", \"dispute_categories\": [\"ITEM_NOT_RECEIVED\", \"UNAUTHORIZED_TRANSACTION\"]}, \"seller_receivable_breakdown\": {\"gross_amount\": {\"currency_code\": \"USD\", \"value\": \"10.00\"}, \"paypal_fee\": {\"currency_code\": \"USD\", \"value\": \"0.59\"}, \"net_amount\": {\"currency_code\": \"USD\", \"value\": \"9.41\"}}, \"invoice_id\": \"POD1AF1CF1B\", \"custom_id\": \"POD1AF1CF1B\", \"links\": [{\"href\": \"https://api.paypal.com/v2/payments/captures/31N04030AL936671C\", \"rel\": \"self\", \"method\": \"GET\"}, {\"href\": \"https://api.paypal.com/v2/payments/captures/31N04030AL936671C/refund\", \"rel\": \"refund\", \"method\": \"POST\"}, {\"href\": \"https://api.paypal.com/v2/checkout/orders/89W65536U32922358\", \"rel\": \"up\", \"method\": \"GET\"}], \"create_time\": \"2021-02-20T06:02:57Z\", \"update_time\": \"2021-02-20T06:02:57Z\"}]}}], \"payer\": {\"name\": {\"given_name\": \"Taye\", \"surname\": \"Doherty\"}, \"email_address\": \"taye.doherty@gmail.com\", \"payer_id\": \"GEZN7JPKPJ6VS\", \"address\": {\"address_line_1\": \"17115 Bollinger Canyon\", \"admin_area_2\": \"California\", \"postal_code\": \"94582\", \"country_code\": \"US\"}}, \"create_time\": \"2021-02-20T06:00:49Z\", \"update_time\": \"2021-02-20T06:02:57Z\", \"links\": [{\"href\": \"https://api.paypal.com/v2/checkout/orders/89W65536U32922358\", \"rel\": \"self\", \"method\": \"GET\"}]}',1,0,'paypal'),(153,'PO5D94C6CB4','USD',60.00,'6',NULL,'2021-02-20 14:57:12.617296',NULL,33,3,'{}',NULL,'{}',1,0,'paypal'),(154,'PO7CDB3883D','USD',10.00,'6',NULL,'2021-02-20 14:59:12.170617',NULL,34,3,'{}',NULL,'{}',1,0,'paystack'),(155,'PO9C6A90F28','USD',70.00,'6',NULL,'2021-02-20 14:59:37.535621',NULL,33,3,'{}',NULL,'{}',1,0,'paypal'),(156,'PO14E05B6C1','USD',10.00,'6',NULL,'2021-02-20 15:05:47.165965',NULL,35,3,'{}',NULL,'{}',1,0,'paystack'),(157,'POEFF0F0A8A','USD',70.00,'1',NULL,'2021-02-20 15:14:30.959839','2021-02-20 15:16:04.759186',33,17,'\"{\\\"create_time\\\":\\\"2021-02-20T15:14:31Z\\\",\\\"update_time\\\":\\\"2021-02-20T15:16:01Z\\\",\\\"id\\\":\\\"8RU056222U4306038\\\",\\\"intent\\\":\\\"CAPTURE\\\",\\\"status\\\":\\\"COMPLETED\\\",\\\"payer\\\":{\\\"email_address\\\":\\\"s-dikko@hotmail.co.uk\\\",\\\"payer_id\\\":\\\"GKEZQJE5DJSJE\\\",\\\"address\\\":{\\\"country_code\\\":\\\"GB\\\"},\\\"name\\\":{\\\"given_name\\\":\\\"Said\\\",\\\"surname\\\":\\\"Dikko\\\"}},\\\"purchase_units\\\":[{\\\"reference_id\\\":\\\"default\\\",\\\"custom_id\\\":\\\"POEFF0F0A8A\\\",\\\"invoice_id\\\":\\\"POEFF0F0A8A\\\",\\\"soft_descriptor\\\":\\\"PAYPAL *CALIFORNIA\\\",\\\"amount\\\":{\\\"value\\\":\\\"70.00\\\",\\\"currency_code\\\":\\\"USD\\\"},\\\"payee\\\":{\\\"email_address\\\":\\\"taye.doherty@wpurcell.com\\\",\\\"merchant_id\\\":\\\"UN6YGUGZXXWWN\\\"},\\\"payments\\\":{\\\"captures\\\":[{\\\"status\\\":\\\"COMPLETED\\\",\\\"id\\\":\\\"2GH26245JN758713V\\\",\\\"invoice_id\\\":\\\"POEFF0F0A8A\\\",\\\"final_capture\\\":true,\\\"create_time\\\":\\\"2021-02-20T15:16:01Z\\\",\\\"update_time\\\":\\\"2021-02-20T15:16:01Z\\\",\\\"amount\\\":{\\\"value\\\":\\\"70.00\\\",\\\"currency_code\\\":\\\"USD\\\"},\\\"seller_protection\\\":{\\\"status\\\":\\\"ELIGIBLE\\\",\\\"dispute_categories\\\":[\\\"ITEM_NOT_RECEIVED\\\",\\\"UNAUTHORIZED_TRANSACTION\\\"]},\\\"links\\\":[{\\\"href\\\":\\\"https://api.paypal.com/v2/payments/captures/2GH26245JN758713V\\\",\\\"rel\\\":\\\"self\\\",\\\"method\\\":\\\"GET\\\",\\\"title\\\":\\\"GET\\\"},{\\\"href\\\":\\\"https://api.paypal.com/v2/payments/captures/2GH26245JN758713V/refund\\\",\\\"rel\\\":\\\"refund\\\",\\\"method\\\":\\\"POST\\\",\\\"title\\\":\\\"POST\\\"},{\\\"href\\\":\\\"https://api.paypal.com/v2/checkout/orders/8RU056222U4306038\\\",\\\"rel\\\":\\\"up\\\",\\\"method\\\":\\\"GET\\\",\\\"title\\\":\\\"GET\\\"}]}]}}],\\\"links\\\":[{\\\"href\\\":\\\"https://api.paypal.com/v2/checkout/orders/8RU056222U4306038\\\",\\\"rel\\\":\\\"self\\\",\\\"method\\\":\\\"GET\\\",\\\"title\\\":\\\"GET\\\"}]}\"',NULL,'{\"id\": \"8RU056222U4306038\", \"intent\": \"CAPTURE\", \"status\": \"COMPLETED\", \"purchase_units\": [{\"reference_id\": \"default\", \"amount\": {\"currency_code\": \"USD\", \"value\": \"70.00\"}, \"payee\": {\"email_address\": \"taye.doherty@wpurcell.com\", \"merchant_id\": \"UN6YGUGZXXWWN\", \"display_data\": {\"brand_name\": \"SS FOSI Donation\"}}, \"custom_id\": \"POEFF0F0A8A\", \"invoice_id\": \"POEFF0F0A8A\", \"soft_descriptor\": \"PAYPAL *CALIFORNIA\", \"payments\": {\"captures\": [{\"id\": \"2GH26245JN758713V\", \"status\": \"COMPLETED\", \"amount\": {\"currency_code\": \"USD\", \"value\": \"70.00\"}, \"final_capture\": true, \"seller_protection\": {\"status\": \"ELIGIBLE\", \"dispute_categories\": [\"ITEM_NOT_RECEIVED\", \"UNAUTHORIZED_TRANSACTION\"]}, \"seller_receivable_breakdown\": {\"gross_amount\": {\"currency_code\": \"USD\", \"value\": \"70.00\"}, \"paypal_fee\": {\"currency_code\": \"USD\", \"value\": \"3.38\"}, \"net_amount\": {\"currency_code\": \"USD\", \"value\": \"66.62\"}}, \"invoice_id\": \"POEFF0F0A8A\", \"custom_id\": \"POEFF0F0A8A\", \"links\": [{\"href\": \"https://api.paypal.com/v2/payments/captures/2GH26245JN758713V\", \"rel\": \"self\", \"method\": \"GET\"}, {\"href\": \"https://api.paypal.com/v2/payments/captures/2GH26245JN758713V/refund\", \"rel\": \"refund\", \"method\": \"POST\"}, {\"href\": \"https://api.paypal.com/v2/checkout/orders/8RU056222U4306038\", \"rel\": \"up\", \"method\": \"GET\"}], \"create_time\": \"2021-02-20T15:16:01Z\", \"update_time\": \"2021-02-20T15:16:01Z\"}]}}], \"payer\": {\"name\": {\"given_name\": \"Said\", \"surname\": \"Dikko\"}, \"email_address\": \"s-dikko@hotmail.co.uk\", \"payer_id\": \"GKEZQJE5DJSJE\", \"address\": {\"country_code\": \"GB\"}}, \"create_time\": \"2021-02-20T15:14:31Z\", \"update_time\": \"2021-02-20T15:16:01Z\", \"links\": [{\"href\": \"https://api.paypal.com/v2/checkout/orders/8RU056222U4306038\", \"rel\": \"self\", \"method\": \"GET\"}]}',1,0,'paypal'),(158,'PODE393D5DA','USD',20.00,'6',NULL,'2021-02-20 17:10:02.255626',NULL,36,1,'{}',NULL,'{}',1,0,'paystack'),(159,'POF18A87AD6','USD',50.00,'1',NULL,'2021-02-20 17:44:10.166616','2021-02-20 17:47:05.679493',37,8,'\"{\\\"create_time\\\":\\\"2021-02-20T17:44:10Z\\\",\\\"update_time\\\":\\\"2021-02-20T17:47:02Z\\\",\\\"id\\\":\\\"7669626467947325N\\\",\\\"intent\\\":\\\"CAPTURE\\\",\\\"status\\\":\\\"COMPLETED\\\",\\\"payer\\\":{\\\"email_address\\\":\\\"eteyen01@gmail.com\\\",\\\"payer_id\\\":\\\"49XHVLY9K8PW6\\\",\\\"address\\\":{\\\"address_line_1\\\":\\\"23175 Sutton Drive\\\",\\\"admin_area_2\\\":\\\"Michigan\\\",\\\"postal_code\\\":\\\"48033\\\",\\\"country_code\\\":\\\"US\\\"},\\\"name\\\":{\\\"given_name\\\":\\\"Bernard\\\",\\\"surname\\\":\\\"Duke\\\"}},\\\"purchase_units\\\":[{\\\"reference_id\\\":\\\"default\\\",\\\"custom_id\\\":\\\"POF18A87AD6\\\",\\\"invoice_id\\\":\\\"POF18A87AD6\\\",\\\"soft_descriptor\\\":\\\"PAYPAL *CALIFORNIA\\\",\\\"amount\\\":{\\\"value\\\":\\\"50.00\\\",\\\"currency_code\\\":\\\"USD\\\"},\\\"payee\\\":{\\\"email_address\\\":\\\"taye.doherty@wpurcell.com\\\",\\\"merchant_id\\\":\\\"UN6YGUGZXXWWN\\\"},\\\"payments\\\":{\\\"captures\\\":[{\\\"status\\\":\\\"COMPLETED\\\",\\\"id\\\":\\\"5GB47004AA963713G\\\",\\\"invoice_id\\\":\\\"POF18A87AD6\\\",\\\"final_capture\\\":true,\\\"create_time\\\":\\\"2021-02-20T17:47:02Z\\\",\\\"update_time\\\":\\\"2021-02-20T17:47:02Z\\\",\\\"amount\\\":{\\\"value\\\":\\\"50.00\\\",\\\"currency_code\\\":\\\"USD\\\"},\\\"seller_protection\\\":{\\\"status\\\":\\\"ELIGIBLE\\\",\\\"dispute_categories\\\":[\\\"ITEM_NOT_RECEIVED\\\",\\\"UNAUTHORIZED_TRANSACTION\\\"]},\\\"links\\\":[{\\\"href\\\":\\\"https://api.paypal.com/v2/payments/captures/5GB47004AA963713G\\\",\\\"rel\\\":\\\"self\\\",\\\"method\\\":\\\"GET\\\",\\\"title\\\":\\\"GET\\\"},{\\\"href\\\":\\\"https://api.paypal.com/v2/payments/captures/5GB47004AA963713G/refund\\\",\\\"rel\\\":\\\"refund\\\",\\\"method\\\":\\\"POST\\\",\\\"title\\\":\\\"POST\\\"},{\\\"href\\\":\\\"https://api.paypal.com/v2/checkout/orders/7669626467947325N\\\",\\\"rel\\\":\\\"up\\\",\\\"method\\\":\\\"GET\\\",\\\"title\\\":\\\"GET\\\"}]}]}}],\\\"links\\\":[{\\\"href\\\":\\\"https://api.paypal.com/v2/checkout/orders/7669626467947325N\\\",\\\"rel\\\":\\\"self\\\",\\\"method\\\":\\\"GET\\\",\\\"title\\\":\\\"GET\\\"}]}\"',NULL,'{\"id\": \"7669626467947325N\", \"intent\": \"CAPTURE\", \"status\": \"COMPLETED\", \"purchase_units\": [{\"reference_id\": \"default\", \"amount\": {\"currency_code\": \"USD\", \"value\": \"50.00\"}, \"payee\": {\"email_address\": \"taye.doherty@wpurcell.com\", \"merchant_id\": \"UN6YGUGZXXWWN\", \"display_data\": {\"brand_name\": \"SS FOSI Donation\"}}, \"custom_id\": \"POF18A87AD6\", \"invoice_id\": \"POF18A87AD6\", \"soft_descriptor\": \"PAYPAL *CALIFORNIA\", \"payments\": {\"captures\": [{\"id\": \"5GB47004AA963713G\", \"status\": \"COMPLETED\", \"amount\": {\"currency_code\": \"USD\", \"value\": \"50.00\"}, \"final_capture\": true, \"seller_protection\": {\"status\": \"ELIGIBLE\", \"dispute_categories\": [\"ITEM_NOT_RECEIVED\", \"UNAUTHORIZED_TRANSACTION\"]}, \"seller_receivable_breakdown\": {\"gross_amount\": {\"currency_code\": \"USD\", \"value\": \"50.00\"}, \"paypal_fee\": {\"currency_code\": \"USD\", \"value\": \"1.75\"}, \"net_amount\": {\"currency_code\": \"USD\", \"value\": \"48.25\"}}, \"invoice_id\": \"POF18A87AD6\", \"custom_id\": \"POF18A87AD6\", \"links\": [{\"href\": \"https://api.paypal.com/v2/payments/captures/5GB47004AA963713G\", \"rel\": \"self\", \"method\": \"GET\"}, {\"href\": \"https://api.paypal.com/v2/payments/captures/5GB47004AA963713G/refund\", \"rel\": \"refund\", \"method\": \"POST\"}, {\"href\": \"https://api.paypal.com/v2/checkout/orders/7669626467947325N\", \"rel\": \"up\", \"method\": \"GET\"}], \"create_time\": \"2021-02-20T17:47:02Z\", \"update_time\": \"2021-02-20T17:47:02Z\"}]}}], \"payer\": {\"name\": {\"given_name\": \"Bernard\", \"surname\": \"Duke\"}, \"email_address\": \"eteyen01@gmail.com\", \"payer_id\": \"49XHVLY9K8PW6\", \"address\": {\"address_line_1\": \"23175 Sutton Drive\", \"admin_area_2\": \"Michigan\", \"postal_code\": \"48033\", \"country_code\": \"US\"}}, \"create_time\": \"2021-02-20T17:44:10Z\", \"update_time\": \"2021-02-20T17:47:02Z\", \"links\": [{\"href\": \"https://api.paypal.com/v2/checkout/orders/7669626467947325N\", \"rel\": \"self\", \"method\": \"GET\"}]}',1,0,'paypal'),(160,'POCC9484675','USD',50.00,'1',NULL,'2021-02-20 17:52:13.980837','2021-02-20 19:21:25.366564',38,2,'\"{\\\"create_time\\\":\\\"2021-02-20T17:52:14Z\\\",\\\"update_time\\\":\\\"2021-02-20T17:59:22Z\\\",\\\"id\\\":\\\"48U047592M892935N\\\",\\\"intent\\\":\\\"CAPTURE\\\",\\\"status\\\":\\\"COMPLETED\\\",\\\"payer\\\":{\\\"email_address\\\":\\\"bunmi_olaleye@yahoo.com\\\",\\\"payer_id\\\":\\\"PULMAJCTTY3G4\\\",\\\"address\\\":{\\\"address_line_1\\\":\\\"16275 Edwards Avenue\\\",\\\"admin_area_2\\\":\\\"Southfield\\\",\\\"postal_code\\\":\\\"48076\\\",\\\"country_code\\\":\\\"US\\\"},\\\"name\\\":{\\\"given_name\\\":\\\"Oluwabunmi\\\",\\\"surname\\\":\\\"Olaleye\\\"}},\\\"purchase_units\\\":[{\\\"reference_id\\\":\\\"default\\\",\\\"custom_id\\\":\\\"POCC9484675\\\",\\\"invoice_id\\\":\\\"POCC9484675\\\",\\\"soft_descriptor\\\":\\\"PAYPAL *CALIFORNIA\\\",\\\"amount\\\":{\\\"value\\\":\\\"50.00\\\",\\\"currency_code\\\":\\\"USD\\\"},\\\"payee\\\":{\\\"email_address\\\":\\\"taye.doherty@wpurcell.com\\\",\\\"merchant_id\\\":\\\"UN6YGUGZXXWWN\\\"},\\\"payments\\\":{\\\"captures\\\":[{\\\"status\\\":\\\"COMPLETED\\\",\\\"id\\\":\\\"2DA236496C8181139\\\",\\\"invoice_id\\\":\\\"POCC9484675\\\",\\\"final_capture\\\":true,\\\"create_time\\\":\\\"2021-02-20T17:59:22Z\\\",\\\"update_time\\\":\\\"2021-02-20T17:59:22Z\\\",\\\"amount\\\":{\\\"value\\\":\\\"50.00\\\",\\\"currency_code\\\":\\\"USD\\\"},\\\"seller_protection\\\":{\\\"status\\\":\\\"ELIGIBLE\\\",\\\"dispute_categories\\\":[\\\"ITEM_NOT_RECEIVED\\\",\\\"UNAUTHORIZED_TRANSACTION\\\"]},\\\"links\\\":[{\\\"href\\\":\\\"https://api.paypal.com/v2/payments/captures/2DA236496C8181139\\\",\\\"rel\\\":\\\"self\\\",\\\"method\\\":\\\"GET\\\",\\\"title\\\":\\\"GET\\\"},{\\\"href\\\":\\\"https://api.paypal.com/v2/payments/captures/2DA236496C8181139/refund\\\",\\\"rel\\\":\\\"refund\\\",\\\"method\\\":\\\"POST\\\",\\\"title\\\":\\\"POST\\\"},{\\\"href\\\":\\\"https://api.paypal.com/v2/checkout/orders/48U047592M892935N\\\",\\\"rel\\\":\\\"up\\\",\\\"method\\\":\\\"GET\\\",\\\"title\\\":\\\"GET\\\"}]}]}}],\\\"links\\\":[{\\\"href\\\":\\\"https://api.paypal.com/v2/checkout/orders/48U047592M892935N\\\",\\\"rel\\\":\\\"self\\\",\\\"method\\\":\\\"GET\\\",\\\"title\\\":\\\"GET\\\"}]}\"',NULL,'{\"id\": \"48U047592M892935N\", \"intent\": \"CAPTURE\", \"status\": \"COMPLETED\", \"purchase_units\": [{\"reference_id\": \"default\", \"amount\": {\"currency_code\": \"USD\", \"value\": \"50.00\"}, \"payee\": {\"email_address\": \"taye.doherty@wpurcell.com\", \"merchant_id\": \"UN6YGUGZXXWWN\", \"display_data\": {\"brand_name\": \"SS FOSI Donation\"}}, \"custom_id\": \"POCC9484675\", \"invoice_id\": \"POCC9484675\", \"soft_descriptor\": \"PAYPAL *CALIFORNIA\", \"payments\": {\"captures\": [{\"id\": \"2DA236496C8181139\", \"status\": \"COMPLETED\", \"amount\": {\"currency_code\": \"USD\", \"value\": \"50.00\"}, \"final_capture\": true, \"seller_protection\": {\"status\": \"ELIGIBLE\", \"dispute_categories\": [\"ITEM_NOT_RECEIVED\", \"UNAUTHORIZED_TRANSACTION\"]}, \"seller_receivable_breakdown\": {\"gross_amount\": {\"currency_code\": \"USD\", \"value\": \"50.00\"}, \"paypal_fee\": {\"currency_code\": \"USD\", \"value\": \"1.75\"}, \"net_amount\": {\"currency_code\": \"USD\", \"value\": \"48.25\"}}, \"invoice_id\": \"POCC9484675\", \"custom_id\": \"POCC9484675\", \"links\": [{\"href\": \"https://api.paypal.com/v2/payments/captures/2DA236496C8181139\", \"rel\": \"self\", \"method\": \"GET\"}, {\"href\": \"https://api.paypal.com/v2/payments/captures/2DA236496C8181139/refund\", \"rel\": \"refund\", \"method\": \"POST\"}, {\"href\": \"https://api.paypal.com/v2/checkout/orders/48U047592M892935N\", \"rel\": \"up\", \"method\": \"GET\"}], \"create_time\": \"2021-02-20T17:59:22Z\", \"update_time\": \"2021-02-20T17:59:22Z\"}]}}], \"payer\": {\"name\": {\"given_name\": \"Oluwabunmi\", \"surname\": \"Olaleye\"}, \"email_address\": \"bunmi_olaleye@yahoo.com\", \"payer_id\": \"PULMAJCTTY3G4\", \"address\": {\"address_line_1\": \"16275 Edward\\u2019s Avenue\", \"admin_area_2\": \"Southfield\", \"postal_code\": \"48076\", \"country_code\": \"US\"}}, \"create_time\": \"2021-02-20T17:52:14Z\", \"update_time\": \"2021-02-20T17:59:22Z\", \"links\": [{\"href\": \"https://api.paypal.com/v2/checkout/orders/48U047592M892935N\", \"rel\": \"self\", \"method\": \"GET\"}]}',1,0,'paypal'),(161,'PO61C830564','NGN',100000.00,'1',NULL,'2021-02-20 18:01:48.048236','2021-02-23 22:43:11.636778',39,8,'\"{\\\"reference\\\":\\\"PO61C830564\\\",\\\"trans\\\":\\\"1008969295\\\",\\\"status\\\":\\\"success\\\",\\\"message\\\":\\\"Approved\\\",\\\"transaction\\\":\\\"1008969295\\\",\\\"trxref\\\":\\\"PO61C830564\\\"}\"',NULL,'{\"id\": 1008969295, \"domain\": \"live\", \"status\": \"success\", \"reference\": \"PO61C830564\", \"amount\": 10000000, \"message\": null, \"gateway_response\": \"Transaction Successful\", \"paid_at\": \"2021-02-20T18:19:53.000Z\", \"created_at\": \"2021-02-20T18:01:50.000Z\", \"channel\": \"bank\", \"currency\": \"NGN\", \"ip_address\": \"185.92.25.203\", \"metadata\": {\"referrer\": \"https://app.ssfosi.com/donate?organization=C51CE68\"}, \"log\": {\"start_time\": 1613844110, \"time_spent\": 1083, \"attempts\": 0, \"errors\": 0, \"success\": true, \"mobile\": true, \"input\": [], \"history\": [{\"type\": \"action\", \"message\": \"Set payment method to: bank\", \"time\": 28}, {\"type\": \"action\", \"message\": \"Third-party authentication window opened\", \"time\": 71}, {\"type\": \"action\", \"message\": \"Third-party authentication window closed\", \"time\": 1083}, {\"type\": \"success\", \"message\": \"Successfully paid with ibank\", \"time\": 1083}]}, \"fees\": 160000, \"fees_split\": null, \"authorization\": {\"authorization_code\": \"AUTH_jgrmttkzxb\", \"bin\": \"XXXXXX\", \"last4\": \"XXXX\", \"exp_month\": \"02\", \"exp_year\": \"2021\", \"channel\": \"bank\", \"card_type\": \"GTPay\", \"bank\": \"Guaranty Trust Bank\", \"country_code\": \"NG\", \"brand\": \"GTPay\", \"reusable\": false, \"signature\": null, \"account_name\": null, \"receiver_bank_account_number\": null, \"receiver_bank\": null}, \"customer\": {\"id\": 39745280, \"first_name\": \"HILARY\", \"last_name\": \"\", \"email\": \"hilarydaudu@gmail.com\", \"customer_code\": \"CUS_sn0nesku0rx488j\", \"phone\": \"\", \"metadata\": null, \"risk_action\": \"default\", \"international_format_phone\": null}, \"plan\": null, \"split\": {}, \"order_id\": null, \"paidAt\": \"2021-02-20T18:19:53.000Z\", \"createdAt\": \"2021-02-20T18:01:50.000Z\", \"requested_amount\": 10000000, \"pos_transaction_data\": null, \"transaction_date\": \"2021-02-20T18:01:50.000Z\", \"plan_object\": {}, \"subaccount\": {}}',1,0,'paystack'),(162,'POB5CF1AF82','USD',20.00,'6',NULL,'2021-02-20 18:10:18.277889',NULL,40,4,'{}',NULL,'{}',1,0,'paypal'),(163,'PO2443BC6B8','USD',50.00,'1',NULL,'2021-02-20 18:33:55.504796','2021-02-20 18:34:52.191212',41,7,'\"{\\\"create_time\\\":\\\"2021-02-20T18:33:56Z\\\",\\\"update_time\\\":\\\"2021-02-20T18:34:48Z\\\",\\\"id\\\":\\\"5C202929SD5797614\\\",\\\"intent\\\":\\\"CAPTURE\\\",\\\"status\\\":\\\"COMPLETED\\\",\\\"payer\\\":{\\\"email_address\\\":\\\"monisolav@gmail.com\\\",\\\"payer_id\\\":\\\"XXWJ9LEG4FR9Y\\\",\\\"address\\\":{\\\"address_line_1\\\":\\\"4431 Chouteau Avenue\\\",\\\"admin_area_2\\\":\\\"MO\\\",\\\"postal_code\\\":\\\"63110\\\",\\\"country_code\\\":\\\"US\\\"},\\\"name\\\":{\\\"given_name\\\":\\\"Monisola\\\",\\\"surname\\\":\\\"Vaughan\\\"}},\\\"purchase_units\\\":[{\\\"reference_id\\\":\\\"default\\\",\\\"custom_id\\\":\\\"PO2443BC6B8\\\",\\\"invoice_id\\\":\\\"PO2443BC6B8\\\",\\\"soft_descriptor\\\":\\\"PAYPAL *CALIFORNIA\\\",\\\"amount\\\":{\\\"value\\\":\\\"50.00\\\",\\\"currency_code\\\":\\\"USD\\\"},\\\"payee\\\":{\\\"email_address\\\":\\\"taye.doherty@wpurcell.com\\\",\\\"merchant_id\\\":\\\"UN6YGUGZXXWWN\\\"},\\\"payments\\\":{\\\"captures\\\":[{\\\"status\\\":\\\"COMPLETED\\\",\\\"id\\\":\\\"8ER76907HN089170T\\\",\\\"invoice_id\\\":\\\"PO2443BC6B8\\\",\\\"final_capture\\\":true,\\\"create_time\\\":\\\"2021-02-20T18:34:48Z\\\",\\\"update_time\\\":\\\"2021-02-20T18:34:48Z\\\",\\\"amount\\\":{\\\"value\\\":\\\"50.00\\\",\\\"currency_code\\\":\\\"USD\\\"},\\\"seller_protection\\\":{\\\"status\\\":\\\"ELIGIBLE\\\",\\\"dispute_categories\\\":[\\\"ITEM_NOT_RECEIVED\\\",\\\"UNAUTHORIZED_TRANSACTION\\\"]},\\\"links\\\":[{\\\"href\\\":\\\"https://api.paypal.com/v2/payments/captures/8ER76907HN089170T\\\",\\\"rel\\\":\\\"self\\\",\\\"method\\\":\\\"GET\\\",\\\"title\\\":\\\"GET\\\"},{\\\"href\\\":\\\"https://api.paypal.com/v2/payments/captures/8ER76907HN089170T/refund\\\",\\\"rel\\\":\\\"refund\\\",\\\"method\\\":\\\"POST\\\",\\\"title\\\":\\\"POST\\\"},{\\\"href\\\":\\\"https://api.paypal.com/v2/checkout/orders/5C202929SD5797614\\\",\\\"rel\\\":\\\"up\\\",\\\"method\\\":\\\"GET\\\",\\\"title\\\":\\\"GET\\\"}]}]}}],\\\"links\\\":[{\\\"href\\\":\\\"https://api.paypal.com/v2/checkout/orders/5C202929SD5797614\\\",\\\"rel\\\":\\\"self\\\",\\\"method\\\":\\\"GET\\\",\\\"title\\\":\\\"GET\\\"}]}\"',NULL,'{\"id\": \"5C202929SD5797614\", \"intent\": \"CAPTURE\", \"status\": \"COMPLETED\", \"purchase_units\": [{\"reference_id\": \"default\", \"amount\": {\"currency_code\": \"USD\", \"value\": \"50.00\"}, \"payee\": {\"email_address\": \"taye.doherty@wpurcell.com\", \"merchant_id\": \"UN6YGUGZXXWWN\", \"display_data\": {\"brand_name\": \"SS FOSI Donation\"}}, \"custom_id\": \"PO2443BC6B8\", \"invoice_id\": \"PO2443BC6B8\", \"soft_descriptor\": \"PAYPAL *CALIFORNIA\", \"payments\": {\"captures\": [{\"id\": \"8ER76907HN089170T\", \"status\": \"COMPLETED\", \"amount\": {\"currency_code\": \"USD\", \"value\": \"50.00\"}, \"final_capture\": true, \"seller_protection\": {\"status\": \"ELIGIBLE\", \"dispute_categories\": [\"ITEM_NOT_RECEIVED\", \"UNAUTHORIZED_TRANSACTION\"]}, \"seller_receivable_breakdown\": {\"gross_amount\": {\"currency_code\": \"USD\", \"value\": \"50.00\"}, \"paypal_fee\": {\"currency_code\": \"USD\", \"value\": \"1.75\"}, \"net_amount\": {\"currency_code\": \"USD\", \"value\": \"48.25\"}}, \"invoice_id\": \"PO2443BC6B8\", \"custom_id\": \"PO2443BC6B8\", \"links\": [{\"href\": \"https://api.paypal.com/v2/payments/captures/8ER76907HN089170T\", \"rel\": \"self\", \"method\": \"GET\"}, {\"href\": \"https://api.paypal.com/v2/payments/captures/8ER76907HN089170T/refund\", \"rel\": \"refund\", \"method\": \"POST\"}, {\"href\": \"https://api.paypal.com/v2/checkout/orders/5C202929SD5797614\", \"rel\": \"up\", \"method\": \"GET\"}], \"create_time\": \"2021-02-20T18:34:48Z\", \"update_time\": \"2021-02-20T18:34:48Z\"}]}}], \"payer\": {\"name\": {\"given_name\": \"Monisola\", \"surname\": \"Vaughan\"}, \"email_address\": \"monisolav@gmail.com\", \"payer_id\": \"XXWJ9LEG4FR9Y\", \"address\": {\"address_line_1\": \"4431 Chouteau Avenue\", \"admin_area_2\": \"MO\", \"postal_code\": \"63110\", \"country_code\": \"US\"}}, \"create_time\": \"2021-02-20T18:33:56Z\", \"update_time\": \"2021-02-20T18:34:48Z\", \"links\": [{\"href\": \"https://api.paypal.com/v2/checkout/orders/5C202929SD5797614\", \"rel\": \"self\", \"method\": \"GET\"}]}',1,0,'paypal'),(164,'POD0165170D','USD',10.00,'6',NULL,'2021-02-20 18:35:10.170656',NULL,18,7,'{}',NULL,'{}',1,0,'paypal'),(165,'POD04D9905F','USD',20.00,'1',NULL,'2021-02-20 18:36:20.563597','2021-02-20 18:38:44.469568',40,17,'\"{\\\"create_time\\\":\\\"2021-02-20T18:36:20Z\\\",\\\"update_time\\\":\\\"2021-02-20T18:37:35Z\\\",\\\"id\\\":\\\"17686586W80640928\\\",\\\"intent\\\":\\\"CAPTURE\\\",\\\"status\\\":\\\"COMPLETED\\\",\\\"payer\\\":{\\\"email_address\\\":\\\"nick12johnston@gmail.com\\\",\\\"payer_id\\\":\\\"YKMWB95NKY4QG\\\",\\\"address\\\":{\\\"address_line_1\\\":\\\"3470 Dobie Rd.\\\",\\\"admin_area_2\\\":\\\"Michigan\\\",\\\"postal_code\\\":\\\"48864\\\",\\\"country_code\\\":\\\"US\\\"},\\\"name\\\":{\\\"given_name\\\":\\\"Nicholas\\\",\\\"surname\\\":\\\"Johnston\\\"}},\\\"purchase_units\\\":[{\\\"reference_id\\\":\\\"default\\\",\\\"custom_id\\\":\\\"POD04D9905F\\\",\\\"invoice_id\\\":\\\"POD04D9905F\\\",\\\"soft_descriptor\\\":\\\"PAYPAL *CALIFORNIA\\\",\\\"amount\\\":{\\\"value\\\":\\\"20.00\\\",\\\"currency_code\\\":\\\"USD\\\"},\\\"payee\\\":{\\\"email_address\\\":\\\"taye.doherty@wpurcell.com\\\",\\\"merchant_id\\\":\\\"UN6YGUGZXXWWN\\\"},\\\"payments\\\":{\\\"captures\\\":[{\\\"status\\\":\\\"COMPLETED\\\",\\\"id\\\":\\\"8N33157595361231J\\\",\\\"invoice_id\\\":\\\"POD04D9905F\\\",\\\"final_capture\\\":true,\\\"create_time\\\":\\\"2021-02-20T18:37:35Z\\\",\\\"update_time\\\":\\\"2021-02-20T18:37:35Z\\\",\\\"amount\\\":{\\\"value\\\":\\\"20.00\\\",\\\"currency_code\\\":\\\"USD\\\"},\\\"seller_protection\\\":{\\\"status\\\":\\\"ELIGIBLE\\\",\\\"dispute_categories\\\":[\\\"ITEM_NOT_RECEIVED\\\",\\\"UNAUTHORIZED_TRANSACTION\\\"]},\\\"links\\\":[{\\\"href\\\":\\\"https://api.paypal.com/v2/payments/captures/8N33157595361231J\\\",\\\"rel\\\":\\\"self\\\",\\\"method\\\":\\\"GET\\\",\\\"title\\\":\\\"GET\\\"},{\\\"href\\\":\\\"https://api.paypal.com/v2/payments/captures/8N33157595361231J/refund\\\",\\\"rel\\\":\\\"refund\\\",\\\"method\\\":\\\"POST\\\",\\\"title\\\":\\\"POST\\\"},{\\\"href\\\":\\\"https://api.paypal.com/v2/checkout/orders/17686586W80640928\\\",\\\"rel\\\":\\\"up\\\",\\\"method\\\":\\\"GET\\\",\\\"title\\\":\\\"GET\\\"}]}]}}],\\\"links\\\":[{\\\"href\\\":\\\"https://api.paypal.com/v2/checkout/orders/17686586W80640928\\\",\\\"rel\\\":\\\"self\\\",\\\"method\\\":\\\"GET\\\",\\\"title\\\":\\\"GET\\\"}]}\"',NULL,'{\"id\": \"17686586W80640928\", \"intent\": \"CAPTURE\", \"status\": \"COMPLETED\", \"purchase_units\": [{\"reference_id\": \"default\", \"amount\": {\"currency_code\": \"USD\", \"value\": \"20.00\"}, \"payee\": {\"email_address\": \"taye.doherty@wpurcell.com\", \"merchant_id\": \"UN6YGUGZXXWWN\", \"display_data\": {\"brand_name\": \"SS FOSI Donation\"}}, \"custom_id\": \"POD04D9905F\", \"invoice_id\": \"POD04D9905F\", \"soft_descriptor\": \"PAYPAL *CALIFORNIA\", \"payments\": {\"captures\": [{\"id\": \"8N33157595361231J\", \"status\": \"COMPLETED\", \"amount\": {\"currency_code\": \"USD\", \"value\": \"20.00\"}, \"final_capture\": true, \"seller_protection\": {\"status\": \"ELIGIBLE\", \"dispute_categories\": [\"ITEM_NOT_RECEIVED\", \"UNAUTHORIZED_TRANSACTION\"]}, \"seller_receivable_breakdown\": {\"gross_amount\": {\"currency_code\": \"USD\", \"value\": \"20.00\"}, \"paypal_fee\": {\"currency_code\": \"USD\", \"value\": \"0.88\"}, \"net_amount\": {\"currency_code\": \"USD\", \"value\": \"19.12\"}}, \"invoice_id\": \"POD04D9905F\", \"custom_id\": \"POD04D9905F\", \"links\": [{\"href\": \"https://api.paypal.com/v2/payments/captures/8N33157595361231J\", \"rel\": \"self\", \"method\": \"GET\"}, {\"href\": \"https://api.paypal.com/v2/payments/captures/8N33157595361231J/refund\", \"rel\": \"refund\", \"method\": \"POST\"}, {\"href\": \"https://api.paypal.com/v2/checkout/orders/17686586W80640928\", \"rel\": \"up\", \"method\": \"GET\"}], \"create_time\": \"2021-02-20T18:37:35Z\", \"update_time\": \"2021-02-20T18:37:35Z\"}]}}], \"payer\": {\"name\": {\"given_name\": \"Nicholas\", \"surname\": \"Johnston\"}, \"email_address\": \"nick12johnston@gmail.com\", \"payer_id\": \"YKMWB95NKY4QG\", \"address\": {\"address_line_1\": \"3470 Dobie Rd.\", \"admin_area_2\": \"Michigan\", \"postal_code\": \"48864\", \"country_code\": \"US\"}}, \"create_time\": \"2021-02-20T18:36:20Z\", \"update_time\": \"2021-02-20T18:37:35Z\", \"links\": [{\"href\": \"https://api.paypal.com/v2/checkout/orders/17686586W80640928\", \"rel\": \"self\", \"method\": \"GET\"}]}',1,0,'paypal'),(166,'POEB7B8AD22','USD',200.00,'1',NULL,'2021-02-20 18:37:27.505325','2021-02-20 18:42:11.170517',42,1,'\"{\\\"create_time\\\":\\\"2021-02-20T18:37:27Z\\\",\\\"update_time\\\":\\\"2021-02-20T18:41:41Z\\\",\\\"id\\\":\\\"8S837627YV816682T\\\",\\\"intent\\\":\\\"CAPTURE\\\",\\\"status\\\":\\\"COMPLETED\\\",\\\"payer\\\":{\\\"email_address\\\":\\\"chillypond@peoplepc.com\\\",\\\"payer_id\\\":\\\"C455REWP9K8RE\\\",\\\"address\\\":{\\\"address_line_1\\\":\\\"7117 Manzanares Drive.\\\",\\\"admin_area_2\\\":\\\"North Las Veags\\\",\\\"postal_code\\\":\\\"89084\\\",\\\"country_code\\\":\\\"US\\\"},\\\"name\\\":{\\\"given_name\\\":\\\"Ekundayo\\\",\\\"surname\\\":\\\"Adelaja\\\"}},\\\"purchase_units\\\":[{\\\"reference_id\\\":\\\"default\\\",\\\"custom_id\\\":\\\"POEB7B8AD22\\\",\\\"invoice_id\\\":\\\"POEB7B8AD22\\\",\\\"soft_descriptor\\\":\\\"PAYPAL *CALIFORNIA\\\",\\\"amount\\\":{\\\"value\\\":\\\"200.00\\\",\\\"currency_code\\\":\\\"USD\\\"},\\\"payee\\\":{\\\"email_address\\\":\\\"taye.doherty@wpurcell.com\\\",\\\"merchant_id\\\":\\\"UN6YGUGZXXWWN\\\"},\\\"payments\\\":{\\\"captures\\\":[{\\\"status\\\":\\\"COMPLETED\\\",\\\"id\\\":\\\"79D55994WM5863838\\\",\\\"invoice_id\\\":\\\"POEB7B8AD22\\\",\\\"final_capture\\\":true,\\\"create_time\\\":\\\"2021-02-20T18:41:41Z\\\",\\\"update_time\\\":\\\"2021-02-20T18:41:41Z\\\",\\\"amount\\\":{\\\"value\\\":\\\"200.00\\\",\\\"currency_code\\\":\\\"USD\\\"},\\\"seller_protection\\\":{\\\"status\\\":\\\"ELIGIBLE\\\",\\\"dispute_categories\\\":[\\\"ITEM_NOT_RECEIVED\\\",\\\"UNAUTHORIZED_TRANSACTION\\\"]},\\\"links\\\":[{\\\"href\\\":\\\"https://api.paypal.com/v2/payments/captures/79D55994WM5863838\\\",\\\"rel\\\":\\\"self\\\",\\\"method\\\":\\\"GET\\\",\\\"title\\\":\\\"GET\\\"},{\\\"href\\\":\\\"https://api.paypal.com/v2/payments/captures/79D55994WM5863838/refund\\\",\\\"rel\\\":\\\"refund\\\",\\\"method\\\":\\\"POST\\\",\\\"title\\\":\\\"POST\\\"},{\\\"href\\\":\\\"https://api.paypal.com/v2/checkout/orders/8S837627YV816682T\\\",\\\"rel\\\":\\\"up\\\",\\\"method\\\":\\\"GET\\\",\\\"title\\\":\\\"GET\\\"}]}]}}],\\\"links\\\":[{\\\"href\\\":\\\"https://api.paypal.com/v2/checkout/orders/8S837627YV816682T\\\",\\\"rel\\\":\\\"self\\\",\\\"method\\\":\\\"GET\\\",\\\"title\\\":\\\"GET\\\"}]}\"',NULL,'{\"id\": \"8S837627YV816682T\", \"intent\": \"CAPTURE\", \"status\": \"COMPLETED\", \"purchase_units\": [{\"reference_id\": \"default\", \"amount\": {\"currency_code\": \"USD\", \"value\": \"200.00\"}, \"payee\": {\"email_address\": \"taye.doherty@wpurcell.com\", \"merchant_id\": \"UN6YGUGZXXWWN\", \"display_data\": {\"brand_name\": \"SS FOSI Donation\"}}, \"custom_id\": \"POEB7B8AD22\", \"invoice_id\": \"POEB7B8AD22\", \"soft_descriptor\": \"PAYPAL *CALIFORNIA\", \"payments\": {\"captures\": [{\"id\": \"79D55994WM5863838\", \"status\": \"COMPLETED\", \"amount\": {\"currency_code\": \"USD\", \"value\": \"200.00\"}, \"final_capture\": true, \"seller_protection\": {\"status\": \"ELIGIBLE\", \"dispute_categories\": [\"ITEM_NOT_RECEIVED\", \"UNAUTHORIZED_TRANSACTION\"]}, \"seller_receivable_breakdown\": {\"gross_amount\": {\"currency_code\": \"USD\", \"value\": \"200.00\"}, \"paypal_fee\": {\"currency_code\": \"USD\", \"value\": \"6.10\"}, \"net_amount\": {\"currency_code\": \"USD\", \"value\": \"193.90\"}}, \"invoice_id\": \"POEB7B8AD22\", \"custom_id\": \"POEB7B8AD22\", \"links\": [{\"href\": \"https://api.paypal.com/v2/payments/captures/79D55994WM5863838\", \"rel\": \"self\", \"method\": \"GET\"}, {\"href\": \"https://api.paypal.com/v2/payments/captures/79D55994WM5863838/refund\", \"rel\": \"refund\", \"method\": \"POST\"}, {\"href\": \"https://api.paypal.com/v2/checkout/orders/8S837627YV816682T\", \"rel\": \"up\", \"method\": \"GET\"}], \"create_time\": \"2021-02-20T18:41:41Z\", \"update_time\": \"2021-02-20T18:41:41Z\"}]}}], \"payer\": {\"name\": {\"given_name\": \"Ekundayo\", \"surname\": \"Adelaja\"}, \"email_address\": \"chillypond@peoplepc.com\", \"payer_id\": \"C455REWP9K8RE\", \"address\": {\"address_line_1\": \"7117 Manzanares Drive.\", \"admin_area_2\": \"North Las Veags\", \"postal_code\": \"89084\", \"country_code\": \"US\"}}, \"create_time\": \"2021-02-20T18:37:27Z\", \"update_time\": \"2021-02-20T18:41:41Z\", \"links\": [{\"href\": \"https://api.paypal.com/v2/checkout/orders/8S837627YV816682T\", \"rel\": \"self\", \"method\": \"GET\"}]}',1,0,'paypal'),(167,'PO4B07B0E72','USD',50.00,'1',NULL,'2021-02-20 18:50:49.731840','2021-02-20 18:54:35.252095',43,9,'\"{\\\"create_time\\\":\\\"2021-02-20T18:50:49Z\\\",\\\"update_time\\\":\\\"2021-02-20T18:54:32Z\\\",\\\"id\\\":\\\"8VE23101LT173505Y\\\",\\\"intent\\\":\\\"CAPTURE\\\",\\\"status\\\":\\\"COMPLETED\\\",\\\"payer\\\":{\\\"email_address\\\":\\\"kadefeso@gmail.com\\\",\\\"payer_id\\\":\\\"2BBJGG99CZNGU\\\",\\\"address\\\":{\\\"address_line_1\\\":\\\"2767 Georgetown Blvd\\\",\\\"admin_area_2\\\":\\\"Michigan\\\",\\\"postal_code\\\":\\\"48105\\\",\\\"country_code\\\":\\\"US\\\"},\\\"name\\\":{\\\"given_name\\\":\\\"Olukayode\\\",\\\"surname\\\":\\\"Adefeso\\\"}},\\\"purchase_units\\\":[{\\\"reference_id\\\":\\\"default\\\",\\\"custom_id\\\":\\\"PO4B07B0E72\\\",\\\"invoice_id\\\":\\\"PO4B07B0E72\\\",\\\"soft_descriptor\\\":\\\"PAYPAL *CALIFORNIA\\\",\\\"amount\\\":{\\\"value\\\":\\\"50.00\\\",\\\"currency_code\\\":\\\"USD\\\"},\\\"payee\\\":{\\\"email_address\\\":\\\"taye.doherty@wpurcell.com\\\",\\\"merchant_id\\\":\\\"UN6YGUGZXXWWN\\\"},\\\"payments\\\":{\\\"captures\\\":[{\\\"status\\\":\\\"COMPLETED\\\",\\\"id\\\":\\\"1RH65605E8272301E\\\",\\\"invoice_id\\\":\\\"PO4B07B0E72\\\",\\\"final_capture\\\":true,\\\"create_time\\\":\\\"2021-02-20T18:54:32Z\\\",\\\"update_time\\\":\\\"2021-02-20T18:54:32Z\\\",\\\"amount\\\":{\\\"value\\\":\\\"50.00\\\",\\\"currency_code\\\":\\\"USD\\\"},\\\"seller_protection\\\":{\\\"status\\\":\\\"ELIGIBLE\\\",\\\"dispute_categories\\\":[\\\"ITEM_NOT_RECEIVED\\\",\\\"UNAUTHORIZED_TRANSACTION\\\"]},\\\"links\\\":[{\\\"href\\\":\\\"https://api.paypal.com/v2/payments/captures/1RH65605E8272301E\\\",\\\"rel\\\":\\\"self\\\",\\\"method\\\":\\\"GET\\\",\\\"title\\\":\\\"GET\\\"},{\\\"href\\\":\\\"https://api.paypal.com/v2/payments/captures/1RH65605E8272301E/refund\\\",\\\"rel\\\":\\\"refund\\\",\\\"method\\\":\\\"POST\\\",\\\"title\\\":\\\"POST\\\"},{\\\"href\\\":\\\"https://api.paypal.com/v2/checkout/orders/8VE23101LT173505Y\\\",\\\"rel\\\":\\\"up\\\",\\\"method\\\":\\\"GET\\\",\\\"title\\\":\\\"GET\\\"}]}]}}],\\\"links\\\":[{\\\"href\\\":\\\"https://api.paypal.com/v2/checkout/orders/8VE23101LT173505Y\\\",\\\"rel\\\":\\\"self\\\",\\\"method\\\":\\\"GET\\\",\\\"title\\\":\\\"GET\\\"}]}\"',NULL,'{\"id\": \"8VE23101LT173505Y\", \"intent\": \"CAPTURE\", \"status\": \"COMPLETED\", \"purchase_units\": [{\"reference_id\": \"default\", \"amount\": {\"currency_code\": \"USD\", \"value\": \"50.00\"}, \"payee\": {\"email_address\": \"taye.doherty@wpurcell.com\", \"merchant_id\": \"UN6YGUGZXXWWN\", \"display_data\": {\"brand_name\": \"SS FOSI Donation\"}}, \"custom_id\": \"PO4B07B0E72\", \"invoice_id\": \"PO4B07B0E72\", \"soft_descriptor\": \"PAYPAL *CALIFORNIA\", \"payments\": {\"captures\": [{\"id\": \"1RH65605E8272301E\", \"status\": \"COMPLETED\", \"amount\": {\"currency_code\": \"USD\", \"value\": \"50.00\"}, \"final_capture\": true, \"seller_protection\": {\"status\": \"ELIGIBLE\", \"dispute_categories\": [\"ITEM_NOT_RECEIVED\", \"UNAUTHORIZED_TRANSACTION\"]}, \"seller_receivable_breakdown\": {\"gross_amount\": {\"currency_code\": \"USD\", \"value\": \"50.00\"}, \"paypal_fee\": {\"currency_code\": \"USD\", \"value\": \"1.75\"}, \"net_amount\": {\"currency_code\": \"USD\", \"value\": \"48.25\"}}, \"invoice_id\": \"PO4B07B0E72\", \"custom_id\": \"PO4B07B0E72\", \"links\": [{\"href\": \"https://api.paypal.com/v2/payments/captures/1RH65605E8272301E\", \"rel\": \"self\", \"method\": \"GET\"}, {\"href\": \"https://api.paypal.com/v2/payments/captures/1RH65605E8272301E/refund\", \"rel\": \"refund\", \"method\": \"POST\"}, {\"href\": \"https://api.paypal.com/v2/checkout/orders/8VE23101LT173505Y\", \"rel\": \"up\", \"method\": \"GET\"}], \"create_time\": \"2021-02-20T18:54:32Z\", \"update_time\": \"2021-02-20T18:54:32Z\"}]}}], \"payer\": {\"name\": {\"given_name\": \"Olukayode\", \"surname\": \"Adefeso\"}, \"email_address\": \"kadefeso@gmail.com\", \"payer_id\": \"2BBJGG99CZNGU\", \"address\": {\"address_line_1\": \"2767 Georgetown Blvd\", \"admin_area_2\": \"Michigan\", \"postal_code\": \"48105\", \"country_code\": \"US\"}}, \"create_time\": \"2021-02-20T18:50:49Z\", \"update_time\": \"2021-02-20T18:54:32Z\", \"links\": [{\"href\": \"https://api.paypal.com/v2/checkout/orders/8VE23101LT173505Y\", \"rel\": \"self\", \"method\": \"GET\"}]}',1,0,'paypal'),(168,'PO5C9791343','USD',100.00,'1',NULL,'2021-02-20 19:06:03.560836','2021-02-20 19:07:22.252692',44,1,'\"{\\\"create_time\\\":\\\"2021-02-20T19:06:03Z\\\",\\\"update_time\\\":\\\"2021-02-20T19:07:19Z\\\",\\\"id\\\":\\\"0PF03774P5763220Y\\\",\\\"intent\\\":\\\"CAPTURE\\\",\\\"status\\\":\\\"COMPLETED\\\",\\\"payer\\\":{\\\"email_address\\\":\\\"michiekan@yahoo.com\\\",\\\"payer_id\\\":\\\"KDWFMW9KV499W\\\",\\\"address\\\":{\\\"address_line_1\\\":\\\"5209 au chocolat drive \\\",\\\"admin_area_2\\\":\\\"Bakersfield, CA\\\",\\\"postal_code\\\":\\\"93311\\\",\\\"country_code\\\":\\\"US\\\"},\\\"name\\\":{\\\"given_name\\\":\\\"Nyakundi\\\",\\\"surname\\\":\\\"Michieka\\\"}},\\\"purchase_units\\\":[{\\\"reference_id\\\":\\\"default\\\",\\\"custom_id\\\":\\\"PO5C9791343\\\",\\\"invoice_id\\\":\\\"PO5C9791343\\\",\\\"soft_descriptor\\\":\\\"PAYPAL *CALIFORNIA\\\",\\\"amount\\\":{\\\"value\\\":\\\"100.00\\\",\\\"currency_code\\\":\\\"USD\\\"},\\\"payee\\\":{\\\"email_address\\\":\\\"taye.doherty@wpurcell.com\\\",\\\"merchant_id\\\":\\\"UN6YGUGZXXWWN\\\"},\\\"payments\\\":{\\\"captures\\\":[{\\\"status\\\":\\\"COMPLETED\\\",\\\"id\\\":\\\"3YU288368X054545A\\\",\\\"invoice_id\\\":\\\"PO5C9791343\\\",\\\"final_capture\\\":true,\\\"create_time\\\":\\\"2021-02-20T19:07:19Z\\\",\\\"update_time\\\":\\\"2021-02-20T19:07:19Z\\\",\\\"amount\\\":{\\\"value\\\":\\\"100.00\\\",\\\"currency_code\\\":\\\"USD\\\"},\\\"seller_protection\\\":{\\\"status\\\":\\\"ELIGIBLE\\\",\\\"dispute_categories\\\":[\\\"ITEM_NOT_RECEIVED\\\",\\\"UNAUTHORIZED_TRANSACTION\\\"]},\\\"links\\\":[{\\\"href\\\":\\\"https://api.paypal.com/v2/payments/captures/3YU288368X054545A\\\",\\\"rel\\\":\\\"self\\\",\\\"method\\\":\\\"GET\\\",\\\"title\\\":\\\"GET\\\"},{\\\"href\\\":\\\"https://api.paypal.com/v2/payments/captures/3YU288368X054545A/refund\\\",\\\"rel\\\":\\\"refund\\\",\\\"method\\\":\\\"POST\\\",\\\"title\\\":\\\"POST\\\"},{\\\"href\\\":\\\"https://api.paypal.com/v2/checkout/orders/0PF03774P5763220Y\\\",\\\"rel\\\":\\\"up\\\",\\\"method\\\":\\\"GET\\\",\\\"title\\\":\\\"GET\\\"}]}]}}],\\\"links\\\":[{\\\"href\\\":\\\"https://api.paypal.com/v2/checkout/orders/0PF03774P5763220Y\\\",\\\"rel\\\":\\\"self\\\",\\\"method\\\":\\\"GET\\\",\\\"title\\\":\\\"GET\\\"}]}\"',NULL,'{\"id\": \"0PF03774P5763220Y\", \"intent\": \"CAPTURE\", \"status\": \"COMPLETED\", \"purchase_units\": [{\"reference_id\": \"default\", \"amount\": {\"currency_code\": \"USD\", \"value\": \"100.00\"}, \"payee\": {\"email_address\": \"taye.doherty@wpurcell.com\", \"merchant_id\": \"UN6YGUGZXXWWN\", \"display_data\": {\"brand_name\": \"SS FOSI Donation\"}}, \"custom_id\": \"PO5C9791343\", \"invoice_id\": \"PO5C9791343\", \"soft_descriptor\": \"PAYPAL *CALIFORNIA\", \"payments\": {\"captures\": [{\"id\": \"3YU288368X054545A\", \"status\": \"COMPLETED\", \"amount\": {\"currency_code\": \"USD\", \"value\": \"100.00\"}, \"final_capture\": true, \"seller_protection\": {\"status\": \"ELIGIBLE\", \"dispute_categories\": [\"ITEM_NOT_RECEIVED\", \"UNAUTHORIZED_TRANSACTION\"]}, \"seller_receivable_breakdown\": {\"gross_amount\": {\"currency_code\": \"USD\", \"value\": \"100.00\"}, \"paypal_fee\": {\"currency_code\": \"USD\", \"value\": \"3.20\"}, \"net_amount\": {\"currency_code\": \"USD\", \"value\": \"96.80\"}}, \"invoice_id\": \"PO5C9791343\", \"custom_id\": \"PO5C9791343\", \"links\": [{\"href\": \"https://api.paypal.com/v2/payments/captures/3YU288368X054545A\", \"rel\": \"self\", \"method\": \"GET\"}, {\"href\": \"https://api.paypal.com/v2/payments/captures/3YU288368X054545A/refund\", \"rel\": \"refund\", \"method\": \"POST\"}, {\"href\": \"https://api.paypal.com/v2/checkout/orders/0PF03774P5763220Y\", \"rel\": \"up\", \"method\": \"GET\"}], \"create_time\": \"2021-02-20T19:07:19Z\", \"update_time\": \"2021-02-20T19:07:19Z\"}]}}], \"payer\": {\"name\": {\"given_name\": \"Nyakundi\", \"surname\": \"Michieka\"}, \"email_address\": \"michiekan@yahoo.com\", \"payer_id\": \"KDWFMW9KV499W\", \"address\": {\"address_line_1\": \"5209 au chocolat drive \", \"admin_area_2\": \"Bakersfield, CA\", \"postal_code\": \"93311\", \"country_code\": \"US\"}}, \"create_time\": \"2021-02-20T19:06:03Z\", \"update_time\": \"2021-02-20T19:07:19Z\", \"links\": [{\"href\": \"https://api.paypal.com/v2/checkout/orders/0PF03774P5763220Y\", \"rel\": \"self\", \"method\": \"GET\"}]}',1,0,'paypal'),(169,'PO751E4A619','USD',500.00,'6',NULL,'2021-02-20 19:17:40.978749',NULL,45,7,'{}',NULL,'{}',1,0,'paypal'),(170,'POA166FC7B6','USD',500.00,'1',NULL,'2021-02-20 19:20:59.089367','2021-02-20 19:23:18.758649',45,1,'\"{\\\"create_time\\\":\\\"2021-02-20T19:20:59Z\\\",\\\"update_time\\\":\\\"2021-02-20T19:23:16Z\\\",\\\"id\\\":\\\"60E02584VG7877259\\\",\\\"intent\\\":\\\"CAPTURE\\\",\\\"status\\\":\\\"COMPLETED\\\",\\\"payer\\\":{\\\"email_address\\\":\\\"cbhawley@mail.wvu.edu\\\",\\\"payer_id\\\":\\\"924SDK6HFG448\\\",\\\"address\\\":{\\\"address_line_1\\\":\\\"213 Wagner Road\\\",\\\"admin_area_2\\\":\\\"WV\\\",\\\"postal_code\\\":\\\"26501\\\",\\\"country_code\\\":\\\"US\\\"},\\\"name\\\":{\\\"given_name\\\":\\\"Clifford\\\",\\\"surname\\\":\\\"Hawley\\\"}},\\\"purchase_units\\\":[{\\\"reference_id\\\":\\\"default\\\",\\\"custom_id\\\":\\\"POA166FC7B6\\\",\\\"invoice_id\\\":\\\"POA166FC7B6\\\",\\\"soft_descriptor\\\":\\\"PAYPAL *CALIFORNIA\\\",\\\"amount\\\":{\\\"value\\\":\\\"500.00\\\",\\\"currency_code\\\":\\\"USD\\\"},\\\"payee\\\":{\\\"email_address\\\":\\\"taye.doherty@wpurcell.com\\\",\\\"merchant_id\\\":\\\"UN6YGUGZXXWWN\\\"},\\\"payments\\\":{\\\"captures\\\":[{\\\"status\\\":\\\"COMPLETED\\\",\\\"id\\\":\\\"74056586B13829540\\\",\\\"invoice_id\\\":\\\"POA166FC7B6\\\",\\\"final_capture\\\":true,\\\"create_time\\\":\\\"2021-02-20T19:23:16Z\\\",\\\"update_time\\\":\\\"2021-02-20T19:23:16Z\\\",\\\"amount\\\":{\\\"value\\\":\\\"500.00\\\",\\\"currency_code\\\":\\\"USD\\\"},\\\"seller_protection\\\":{\\\"status\\\":\\\"ELIGIBLE\\\",\\\"dispute_categories\\\":[\\\"ITEM_NOT_RECEIVED\\\",\\\"UNAUTHORIZED_TRANSACTION\\\"]},\\\"links\\\":[{\\\"href\\\":\\\"https://api.paypal.com/v2/payments/captures/74056586B13829540\\\",\\\"rel\\\":\\\"self\\\",\\\"method\\\":\\\"GET\\\",\\\"title\\\":\\\"GET\\\"},{\\\"href\\\":\\\"https://api.paypal.com/v2/payments/captures/74056586B13829540/refund\\\",\\\"rel\\\":\\\"refund\\\",\\\"method\\\":\\\"POST\\\",\\\"title\\\":\\\"POST\\\"},{\\\"href\\\":\\\"https://api.paypal.com/v2/checkout/orders/60E02584VG7877259\\\",\\\"rel\\\":\\\"up\\\",\\\"method\\\":\\\"GET\\\",\\\"title\\\":\\\"GET\\\"}]}]}}],\\\"links\\\":[{\\\"href\\\":\\\"https://api.paypal.com/v2/checkout/orders/60E02584VG7877259\\\",\\\"rel\\\":\\\"self\\\",\\\"method\\\":\\\"GET\\\",\\\"title\\\":\\\"GET\\\"}]}\"',NULL,'{\"id\": \"60E02584VG7877259\", \"intent\": \"CAPTURE\", \"status\": \"COMPLETED\", \"purchase_units\": [{\"reference_id\": \"default\", \"amount\": {\"currency_code\": \"USD\", \"value\": \"500.00\"}, \"payee\": {\"email_address\": \"taye.doherty@wpurcell.com\", \"merchant_id\": \"UN6YGUGZXXWWN\", \"display_data\": {\"brand_name\": \"SS FOSI Donation\"}}, \"custom_id\": \"POA166FC7B6\", \"invoice_id\": \"POA166FC7B6\", \"soft_descriptor\": \"PAYPAL *CALIFORNIA\", \"payments\": {\"captures\": [{\"id\": \"74056586B13829540\", \"status\": \"COMPLETED\", \"amount\": {\"currency_code\": \"USD\", \"value\": \"500.00\"}, \"final_capture\": true, \"seller_protection\": {\"status\": \"ELIGIBLE\", \"dispute_categories\": [\"ITEM_NOT_RECEIVED\", \"UNAUTHORIZED_TRANSACTION\"]}, \"seller_receivable_breakdown\": {\"gross_amount\": {\"currency_code\": \"USD\", \"value\": \"500.00\"}, \"paypal_fee\": {\"currency_code\": \"USD\", \"value\": \"14.80\"}, \"net_amount\": {\"currency_code\": \"USD\", \"value\": \"485.20\"}}, \"invoice_id\": \"POA166FC7B6\", \"custom_id\": \"POA166FC7B6\", \"links\": [{\"href\": \"https://api.paypal.com/v2/payments/captures/74056586B13829540\", \"rel\": \"self\", \"method\": \"GET\"}, {\"href\": \"https://api.paypal.com/v2/payments/captures/74056586B13829540/refund\", \"rel\": \"refund\", \"method\": \"POST\"}, {\"href\": \"https://api.paypal.com/v2/checkout/orders/60E02584VG7877259\", \"rel\": \"up\", \"method\": \"GET\"}], \"create_time\": \"2021-02-20T19:23:16Z\", \"update_time\": \"2021-02-20T19:23:16Z\"}]}}], \"payer\": {\"name\": {\"given_name\": \"Clifford\", \"surname\": \"Hawley\"}, \"email_address\": \"cbhawley@mail.wvu.edu\", \"payer_id\": \"924SDK6HFG448\", \"address\": {\"address_line_1\": \"213 Wagner Road\", \"admin_area_2\": \"WV\", \"postal_code\": \"26501\", \"country_code\": \"US\"}}, \"create_time\": \"2021-02-20T19:20:59Z\", \"update_time\": \"2021-02-20T19:23:16Z\", \"links\": [{\"href\": \"https://api.paypal.com/v2/checkout/orders/60E02584VG7877259\", \"rel\": \"self\", \"method\": \"GET\"}]}',1,0,'paypal'),(171,'PO6CCE546E6','USD',50.00,'6',NULL,'2021-02-20 19:34:27.020242',NULL,46,17,'{}',NULL,'{}',1,0,'paystack'),(172,'PO912E403C5','USD',10.00,'3',NULL,'2021-02-20 19:37:15.414531','2021-02-20 19:41:01.249482',47,1,NULL,NULL,'{\"id\": 1009069781, \"domain\": \"live\", \"status\": \"ongoing\", \"reference\": \"PO912E403C5\", \"amount\": 1000, \"message\": null, \"gateway_response\": \"The transaction was not completed\", \"paid_at\": null, \"created_at\": \"2021-02-20T19:37:18.000Z\", \"channel\": \"card\", \"currency\": \"USD\", \"ip_address\": \"96.28.10.185\", \"metadata\": {\"referrer\": \"https://app.ssfosi.com/donate?project=somolu&amount=10&currency=USD&frequency=once\"}, \"log\": {\"start_time\": 1613849840, \"time_spent\": 94, \"attempts\": 1, \"errors\": 0, \"success\": false, \"mobile\": false, \"input\": [], \"history\": [{\"type\": \"input\", \"message\": \"Filled this field: card number\", \"time\": 31}, {\"type\": \"input\", \"message\": \"Filled this field: card expiry\", \"time\": 34}, {\"type\": \"input\", \"message\": \"Filled this field: card cvv\", \"time\": 45}, {\"type\": \"action\", \"message\": \"Attempted to pay with card\", \"time\": 94}]}, \"fees\": null, \"fees_split\": null, \"authorization\": {\"authorization_code\": \"AUTH_v7tjq0k3jd\", \"bin\": \"443044\", \"last4\": \"5927\", \"exp_month\": \"09\", \"exp_year\": \"2023\", \"channel\": \"card\", \"card_type\": \"visa DEBIT\", \"bank\": \"PNCBANK\", \"country_code\": \"US\", \"brand\": \"visa\", \"reusable\": true, \"signature\": \"SIG_aNsflupI0DIaheBIcmtY\", \"account_name\": null, \"receiver_bank_account_number\": null, \"receiver_bank\": null}, \"customer\": {\"id\": 39752476, \"first_name\": \"Adam \", \"last_name\": \"\", \"email\": \"ap@gmail.com\", \"customer_code\": \"CUS_ei5wk7zpo8ge0ox\", \"phone\": \"\", \"metadata\": null, \"risk_action\": \"default\", \"international_format_phone\": null}, \"plan\": null, \"split\": {}, \"order_id\": null, \"paidAt\": null, \"createdAt\": \"2021-02-20T19:37:18.000Z\", \"requested_amount\": 1000, \"pos_transaction_data\": null, \"transaction_date\": \"2021-02-20T19:37:18.000Z\", \"plan_object\": {}, \"subaccount\": {}}',1,0,'paystack'),(173,'PO036D2BECC','USD',100.00,'1',NULL,'2021-02-20 20:02:45.285919','2021-02-20 20:04:46.718338',9,5,'\"{\\\"create_time\\\":\\\"2021-02-20T20:02:45Z\\\",\\\"update_time\\\":\\\"2021-02-20T20:04:17Z\\\",\\\"id\\\":\\\"2P500603AU518322R\\\",\\\"intent\\\":\\\"CAPTURE\\\",\\\"status\\\":\\\"COMPLETED\\\",\\\"payer\\\":{\\\"email_address\\\":\\\"jacoo@jacootravel.com\\\",\\\"payer_id\\\":\\\"CXS5JS97T652S\\\",\\\"address\\\":{\\\"address_line_1\\\":\\\"P.O Box72350\\\",\\\"admin_area_2\\\":\\\"NC/Durham\\\",\\\"postal_code\\\":\\\"27722\\\",\\\"country_code\\\":\\\"US\\\"},\\\"name\\\":{\\\"given_name\\\":\\\"Charles\\\",\\\"surname\\\":\\\"Orbih\\\"}},\\\"purchase_units\\\":[{\\\"reference_id\\\":\\\"default\\\",\\\"custom_id\\\":\\\"PO036D2BECC\\\",\\\"invoice_id\\\":\\\"PO036D2BECC\\\",\\\"soft_descriptor\\\":\\\"PAYPAL *CALIFORNIA\\\",\\\"amount\\\":{\\\"value\\\":\\\"100.00\\\",\\\"currency_code\\\":\\\"USD\\\"},\\\"payee\\\":{\\\"email_address\\\":\\\"taye.doherty@wpurcell.com\\\",\\\"merchant_id\\\":\\\"UN6YGUGZXXWWN\\\"},\\\"payments\\\":{\\\"captures\\\":[{\\\"status\\\":\\\"COMPLETED\\\",\\\"id\\\":\\\"6T953676RX9043722\\\",\\\"invoice_id\\\":\\\"PO036D2BECC\\\",\\\"final_capture\\\":true,\\\"create_time\\\":\\\"2021-02-20T20:04:17Z\\\",\\\"update_time\\\":\\\"2021-02-20T20:04:17Z\\\",\\\"amount\\\":{\\\"value\\\":\\\"100.00\\\",\\\"currency_code\\\":\\\"USD\\\"},\\\"seller_protection\\\":{\\\"status\\\":\\\"ELIGIBLE\\\",\\\"dispute_categories\\\":[\\\"ITEM_NOT_RECEIVED\\\",\\\"UNAUTHORIZED_TRANSACTION\\\"]},\\\"links\\\":[{\\\"href\\\":\\\"https://api.paypal.com/v2/payments/captures/6T953676RX9043722\\\",\\\"rel\\\":\\\"self\\\",\\\"method\\\":\\\"GET\\\",\\\"title\\\":\\\"GET\\\"},{\\\"href\\\":\\\"https://api.paypal.com/v2/payments/captures/6T953676RX9043722/refund\\\",\\\"rel\\\":\\\"refund\\\",\\\"method\\\":\\\"POST\\\",\\\"title\\\":\\\"POST\\\"},{\\\"href\\\":\\\"https://api.paypal.com/v2/checkout/orders/2P500603AU518322R\\\",\\\"rel\\\":\\\"up\\\",\\\"method\\\":\\\"GET\\\",\\\"title\\\":\\\"GET\\\"}]}]}}],\\\"links\\\":[{\\\"href\\\":\\\"https://api.paypal.com/v2/checkout/orders/2P500603AU518322R\\\",\\\"rel\\\":\\\"self\\\",\\\"method\\\":\\\"GET\\\",\\\"title\\\":\\\"GET\\\"}]}\"',NULL,'{\"id\": \"2P500603AU518322R\", \"intent\": \"CAPTURE\", \"status\": \"COMPLETED\", \"purchase_units\": [{\"reference_id\": \"default\", \"amount\": {\"currency_code\": \"USD\", \"value\": \"100.00\"}, \"payee\": {\"email_address\": \"taye.doherty@wpurcell.com\", \"merchant_id\": \"UN6YGUGZXXWWN\", \"display_data\": {\"brand_name\": \"SS FOSI Donation\"}}, \"custom_id\": \"PO036D2BECC\", \"invoice_id\": \"PO036D2BECC\", \"soft_descriptor\": \"PAYPAL *CALIFORNIA\", \"payments\": {\"captures\": [{\"id\": \"6T953676RX9043722\", \"status\": \"COMPLETED\", \"amount\": {\"currency_code\": \"USD\", \"value\": \"100.00\"}, \"final_capture\": true, \"seller_protection\": {\"status\": \"ELIGIBLE\", \"dispute_categories\": [\"ITEM_NOT_RECEIVED\", \"UNAUTHORIZED_TRANSACTION\"]}, \"seller_receivable_breakdown\": {\"gross_amount\": {\"currency_code\": \"USD\", \"value\": \"100.00\"}, \"paypal_fee\": {\"currency_code\": \"USD\", \"value\": \"3.20\"}, \"net_amount\": {\"currency_code\": \"USD\", \"value\": \"96.80\"}}, \"invoice_id\": \"PO036D2BECC\", \"custom_id\": \"PO036D2BECC\", \"links\": [{\"href\": \"https://api.paypal.com/v2/payments/captures/6T953676RX9043722\", \"rel\": \"self\", \"method\": \"GET\"}, {\"href\": \"https://api.paypal.com/v2/payments/captures/6T953676RX9043722/refund\", \"rel\": \"refund\", \"method\": \"POST\"}, {\"href\": \"https://api.paypal.com/v2/checkout/orders/2P500603AU518322R\", \"rel\": \"up\", \"method\": \"GET\"}], \"create_time\": \"2021-02-20T20:04:17Z\", \"update_time\": \"2021-02-20T20:04:17Z\"}]}}], \"payer\": {\"name\": {\"given_name\": \"Charles\", \"surname\": \"Orbih\"}, \"email_address\": \"jacoo@jacootravel.com\", \"payer_id\": \"CXS5JS97T652S\", \"address\": {\"address_line_1\": \"P.O Box72350\", \"admin_area_2\": \"NC/Durham\", \"postal_code\": \"27722\", \"country_code\": \"US\"}}, \"create_time\": \"2021-02-20T20:02:45Z\", \"update_time\": \"2021-02-20T20:04:17Z\", \"links\": [{\"href\": \"https://api.paypal.com/v2/checkout/orders/2P500603AU518322R\", \"rel\": \"self\", \"method\": \"GET\"}]}',1,0,'paypal'),(174,'PO0465F3472','USD',40.00,'3',NULL,'2021-02-20 20:05:42.847914','2021-02-20 20:11:01.323509',46,1,NULL,NULL,'{\"id\": 1009098530, \"domain\": \"live\", \"status\": \"failed\", \"reference\": \"PO0465F3472\", \"amount\": 4000, \"message\": null, \"gateway_response\": \"Card brand is blacklisted for international transactions\", \"paid_at\": null, \"created_at\": \"2021-02-20T20:05:45.000Z\", \"channel\": \"card\", \"currency\": \"USD\", \"ip_address\": \"50.113.14.218\", \"metadata\": {\"referrer\": \"https://app.ssfosi.com/donate?project=somolu&amount=40&currency=USD&frequency=once\"}, \"log\": {\"start_time\": 1613851545, \"time_spent\": 127, \"attempts\": 2, \"errors\": 1, \"success\": false, \"mobile\": true, \"input\": [], \"history\": [{\"type\": \"input\", \"message\": \"Filled this field: card number\", \"time\": 94}, {\"type\": \"input\", \"message\": \"Filled this field: card expiry\", \"time\": 99}, {\"type\": \"input\", \"message\": \"Filled this field: card cvv\", \"time\": 104}, {\"type\": \"action\", \"message\": \"Attempted to pay with card\", \"time\": 104}, {\"type\": \"error\", \"message\": \"Error: Unable to process transaction.\", \"time\": 105}, {\"type\": \"action\", \"message\": \"Attempted to pay with card\", \"time\": 127}]}, \"fees\": null, \"fees_split\": null, \"authorization\": {\"authorization_code\": \"AUTH_vz2zaxd2ml\", \"bin\": \"601120\", \"last4\": \"2898\", \"exp_month\": \"05\", \"exp_year\": \"2024\", \"channel\": \"card\", \"card_type\": \"Discover DEBIT\", \"bank\": \"DISCOVER\", \"country_code\": \"US\", \"brand\": \"Discover\", \"reusable\": false, \"signature\": \"SIG_jxw5e4kC4snaJThgKVFF\", \"account_name\": null, \"receiver_bank_account_number\": null, \"receiver_bank\": null}, \"customer\": {\"id\": 39752257, \"first_name\": \"Sam\", \"last_name\": \"\", \"email\": \"slarsen@usa.com\", \"customer_code\": \"CUS_plx3bnii5cnf932\", \"phone\": \"\", \"metadata\": null, \"risk_action\": \"default\", \"international_format_phone\": null}, \"plan\": null, \"split\": {}, \"order_id\": null, \"paidAt\": null, \"createdAt\": \"2021-02-20T20:05:45.000Z\", \"requested_amount\": 4000, \"pos_transaction_data\": null, \"transaction_date\": \"2021-02-20T20:05:45.000Z\", \"plan_object\": {}, \"subaccount\": {}}',1,0,'paystack'),(175,'PO2E6CCFA3A','USD',200.00,'1',NULL,'2021-02-20 20:18:11.664920','2021-02-20 20:19:27.505862',48,17,'\"{\\\"create_time\\\":\\\"2021-02-20T20:18:12Z\\\",\\\"update_time\\\":\\\"2021-02-20T20:19:24Z\\\",\\\"id\\\":\\\"33660312YY886494W\\\",\\\"intent\\\":\\\"CAPTURE\\\",\\\"status\\\":\\\"COMPLETED\\\",\\\"payer\\\":{\\\"email_address\\\":\\\"weatherspoon9@gmail.com\\\",\\\"payer_id\\\":\\\"YZJ95M55ZLTPE\\\",\\\"address\\\":{\\\"address_line_1\\\":\\\"2332 HASLETT RD\\\",\\\"admin_area_2\\\":\\\"MI\\\",\\\"postal_code\\\":\\\"48895\\\",\\\"country_code\\\":\\\"US\\\"},\\\"name\\\":{\\\"given_name\\\":\\\"Dave\\\",\\\"surname\\\":\\\"Weatherspoon\\\"}},\\\"purchase_units\\\":[{\\\"reference_id\\\":\\\"default\\\",\\\"custom_id\\\":\\\"PO2E6CCFA3A\\\",\\\"invoice_id\\\":\\\"PO2E6CCFA3A\\\",\\\"soft_descriptor\\\":\\\"PAYPAL *CALIFORNIA\\\",\\\"amount\\\":{\\\"value\\\":\\\"200.00\\\",\\\"currency_code\\\":\\\"USD\\\"},\\\"payee\\\":{\\\"email_address\\\":\\\"taye.doherty@wpurcell.com\\\",\\\"merchant_id\\\":\\\"UN6YGUGZXXWWN\\\"},\\\"payments\\\":{\\\"captures\\\":[{\\\"status\\\":\\\"COMPLETED\\\",\\\"id\\\":\\\"9EV44352200947019\\\",\\\"invoice_id\\\":\\\"PO2E6CCFA3A\\\",\\\"final_capture\\\":true,\\\"create_time\\\":\\\"2021-02-20T20:19:24Z\\\",\\\"update_time\\\":\\\"2021-02-20T20:19:24Z\\\",\\\"amount\\\":{\\\"value\\\":\\\"200.00\\\",\\\"currency_code\\\":\\\"USD\\\"},\\\"seller_protection\\\":{\\\"status\\\":\\\"ELIGIBLE\\\",\\\"dispute_categories\\\":[\\\"ITEM_NOT_RECEIVED\\\",\\\"UNAUTHORIZED_TRANSACTION\\\"]},\\\"links\\\":[{\\\"href\\\":\\\"https://api.paypal.com/v2/payments/captures/9EV44352200947019\\\",\\\"rel\\\":\\\"self\\\",\\\"method\\\":\\\"GET\\\",\\\"title\\\":\\\"GET\\\"},{\\\"href\\\":\\\"https://api.paypal.com/v2/payments/captures/9EV44352200947019/refund\\\",\\\"rel\\\":\\\"refund\\\",\\\"method\\\":\\\"POST\\\",\\\"title\\\":\\\"POST\\\"},{\\\"href\\\":\\\"https://api.paypal.com/v2/checkout/orders/33660312YY886494W\\\",\\\"rel\\\":\\\"up\\\",\\\"method\\\":\\\"GET\\\",\\\"title\\\":\\\"GET\\\"}]}]}}],\\\"links\\\":[{\\\"href\\\":\\\"https://api.paypal.com/v2/checkout/orders/33660312YY886494W\\\",\\\"rel\\\":\\\"self\\\",\\\"method\\\":\\\"GET\\\",\\\"title\\\":\\\"GET\\\"}]}\"',NULL,'{\"id\": \"33660312YY886494W\", \"intent\": \"CAPTURE\", \"status\": \"COMPLETED\", \"purchase_units\": [{\"reference_id\": \"default\", \"amount\": {\"currency_code\": \"USD\", \"value\": \"200.00\"}, \"payee\": {\"email_address\": \"taye.doherty@wpurcell.com\", \"merchant_id\": \"UN6YGUGZXXWWN\", \"display_data\": {\"brand_name\": \"SS FOSI Donation\"}}, \"custom_id\": \"PO2E6CCFA3A\", \"invoice_id\": \"PO2E6CCFA3A\", \"soft_descriptor\": \"PAYPAL *CALIFORNIA\", \"payments\": {\"captures\": [{\"id\": \"9EV44352200947019\", \"status\": \"COMPLETED\", \"amount\": {\"currency_code\": \"USD\", \"value\": \"200.00\"}, \"final_capture\": true, \"seller_protection\": {\"status\": \"ELIGIBLE\", \"dispute_categories\": [\"ITEM_NOT_RECEIVED\", \"UNAUTHORIZED_TRANSACTION\"]}, \"seller_receivable_breakdown\": {\"gross_amount\": {\"currency_code\": \"USD\", \"value\": \"200.00\"}, \"paypal_fee\": {\"currency_code\": \"USD\", \"value\": \"6.10\"}, \"net_amount\": {\"currency_code\": \"USD\", \"value\": \"193.90\"}}, \"invoice_id\": \"PO2E6CCFA3A\", \"custom_id\": \"PO2E6CCFA3A\", \"links\": [{\"href\": \"https://api.paypal.com/v2/payments/captures/9EV44352200947019\", \"rel\": \"self\", \"method\": \"GET\"}, {\"href\": \"https://api.paypal.com/v2/payments/captures/9EV44352200947019/refund\", \"rel\": \"refund\", \"method\": \"POST\"}, {\"href\": \"https://api.paypal.com/v2/checkout/orders/33660312YY886494W\", \"rel\": \"up\", \"method\": \"GET\"}], \"create_time\": \"2021-02-20T20:19:24Z\", \"update_time\": \"2021-02-20T20:19:24Z\"}]}}], \"payer\": {\"name\": {\"given_name\": \"Dave\", \"surname\": \"Weatherspoon\"}, \"email_address\": \"weatherspoon9@gmail.com\", \"payer_id\": \"YZJ95M55ZLTPE\", \"address\": {\"address_line_1\": \"2332 HASLETT RD\", \"admin_area_2\": \"MI\", \"postal_code\": \"48895\", \"country_code\": \"US\"}}, \"create_time\": \"2021-02-20T20:18:12Z\", \"update_time\": \"2021-02-20T20:19:24Z\", \"links\": [{\"href\": \"https://api.paypal.com/v2/checkout/orders/33660312YY886494W\", \"rel\": \"self\", \"method\": \"GET\"}]}',1,0,'paypal'),(176,'PO8AD0CDC97','USD',300.00,'6',NULL,'2021-02-20 20:19:37.124914',NULL,24,1,'{}',NULL,'{}',1,0,'paystack'),(177,'PO9F7A89DEA','USD',300.00,'1',NULL,'2021-02-20 20:26:05.337980','2021-02-20 20:27:01.697263',24,1,'\"{\\\"create_time\\\":\\\"2021-02-20T20:26:05Z\\\",\\\"update_time\\\":\\\"2021-02-20T20:26:59Z\\\",\\\"id\\\":\\\"42F59868BT5742828\\\",\\\"intent\\\":\\\"CAPTURE\\\",\\\"status\\\":\\\"COMPLETED\\\",\\\"payer\\\":{\\\"email_address\\\":\\\"ademolaolukoya@hotmail.com\\\",\\\"payer_id\\\":\\\"8KENVC5AUF55S\\\",\\\"address\\\":{\\\"address_line_1\\\":\\\"31 Boehm Way\\\",\\\"admin_area_2\\\":\\\"NJ/Hillsborough\\\",\\\"postal_code\\\":\\\"08844\\\",\\\"country_code\\\":\\\"US\\\"},\\\"name\\\":{\\\"given_name\\\":\\\"Peter\\\",\\\"surname\\\":\\\"Olukoya\\\"}},\\\"purchase_units\\\":[{\\\"reference_id\\\":\\\"default\\\",\\\"custom_id\\\":\\\"PO9F7A89DEA\\\",\\\"invoice_id\\\":\\\"PO9F7A89DEA\\\",\\\"soft_descriptor\\\":\\\"PAYPAL *CALIFORNIA\\\",\\\"amount\\\":{\\\"value\\\":\\\"300.00\\\",\\\"currency_code\\\":\\\"USD\\\"},\\\"payee\\\":{\\\"email_address\\\":\\\"taye.doherty@wpurcell.com\\\",\\\"merchant_id\\\":\\\"UN6YGUGZXXWWN\\\"},\\\"payments\\\":{\\\"captures\\\":[{\\\"status\\\":\\\"COMPLETED\\\",\\\"id\\\":\\\"0U9012015P808521L\\\",\\\"invoice_id\\\":\\\"PO9F7A89DEA\\\",\\\"final_capture\\\":true,\\\"create_time\\\":\\\"2021-02-20T20:26:59Z\\\",\\\"update_time\\\":\\\"2021-02-20T20:26:59Z\\\",\\\"amount\\\":{\\\"value\\\":\\\"300.00\\\",\\\"currency_code\\\":\\\"USD\\\"},\\\"seller_protection\\\":{\\\"status\\\":\\\"ELIGIBLE\\\",\\\"dispute_categories\\\":[\\\"ITEM_NOT_RECEIVED\\\",\\\"UNAUTHORIZED_TRANSACTION\\\"]},\\\"links\\\":[{\\\"href\\\":\\\"https://api.paypal.com/v2/payments/captures/0U9012015P808521L\\\",\\\"rel\\\":\\\"self\\\",\\\"method\\\":\\\"GET\\\",\\\"title\\\":\\\"GET\\\"},{\\\"href\\\":\\\"https://api.paypal.com/v2/payments/captures/0U9012015P808521L/refund\\\",\\\"rel\\\":\\\"refund\\\",\\\"method\\\":\\\"POST\\\",\\\"title\\\":\\\"POST\\\"},{\\\"href\\\":\\\"https://api.paypal.com/v2/checkout/orders/42F59868BT5742828\\\",\\\"rel\\\":\\\"up\\\",\\\"method\\\":\\\"GET\\\",\\\"title\\\":\\\"GET\\\"}]}]}}],\\\"links\\\":[{\\\"href\\\":\\\"https://api.paypal.com/v2/checkout/orders/42F59868BT5742828\\\",\\\"rel\\\":\\\"self\\\",\\\"method\\\":\\\"GET\\\",\\\"title\\\":\\\"GET\\\"}]}\"',NULL,'{\"id\": \"42F59868BT5742828\", \"intent\": \"CAPTURE\", \"status\": \"COMPLETED\", \"purchase_units\": [{\"reference_id\": \"default\", \"amount\": {\"currency_code\": \"USD\", \"value\": \"300.00\"}, \"payee\": {\"email_address\": \"taye.doherty@wpurcell.com\", \"merchant_id\": \"UN6YGUGZXXWWN\", \"display_data\": {\"brand_name\": \"SS FOSI Donation\"}}, \"custom_id\": \"PO9F7A89DEA\", \"invoice_id\": \"PO9F7A89DEA\", \"soft_descriptor\": \"PAYPAL *CALIFORNIA\", \"payments\": {\"captures\": [{\"id\": \"0U9012015P808521L\", \"status\": \"COMPLETED\", \"amount\": {\"currency_code\": \"USD\", \"value\": \"300.00\"}, \"final_capture\": true, \"seller_protection\": {\"status\": \"ELIGIBLE\", \"dispute_categories\": [\"ITEM_NOT_RECEIVED\", \"UNAUTHORIZED_TRANSACTION\"]}, \"seller_receivable_breakdown\": {\"gross_amount\": {\"currency_code\": \"USD\", \"value\": \"300.00\"}, \"paypal_fee\": {\"currency_code\": \"USD\", \"value\": \"9.00\"}, \"net_amount\": {\"currency_code\": \"USD\", \"value\": \"291.00\"}}, \"invoice_id\": \"PO9F7A89DEA\", \"custom_id\": \"PO9F7A89DEA\", \"links\": [{\"href\": \"https://api.paypal.com/v2/payments/captures/0U9012015P808521L\", \"rel\": \"self\", \"method\": \"GET\"}, {\"href\": \"https://api.paypal.com/v2/payments/captures/0U9012015P808521L/refund\", \"rel\": \"refund\", \"method\": \"POST\"}, {\"href\": \"https://api.paypal.com/v2/checkout/orders/42F59868BT5742828\", \"rel\": \"up\", \"method\": \"GET\"}], \"create_time\": \"2021-02-20T20:26:59Z\", \"update_time\": \"2021-02-20T20:26:59Z\"}]}}], \"payer\": {\"name\": {\"given_name\": \"Peter\", \"surname\": \"Olukoya\"}, \"email_address\": \"ademolaolukoya@hotmail.com\", \"payer_id\": \"8KENVC5AUF55S\", \"address\": {\"address_line_1\": \"31 Boehm Way\", \"admin_area_2\": \"NJ/Hillsborough\", \"postal_code\": \"08844\", \"country_code\": \"US\"}}, \"create_time\": \"2021-02-20T20:26:05Z\", \"update_time\": \"2021-02-20T20:26:59Z\", \"links\": [{\"href\": \"https://api.paypal.com/v2/checkout/orders/42F59868BT5742828\", \"rel\": \"self\", \"method\": \"GET\"}]}',1,0,'paypal'),(178,'PO92B0B67F5','USD',100.00,'1',NULL,'2021-02-20 20:30:09.537036','2021-02-20 20:30:36.852362',49,2,'\"{\\\"create_time\\\":\\\"2021-02-20T20:30:09Z\\\",\\\"update_time\\\":\\\"2021-02-20T20:30:34Z\\\",\\\"id\\\":\\\"03036436008614718\\\",\\\"intent\\\":\\\"CAPTURE\\\",\\\"status\\\":\\\"COMPLETED\\\",\\\"payer\\\":{\\\"email_address\\\":\\\"sales@droskinbutter.com\\\",\\\"payer_id\\\":\\\"SBC5QK644WHG2\\\",\\\"address\\\":{\\\"address_line_1\\\":\\\"13551 Mayflower Street \\\",\\\"admin_area_2\\\":\\\"Victorville, CA\\\",\\\"postal_code\\\":\\\"92392\\\",\\\"country_code\\\":\\\"US\\\"},\\\"name\\\":{\\\"given_name\\\":\\\"Ronke\\\",\\\"surname\\\":\\\"Ogunleye\\\"}},\\\"purchase_units\\\":[{\\\"reference_id\\\":\\\"default\\\",\\\"custom_id\\\":\\\"PO92B0B67F5\\\",\\\"invoice_id\\\":\\\"PO92B0B67F5\\\",\\\"amount\\\":{\\\"value\\\":\\\"100.00\\\",\\\"currency_code\\\":\\\"USD\\\"},\\\"payee\\\":{\\\"email_address\\\":\\\"taye.doherty@wpurcell.com\\\",\\\"merchant_id\\\":\\\"UN6YGUGZXXWWN\\\"},\\\"payments\\\":{\\\"captures\\\":[{\\\"status\\\":\\\"COMPLETED\\\",\\\"id\\\":\\\"0E53796670907490B\\\",\\\"invoice_id\\\":\\\"PO92B0B67F5\\\",\\\"final_capture\\\":true,\\\"create_time\\\":\\\"2021-02-20T20:30:34Z\\\",\\\"update_time\\\":\\\"2021-02-20T20:30:34Z\\\",\\\"amount\\\":{\\\"value\\\":\\\"100.00\\\",\\\"currency_code\\\":\\\"USD\\\"},\\\"seller_protection\\\":{\\\"status\\\":\\\"ELIGIBLE\\\",\\\"dispute_categories\\\":[\\\"ITEM_NOT_RECEIVED\\\",\\\"UNAUTHORIZED_TRANSACTION\\\"]},\\\"links\\\":[{\\\"href\\\":\\\"https://api.paypal.com/v2/payments/captures/0E53796670907490B\\\",\\\"rel\\\":\\\"self\\\",\\\"method\\\":\\\"GET\\\",\\\"title\\\":\\\"GET\\\"},{\\\"href\\\":\\\"https://api.paypal.com/v2/payments/captures/0E53796670907490B/refund\\\",\\\"rel\\\":\\\"refund\\\",\\\"method\\\":\\\"POST\\\",\\\"title\\\":\\\"POST\\\"},{\\\"href\\\":\\\"https://api.paypal.com/v2/checkout/orders/03036436008614718\\\",\\\"rel\\\":\\\"up\\\",\\\"method\\\":\\\"GET\\\",\\\"title\\\":\\\"GET\\\"}]}]}}],\\\"links\\\":[{\\\"href\\\":\\\"https://api.paypal.com/v2/checkout/orders/03036436008614718\\\",\\\"rel\\\":\\\"self\\\",\\\"method\\\":\\\"GET\\\",\\\"title\\\":\\\"GET\\\"}]}\"',NULL,'{\"id\": \"03036436008614718\", \"intent\": \"CAPTURE\", \"status\": \"COMPLETED\", \"purchase_units\": [{\"reference_id\": \"default\", \"amount\": {\"currency_code\": \"USD\", \"value\": \"100.00\"}, \"payee\": {\"email_address\": \"taye.doherty@wpurcell.com\", \"merchant_id\": \"UN6YGUGZXXWWN\", \"display_data\": {\"brand_name\": \"SS FOSI Donation\"}}, \"custom_id\": \"PO92B0B67F5\", \"invoice_id\": \"PO92B0B67F5\", \"payments\": {\"captures\": [{\"id\": \"0E53796670907490B\", \"status\": \"COMPLETED\", \"amount\": {\"currency_code\": \"USD\", \"value\": \"100.00\"}, \"final_capture\": true, \"seller_protection\": {\"status\": \"ELIGIBLE\", \"dispute_categories\": [\"ITEM_NOT_RECEIVED\", \"UNAUTHORIZED_TRANSACTION\"]}, \"seller_receivable_breakdown\": {\"gross_amount\": {\"currency_code\": \"USD\", \"value\": \"100.00\"}, \"paypal_fee\": {\"currency_code\": \"USD\", \"value\": \"3.20\"}, \"net_amount\": {\"currency_code\": \"USD\", \"value\": \"96.80\"}}, \"invoice_id\": \"PO92B0B67F5\", \"custom_id\": \"PO92B0B67F5\", \"links\": [{\"href\": \"https://api.paypal.com/v2/payments/captures/0E53796670907490B\", \"rel\": \"self\", \"method\": \"GET\"}, {\"href\": \"https://api.paypal.com/v2/payments/captures/0E53796670907490B/refund\", \"rel\": \"refund\", \"method\": \"POST\"}, {\"href\": \"https://api.paypal.com/v2/checkout/orders/03036436008614718\", \"rel\": \"up\", \"method\": \"GET\"}], \"create_time\": \"2021-02-20T20:30:34Z\", \"update_time\": \"2021-02-20T20:30:34Z\"}]}}], \"payer\": {\"name\": {\"given_name\": \"Ronke\", \"surname\": \"Ogunleye\"}, \"email_address\": \"sales@droskinbutter.com\", \"payer_id\": \"SBC5QK644WHG2\", \"address\": {\"address_line_1\": \"13551 Mayflower Street \", \"admin_area_2\": \"Victorville, CA\", \"postal_code\": \"92392\", \"country_code\": \"US\"}}, \"create_time\": \"2021-02-20T20:30:09Z\", \"update_time\": \"2021-02-20T20:30:34Z\", \"links\": [{\"href\": \"https://api.paypal.com/v2/checkout/orders/03036436008614718\", \"rel\": \"self\", \"method\": \"GET\"}]}',1,0,'paypal'),(179,'PO3B9BE1797','USD',50.00,'1',NULL,'2021-02-20 21:39:14.856337','2021-02-20 21:40:34.799807',50,11,'\"{\\\"create_time\\\":\\\"2021-02-20T21:39:15Z\\\",\\\"update_time\\\":\\\"2021-02-20T21:40:31Z\\\",\\\"id\\\":\\\"8BE01914TC5405638\\\",\\\"intent\\\":\\\"CAPTURE\\\",\\\"status\\\":\\\"COMPLETED\\\",\\\"payer\\\":{\\\"email_address\\\":\\\"justinkgk@gmail.com\\\",\\\"payer_id\\\":\\\"64X97MMSPV5XC\\\",\\\"address\\\":{\\\"address_line_1\\\":\\\"2519 Martina drive apt 12\\\",\\\"admin_area_2\\\":\\\"Michigan\\\",\\\"postal_code\\\":\\\"48842\\\",\\\"country_code\\\":\\\"US\\\"},\\\"name\\\":{\\\"given_name\\\":\\\"justin george\\\",\\\"surname\\\":\\\"kappiaruparampil\\\"}},\\\"purchase_units\\\":[{\\\"reference_id\\\":\\\"default\\\",\\\"custom_id\\\":\\\"PO3B9BE1797\\\",\\\"invoice_id\\\":\\\"PO3B9BE1797\\\",\\\"amount\\\":{\\\"value\\\":\\\"50.00\\\",\\\"currency_code\\\":\\\"USD\\\"},\\\"payee\\\":{\\\"email_address\\\":\\\"taye.doherty@wpurcell.com\\\",\\\"merchant_id\\\":\\\"UN6YGUGZXXWWN\\\"},\\\"payments\\\":{\\\"captures\\\":[{\\\"status\\\":\\\"COMPLETED\\\",\\\"id\\\":\\\"1B5922489K765582K\\\",\\\"invoice_id\\\":\\\"PO3B9BE1797\\\",\\\"final_capture\\\":true,\\\"create_time\\\":\\\"2021-02-20T21:40:31Z\\\",\\\"update_time\\\":\\\"2021-02-20T21:40:31Z\\\",\\\"amount\\\":{\\\"value\\\":\\\"50.00\\\",\\\"currency_code\\\":\\\"USD\\\"},\\\"seller_protection\\\":{\\\"status\\\":\\\"ELIGIBLE\\\",\\\"dispute_categories\\\":[\\\"ITEM_NOT_RECEIVED\\\",\\\"UNAUTHORIZED_TRANSACTION\\\"]},\\\"links\\\":[{\\\"href\\\":\\\"https://api.paypal.com/v2/payments/captures/1B5922489K765582K\\\",\\\"rel\\\":\\\"self\\\",\\\"method\\\":\\\"GET\\\",\\\"title\\\":\\\"GET\\\"},{\\\"href\\\":\\\"https://api.paypal.com/v2/payments/captures/1B5922489K765582K/refund\\\",\\\"rel\\\":\\\"refund\\\",\\\"method\\\":\\\"POST\\\",\\\"title\\\":\\\"POST\\\"},{\\\"href\\\":\\\"https://api.paypal.com/v2/checkout/orders/8BE01914TC5405638\\\",\\\"rel\\\":\\\"up\\\",\\\"method\\\":\\\"GET\\\",\\\"title\\\":\\\"GET\\\"}]}]}}],\\\"links\\\":[{\\\"href\\\":\\\"https://api.paypal.com/v2/checkout/orders/8BE01914TC5405638\\\",\\\"rel\\\":\\\"self\\\",\\\"method\\\":\\\"GET\\\",\\\"title\\\":\\\"GET\\\"}]}\"',NULL,'{\"id\": \"8BE01914TC5405638\", \"intent\": \"CAPTURE\", \"status\": \"COMPLETED\", \"purchase_units\": [{\"reference_id\": \"default\", \"amount\": {\"currency_code\": \"USD\", \"value\": \"50.00\"}, \"payee\": {\"email_address\": \"taye.doherty@wpurcell.com\", \"merchant_id\": \"UN6YGUGZXXWWN\", \"display_data\": {\"brand_name\": \"SS FOSI Donation\"}}, \"custom_id\": \"PO3B9BE1797\", \"invoice_id\": \"PO3B9BE1797\", \"payments\": {\"captures\": [{\"id\": \"1B5922489K765582K\", \"status\": \"COMPLETED\", \"amount\": {\"currency_code\": \"USD\", \"value\": \"50.00\"}, \"final_capture\": true, \"seller_protection\": {\"status\": \"ELIGIBLE\", \"dispute_categories\": [\"ITEM_NOT_RECEIVED\", \"UNAUTHORIZED_TRANSACTION\"]}, \"seller_receivable_breakdown\": {\"gross_amount\": {\"currency_code\": \"USD\", \"value\": \"50.00\"}, \"paypal_fee\": {\"currency_code\": \"USD\", \"value\": \"1.75\"}, \"net_amount\": {\"currency_code\": \"USD\", \"value\": \"48.25\"}}, \"invoice_id\": \"PO3B9BE1797\", \"custom_id\": \"PO3B9BE1797\", \"links\": [{\"href\": \"https://api.paypal.com/v2/payments/captures/1B5922489K765582K\", \"rel\": \"self\", \"method\": \"GET\"}, {\"href\": \"https://api.paypal.com/v2/payments/captures/1B5922489K765582K/refund\", \"rel\": \"refund\", \"method\": \"POST\"}, {\"href\": \"https://api.paypal.com/v2/checkout/orders/8BE01914TC5405638\", \"rel\": \"up\", \"method\": \"GET\"}], \"create_time\": \"2021-02-20T21:40:31Z\", \"update_time\": \"2021-02-20T21:40:31Z\"}]}}], \"payer\": {\"name\": {\"given_name\": \"justin george\", \"surname\": \"kappiaruparampil\"}, \"email_address\": \"justinkgk@gmail.com\", \"payer_id\": \"64X97MMSPV5XC\", \"address\": {\"address_line_1\": \"2519 Martina drive apt 12\", \"admin_area_2\": \"Michigan\", \"postal_code\": \"48842\", \"country_code\": \"US\"}}, \"create_time\": \"2021-02-20T21:39:15Z\", \"update_time\": \"2021-02-20T21:40:31Z\", \"links\": [{\"href\": \"https://api.paypal.com/v2/checkout/orders/8BE01914TC5405638\", \"rel\": \"self\", \"method\": \"GET\"}]}',1,0,'paypal'),(180,'PO4DBC144D1','USD',100.00,'3',NULL,'2021-02-20 23:38:29.312814','2021-02-20 23:41:01.341219',51,17,NULL,NULL,'{\"id\": 1009329201, \"domain\": \"live\", \"status\": \"ongoing\", \"reference\": \"PO4DBC144D1\", \"amount\": 10000, \"message\": \"\", \"gateway_response\": \"Do not honour\", \"paid_at\": null, \"created_at\": \"2021-02-20T23:38:33.000Z\", \"channel\": \"card\", \"currency\": \"USD\", \"ip_address\": \"73.200.31.131\", \"metadata\": {\"referrer\": \"https://app.ssfosi.com/donate?project=&amount=100&currency=USD&frequency=once\"}, \"log\": {\"start_time\": 1613864314, \"time_spent\": 131, \"attempts\": 2, \"authentication\": \"3DS\", \"errors\": 1, \"success\": false, \"mobile\": false, \"input\": [], \"history\": [{\"type\": \"input\", \"message\": \"Filled this field: card number\", \"time\": 32}, {\"type\": \"input\", \"message\": \"Filled this field: card expiry\", \"time\": 35}, {\"type\": \"input\", \"message\": \"Filled this field: card cvv\", \"time\": 49}, {\"type\": \"action\", \"message\": \"Attempted to pay with card\", \"time\": 49}, {\"type\": \"auth\", \"message\": \"Authentication Required: 3DS\", \"time\": 50}, {\"type\": \"action\", \"message\": \"Third-party authentication window opened\", \"time\": 53}, {\"type\": \"error\", \"message\": \"Error: Do not honour\", \"time\": 67}, {\"type\": \"input\", \"message\": \"Changed this field: card number\", \"time\": 109}, {\"type\": \"input\", \"message\": \"Changed this field: card number\", \"time\": 119}, {\"type\": \"input\", \"message\": \"Changed this field: card expiry\", \"time\": 123}, {\"type\": \"input\", \"message\": \"Changed this field: card cvv\", \"time\": 130}, {\"type\": \"action\", \"message\": \"Attempted to pay with card\", \"time\": 130}, {\"type\": \"auth\", \"message\": \"Authentication Required: 3DS\", \"time\": 131}]}, \"fees\": null, \"fees_split\": null, \"authorization\": {\"authorization_code\": \"AUTH_uy2wjga54q\", \"bin\": \"489737\", \"last4\": \"1682\", \"exp_month\": \"10\", \"exp_year\": \"2023\", \"channel\": \"card\", \"card_type\": \"visa DEBIT\", \"bank\": \"MICHIGAN STATE UNIVERSITY F.C.U.\", \"country_code\": \"US\", \"brand\": \"visa\", \"reusable\": true, \"signature\": \"SIG_fF7yRxogayCYZVprtRAn\", \"account_name\": null, \"receiver_bank_account_number\": null, \"receiver_bank\": null}, \"customer\": {\"id\": 39769705, \"first_name\": \"John\", \"last_name\": \"\", \"email\": \"jcdbogle@gmail.com\", \"customer_code\": \"CUS_i57wwcskbw6zgm6\", \"phone\": \"\", \"metadata\": null, \"risk_action\": \"default\", \"international_format_phone\": null}, \"plan\": null, \"split\": {}, \"order_id\": null, \"paidAt\": null, \"createdAt\": \"2021-02-20T23:38:33.000Z\", \"requested_amount\": 10000, \"pos_transaction_data\": null, \"transaction_date\": \"2021-02-20T23:38:33.000Z\", \"plan_object\": {}, \"subaccount\": {}}',1,0,'paystack'),(181,'POBB6E9B2FA','USD',50.00,'1',NULL,'2021-02-20 23:49:55.207422','2021-02-20 23:53:15.049504',52,14,'\"{\\\"create_time\\\":\\\"2021-02-20T23:49:55Z\\\",\\\"update_time\\\":\\\"2021-02-20T23:53:12Z\\\",\\\"id\\\":\\\"55K4518164306881V\\\",\\\"intent\\\":\\\"CAPTURE\\\",\\\"status\\\":\\\"COMPLETED\\\",\\\"payer\\\":{\\\"email_address\\\":\\\"olajuwon.olaleye@gmail.com\\\",\\\"payer_id\\\":\\\"NM55JMCS3TSWJ\\\",\\\"address\\\":{\\\"address_line_1\\\":\\\"16275 Edwards Ave\\\",\\\"admin_area_2\\\":\\\"Southfield, Mi\\\",\\\"postal_code\\\":\\\"48076\\\",\\\"country_code\\\":\\\"US\\\"},\\\"name\\\":{\\\"given_name\\\":\\\"Olajuwon\\\",\\\"surname\\\":\\\"Olaleye\\\"}},\\\"purchase_units\\\":[{\\\"reference_id\\\":\\\"default\\\",\\\"custom_id\\\":\\\"POBB6E9B2FA\\\",\\\"invoice_id\\\":\\\"POBB6E9B2FA\\\",\\\"soft_descriptor\\\":\\\"PAYPAL *CALIFORNIA\\\",\\\"amount\\\":{\\\"value\\\":\\\"50.00\\\",\\\"currency_code\\\":\\\"USD\\\"},\\\"payee\\\":{\\\"email_address\\\":\\\"taye.doherty@wpurcell.com\\\",\\\"merchant_id\\\":\\\"UN6YGUGZXXWWN\\\"},\\\"payments\\\":{\\\"captures\\\":[{\\\"status\\\":\\\"COMPLETED\\\",\\\"id\\\":\\\"0WF219999Y3417143\\\",\\\"invoice_id\\\":\\\"POBB6E9B2FA\\\",\\\"final_capture\\\":true,\\\"create_time\\\":\\\"2021-02-20T23:53:12Z\\\",\\\"update_time\\\":\\\"2021-02-20T23:53:12Z\\\",\\\"amount\\\":{\\\"value\\\":\\\"50.00\\\",\\\"currency_code\\\":\\\"USD\\\"},\\\"seller_protection\\\":{\\\"status\\\":\\\"ELIGIBLE\\\",\\\"dispute_categories\\\":[\\\"ITEM_NOT_RECEIVED\\\",\\\"UNAUTHORIZED_TRANSACTION\\\"]},\\\"links\\\":[{\\\"href\\\":\\\"https://api.paypal.com/v2/payments/captures/0WF219999Y3417143\\\",\\\"rel\\\":\\\"self\\\",\\\"method\\\":\\\"GET\\\",\\\"title\\\":\\\"GET\\\"},{\\\"href\\\":\\\"https://api.paypal.com/v2/payments/captures/0WF219999Y3417143/refund\\\",\\\"rel\\\":\\\"refund\\\",\\\"method\\\":\\\"POST\\\",\\\"title\\\":\\\"POST\\\"},{\\\"href\\\":\\\"https://api.paypal.com/v2/checkout/orders/55K4518164306881V\\\",\\\"rel\\\":\\\"up\\\",\\\"method\\\":\\\"GET\\\",\\\"title\\\":\\\"GET\\\"}]}]}}],\\\"links\\\":[{\\\"href\\\":\\\"https://api.paypal.com/v2/checkout/orders/55K4518164306881V\\\",\\\"rel\\\":\\\"self\\\",\\\"method\\\":\\\"GET\\\",\\\"title\\\":\\\"GET\\\"}]}\"',NULL,'{\"id\": \"55K4518164306881V\", \"intent\": \"CAPTURE\", \"status\": \"COMPLETED\", \"purchase_units\": [{\"reference_id\": \"default\", \"amount\": {\"currency_code\": \"USD\", \"value\": \"50.00\"}, \"payee\": {\"email_address\": \"taye.doherty@wpurcell.com\", \"merchant_id\": \"UN6YGUGZXXWWN\", \"display_data\": {\"brand_name\": \"SS FOSI Donation\"}}, \"custom_id\": \"POBB6E9B2FA\", \"invoice_id\": \"POBB6E9B2FA\", \"soft_descriptor\": \"PAYPAL *CALIFORNIA\", \"payments\": {\"captures\": [{\"id\": \"0WF219999Y3417143\", \"status\": \"COMPLETED\", \"amount\": {\"currency_code\": \"USD\", \"value\": \"50.00\"}, \"final_capture\": true, \"seller_protection\": {\"status\": \"ELIGIBLE\", \"dispute_categories\": [\"ITEM_NOT_RECEIVED\", \"UNAUTHORIZED_TRANSACTION\"]}, \"seller_receivable_breakdown\": {\"gross_amount\": {\"currency_code\": \"USD\", \"value\": \"50.00\"}, \"paypal_fee\": {\"currency_code\": \"USD\", \"value\": \"1.75\"}, \"net_amount\": {\"currency_code\": \"USD\", \"value\": \"48.25\"}}, \"invoice_id\": \"POBB6E9B2FA\", \"custom_id\": \"POBB6E9B2FA\", \"links\": [{\"href\": \"https://api.paypal.com/v2/payments/captures/0WF219999Y3417143\", \"rel\": \"self\", \"method\": \"GET\"}, {\"href\": \"https://api.paypal.com/v2/payments/captures/0WF219999Y3417143/refund\", \"rel\": \"refund\", \"method\": \"POST\"}, {\"href\": \"https://api.paypal.com/v2/checkout/orders/55K4518164306881V\", \"rel\": \"up\", \"method\": \"GET\"}], \"create_time\": \"2021-02-20T23:53:12Z\", \"update_time\": \"2021-02-20T23:53:12Z\"}]}}], \"payer\": {\"name\": {\"given_name\": \"Olajuwon\", \"surname\": \"Olaleye\"}, \"email_address\": \"olajuwon.olaleye@gmail.com\", \"payer_id\": \"NM55JMCS3TSWJ\", \"address\": {\"address_line_1\": \"16275 Edwards Ave\", \"admin_area_2\": \"Southfield, Mi\", \"postal_code\": \"48076\", \"country_code\": \"US\"}}, \"create_time\": \"2021-02-20T23:49:55Z\", \"update_time\": \"2021-02-20T23:53:12Z\", \"links\": [{\"href\": \"https://api.paypal.com/v2/checkout/orders/55K4518164306881V\", \"rel\": \"self\", \"method\": \"GET\"}]}',1,0,'paypal'),(182,'PO56D980950','USD',50.00,'6',NULL,'2021-02-20 23:50:46.614656',NULL,52,14,'{}',NULL,'{}',1,0,'paypal'),(183,'PO198D180DB','NGN',700.00,'6',NULL,'2021-02-21 01:45:14.061022',NULL,53,17,'{}',NULL,'{}',1,0,'paystack'),(184,'PO22DF37C77','NGN',700.00,'6',NULL,'2021-02-21 01:49:02.731335',NULL,53,17,'{}',NULL,'{}',1,0,'paystack'),(185,'PO52C2BECE5','USD',10.00,'3',NULL,'2021-02-21 03:56:02.267798','2021-02-21 04:01:00.336622',54,4,NULL,NULL,'{\"id\": 1009473178, \"domain\": \"live\", \"status\": \"failed\", \"reference\": \"PO52C2BECE5\", \"amount\": 1000, \"message\": \"\", \"gateway_response\": \"Do not honour\", \"paid_at\": null, \"created_at\": \"2021-02-21T03:56:04.000Z\", \"channel\": \"card\", \"currency\": \"USD\", \"ip_address\": \"69.254.109.95\", \"metadata\": {\"referrer\": \"https://app.ssfosi.com/donate?project=somolu&amount=10&currency=USD&frequency=once\"}, \"log\": {\"start_time\": 1613879764, \"time_spent\": 140, \"attempts\": 1, \"authentication\": \"3DS\", \"errors\": 0, \"success\": false, \"mobile\": true, \"input\": [], \"history\": [{\"type\": \"input\", \"message\": \"Filled this field: card number\", \"time\": 125}, {\"type\": \"input\", \"message\": \"Filled this field: card expiry\", \"time\": 127}, {\"type\": \"input\", \"message\": \"Filled this field: card cvv\", \"time\": 129}, {\"type\": \"error\", \"message\": \"Invalid card number\", \"time\": 129}, {\"type\": \"input\", \"message\": \"Changed this field: card number\", \"time\": 138}, {\"type\": \"action\", \"message\": \"Attempted to pay with card\", \"time\": 139}, {\"type\": \"auth\", \"message\": \"Authentication Required: 3DS\", \"time\": 140}]}, \"fees\": null, \"fees_split\": null, \"authorization\": {\"authorization_code\": \"AUTH_31hvm15uho\", \"bin\": \"443047\", \"last4\": \"6891\", \"exp_month\": \"07\", \"exp_year\": \"2022\", \"channel\": \"card\", \"card_type\": \"visa DEBIT\", \"bank\": \"PNC BANK N.A.\", \"country_code\": \"US\", \"brand\": \"visa\", \"reusable\": true, \"signature\": \"SIG_bdddpbNrDiu6wjg53plW\", \"account_name\": null, \"receiver_bank_account_number\": null, \"receiver_bank\": null}, \"customer\": {\"id\": 39781654, \"first_name\": \"Erica\", \"last_name\": \"\", \"email\": \"ejohnson012191@yahoo.com\", \"customer_code\": \"CUS_8fuk7g4ukev40bj\", \"phone\": \"\", \"metadata\": null, \"risk_action\": \"default\", \"international_format_phone\": null}, \"plan\": null, \"split\": {}, \"order_id\": null, \"paidAt\": null, \"createdAt\": \"2021-02-21T03:56:04.000Z\", \"requested_amount\": 1000, \"pos_transaction_data\": null, \"transaction_date\": \"2021-02-21T03:56:04.000Z\", \"plan_object\": {}, \"subaccount\": {}}',1,0,'paystack'),(186,'POD10D26A03','USD',10.00,'3',NULL,'2021-02-21 06:24:40.321439','2021-02-21 06:31:01.251690',55,1,NULL,NULL,'{\"id\": 1009550883, \"domain\": \"live\", \"status\": \"ongoing\", \"reference\": \"POD10D26A03\", \"amount\": 1000, \"message\": \"\", \"gateway_response\": \"The card holder was not authorised. This is used in 3-D Secure Authentication.\", \"paid_at\": null, \"created_at\": \"2021-02-21T06:24:42.000Z\", \"channel\": \"card\", \"currency\": \"USD\", \"ip_address\": \"107.134.78.44\", \"metadata\": {\"referrer\": \"https://app.ssfosi.com/donate?project=somolu&amount=10&currency=USD&frequency=once\"}, \"log\": {\"start_time\": 1613888682, \"time_spent\": 29, \"attempts\": 1, \"authentication\": \"3DS\", \"errors\": 0, \"success\": false, \"mobile\": true, \"input\": [], \"history\": [{\"type\": \"input\", \"message\": \"Filled this field: card number\", \"time\": 20}, {\"type\": \"input\", \"message\": \"Filled this field: card expiry\", \"time\": 24}, {\"type\": \"input\", \"message\": \"Filled this field: card cvv\", \"time\": 28}, {\"type\": \"action\", \"message\": \"Attempted to pay with card\", \"time\": 28}, {\"type\": \"auth\", \"message\": \"Authentication Required: 3DS\", \"time\": 29}]}, \"fees\": null, \"fees_split\": null, \"authorization\": {\"authorization_code\": \"AUTH_56r5xme7lq\", \"bin\": \"414720\", \"last4\": \"7111\", \"exp_month\": \"10\", \"exp_year\": \"2024\", \"channel\": \"card\", \"card_type\": \"visa DEBIT\", \"bank\": \"CHASE\", \"country_code\": \"US\", \"brand\": \"visa\", \"reusable\": true, \"signature\": \"SIG_lue0YGvUSwIEBw4MhXCo\", \"account_name\": null, \"receiver_bank_account_number\": null, \"receiver_bank\": null}, \"customer\": {\"id\": 39790324, \"first_name\": \"Heena\", \"last_name\": \"\", \"email\": \"heenaladh@gmail.com\", \"customer_code\": \"CUS_qa9kpcf4bdai377\", \"phone\": \"\", \"metadata\": null, \"risk_action\": \"default\", \"international_format_phone\": null}, \"plan\": null, \"split\": {}, \"order_id\": null, \"paidAt\": null, \"createdAt\": \"2021-02-21T06:24:42.000Z\", \"requested_amount\": 1000, \"pos_transaction_data\": null, \"transaction_date\": \"2021-02-21T06:24:42.000Z\", \"plan_object\": {}, \"subaccount\": {}}',1,0,'paystack'),(187,'PO958E6920A','USD',100.00,'1',NULL,'2021-02-21 07:19:14.433576','2021-02-21 07:25:23.745680',56,5,'\"{\\\"create_time\\\":\\\"2021-02-21T07:19:14Z\\\",\\\"update_time\\\":\\\"2021-02-21T07:25:20Z\\\",\\\"id\\\":\\\"4LT2574708109751E\\\",\\\"intent\\\":\\\"CAPTURE\\\",\\\"status\\\":\\\"COMPLETED\\\",\\\"payer\\\":{\\\"email_address\\\":\\\"fexodap@gmail.com\\\",\\\"payer_id\\\":\\\"MEHLSTKBPEDE2\\\",\\\"address\\\":{\\\"address_line_1\\\":\\\"4313 Agliano Ter\\\",\\\"admin_area_2\\\":\\\"Summerfield, NC\\\",\\\"postal_code\\\":\\\"27358\\\",\\\"country_code\\\":\\\"US\\\"},\\\"name\\\":{\\\"given_name\\\":\\\"Oladapo\\\",\\\"surname\\\":\\\"Adefeso\\\"}},\\\"purchase_units\\\":[{\\\"reference_id\\\":\\\"default\\\",\\\"custom_id\\\":\\\"PO958E6920A\\\",\\\"invoice_id\\\":\\\"PO958E6920A\\\",\\\"soft_descriptor\\\":\\\"PAYPAL *CALIFORNIA\\\",\\\"amount\\\":{\\\"value\\\":\\\"100.00\\\",\\\"currency_code\\\":\\\"USD\\\"},\\\"payee\\\":{\\\"email_address\\\":\\\"taye.doherty@wpurcell.com\\\",\\\"merchant_id\\\":\\\"UN6YGUGZXXWWN\\\"},\\\"payments\\\":{\\\"captures\\\":[{\\\"status\\\":\\\"COMPLETED\\\",\\\"id\\\":\\\"7MB98915B48047519\\\",\\\"invoice_id\\\":\\\"PO958E6920A\\\",\\\"final_capture\\\":true,\\\"create_time\\\":\\\"2021-02-21T07:25:20Z\\\",\\\"update_time\\\":\\\"2021-02-21T07:25:20Z\\\",\\\"amount\\\":{\\\"value\\\":\\\"100.00\\\",\\\"currency_code\\\":\\\"USD\\\"},\\\"seller_protection\\\":{\\\"status\\\":\\\"ELIGIBLE\\\",\\\"dispute_categories\\\":[\\\"ITEM_NOT_RECEIVED\\\",\\\"UNAUTHORIZED_TRANSACTION\\\"]},\\\"links\\\":[{\\\"href\\\":\\\"https://api.paypal.com/v2/payments/captures/7MB98915B48047519\\\",\\\"rel\\\":\\\"self\\\",\\\"method\\\":\\\"GET\\\",\\\"title\\\":\\\"GET\\\"},{\\\"href\\\":\\\"https://api.paypal.com/v2/payments/captures/7MB98915B48047519/refund\\\",\\\"rel\\\":\\\"refund\\\",\\\"method\\\":\\\"POST\\\",\\\"title\\\":\\\"POST\\\"},{\\\"href\\\":\\\"https://api.paypal.com/v2/checkout/orders/4LT2574708109751E\\\",\\\"rel\\\":\\\"up\\\",\\\"method\\\":\\\"GET\\\",\\\"title\\\":\\\"GET\\\"}]}]}}],\\\"links\\\":[{\\\"href\\\":\\\"https://api.paypal.com/v2/checkout/orders/4LT2574708109751E\\\",\\\"rel\\\":\\\"self\\\",\\\"method\\\":\\\"GET\\\",\\\"title\\\":\\\"GET\\\"}]}\"',NULL,'{\"id\": \"4LT2574708109751E\", \"intent\": \"CAPTURE\", \"status\": \"COMPLETED\", \"purchase_units\": [{\"reference_id\": \"default\", \"amount\": {\"currency_code\": \"USD\", \"value\": \"100.00\"}, \"payee\": {\"email_address\": \"taye.doherty@wpurcell.com\", \"merchant_id\": \"UN6YGUGZXXWWN\", \"display_data\": {\"brand_name\": \"SS FOSI Donation\"}}, \"custom_id\": \"PO958E6920A\", \"invoice_id\": \"PO958E6920A\", \"soft_descriptor\": \"PAYPAL *CALIFORNIA\", \"payments\": {\"captures\": [{\"id\": \"7MB98915B48047519\", \"status\": \"COMPLETED\", \"amount\": {\"currency_code\": \"USD\", \"value\": \"100.00\"}, \"final_capture\": true, \"seller_protection\": {\"status\": \"ELIGIBLE\", \"dispute_categories\": [\"ITEM_NOT_RECEIVED\", \"UNAUTHORIZED_TRANSACTION\"]}, \"seller_receivable_breakdown\": {\"gross_amount\": {\"currency_code\": \"USD\", \"value\": \"100.00\"}, \"paypal_fee\": {\"currency_code\": \"USD\", \"value\": \"3.20\"}, \"net_amount\": {\"currency_code\": \"USD\", \"value\": \"96.80\"}}, \"invoice_id\": \"PO958E6920A\", \"custom_id\": \"PO958E6920A\", \"links\": [{\"href\": \"https://api.paypal.com/v2/payments/captures/7MB98915B48047519\", \"rel\": \"self\", \"method\": \"GET\"}, {\"href\": \"https://api.paypal.com/v2/payments/captures/7MB98915B48047519/refund\", \"rel\": \"refund\", \"method\": \"POST\"}, {\"href\": \"https://api.paypal.com/v2/checkout/orders/4LT2574708109751E\", \"rel\": \"up\", \"method\": \"GET\"}], \"create_time\": \"2021-02-21T07:25:20Z\", \"update_time\": \"2021-02-21T07:25:20Z\"}]}}], \"payer\": {\"name\": {\"given_name\": \"Oladapo\", \"surname\": \"Adefeso\"}, \"email_address\": \"fexodap@gmail.com\", \"payer_id\": \"MEHLSTKBPEDE2\", \"address\": {\"address_line_1\": \"4313 Agliano Ter\", \"admin_area_2\": \"Summerfield, NC\", \"postal_code\": \"27358\", \"country_code\": \"US\"}}, \"create_time\": \"2021-02-21T07:19:14Z\", \"update_time\": \"2021-02-21T07:25:20Z\", \"links\": [{\"href\": \"https://api.paypal.com/v2/checkout/orders/4LT2574708109751E\", \"rel\": \"self\", \"method\": \"GET\"}]}',1,0,'paypal'),(188,'POE07CBCB66','USD',100.00,'6',NULL,'2021-02-21 07:23:08.008179',NULL,56,5,'{}',NULL,'{}',1,0,'paypal'),(189,'POE2C17BB5B','USD',10.00,'1',NULL,'2021-02-21 11:25:48.085764','2021-02-21 12:12:12.513253',35,3,'\"{\\\"reference\\\":\\\"POE2C17BB5B\\\",\\\"trans\\\":\\\"1009846315\\\",\\\"status\\\":\\\"success\\\",\\\"message\\\":\\\"Approved\\\",\\\"transaction\\\":\\\"1009846315\\\",\\\"trxref\\\":\\\"POE2C17BB5B\\\"}\"',NULL,'{\"id\": 1009846315, \"domain\": \"live\", \"status\": \"success\", \"reference\": \"POE2C17BB5B\", \"amount\": 1000, \"message\": \"\", \"gateway_response\": \"Approved\", \"paid_at\": \"2021-02-21T11:26:21.000Z\", \"created_at\": \"2021-02-21T11:25:49.000Z\", \"channel\": \"card\", \"currency\": \"USD\", \"ip_address\": \"24.252.137.72\", \"metadata\": {\"referrer\": \"https://app.ssfosi.com/donate?project=ikorodu&amount=10&currency=USD&frequency=once\"}, \"log\": {\"start_time\": 1613906749, \"time_spent\": 32, \"attempts\": 1, \"authentication\": \"3DS\", \"errors\": 0, \"success\": true, \"mobile\": true, \"input\": [], \"history\": [{\"type\": \"input\", \"message\": \"Filled this field: card number\", \"time\": 11}, {\"type\": \"input\", \"message\": \"Filled this field: card expiry\", \"time\": 16}, {\"type\": \"action\", \"message\": \"Attempted to pay with card\", \"time\": 16}, {\"type\": \"auth\", \"message\": \"Authentication Required: 3DS\", \"time\": 17}, {\"type\": \"action\", \"message\": \"Third-party authentication window opened\", \"time\": 20}, {\"type\": \"success\", \"message\": \"Successfully paid with card\", \"time\": 31}, {\"type\": \"action\", \"message\": \"Third-party authentication window closed\", \"time\": 32}]}, \"fees\": 39, \"fees_split\": null, \"authorization\": {\"authorization_code\": \"AUTH_njwfpdjorz\", \"bin\": \"489737\", \"last4\": \"0600\", \"exp_month\": \"04\", \"exp_year\": \"2021\", \"channel\": \"card\", \"card_type\": \"visa DEBIT\", \"bank\": \"MICHIGAN STATE UNIVERSITY F.C.U.\", \"country_code\": \"US\", \"brand\": \"visa\", \"reusable\": true, \"signature\": \"SIG_SqJB18XOeUa7q9Rk5ylu\", \"account_name\": null, \"receiver_bank_account_number\": null, \"receiver_bank\": null}, \"customer\": {\"id\": 39730590, \"first_name\": \"Sanjeev \", \"last_name\": \"\", \"email\": \"s.vistarak@gmail.com\", \"customer_code\": \"CUS_5or6xdzl6x0dwgb\", \"phone\": \"\", \"metadata\": null, \"risk_action\": \"default\", \"international_format_phone\": null}, \"plan\": null, \"split\": {}, \"order_id\": null, \"paidAt\": \"2021-02-21T11:26:21.000Z\", \"createdAt\": \"2021-02-21T11:25:49.000Z\", \"requested_amount\": 1000, \"pos_transaction_data\": null, \"transaction_date\": \"2021-02-21T11:25:49.000Z\", \"plan_object\": {}, \"subaccount\": {}}',1,0,'paystack'),(190,'PO7BB2BD17A','USD',1000.00,'6',NULL,'2021-02-21 12:48:03.813837',NULL,57,17,'{}',NULL,'{}',1,0,'paypal'),(191,'PO406A8E075','USD',1000.00,'1',NULL,'2021-02-21 13:07:23.151205','2021-02-21 13:11:05.091737',58,2,'\"{\\\"create_time\\\":\\\"2021-02-21T13:07:29Z\\\",\\\"update_time\\\":\\\"2021-02-21T13:10:55Z\\\",\\\"id\\\":\\\"2FG995004R554174P\\\",\\\"intent\\\":\\\"CAPTURE\\\",\\\"status\\\":\\\"COMPLETED\\\",\\\"payer\\\":{\\\"email_address\\\":\\\"bunmi@enlivensoftware.com\\\",\\\"payer_id\\\":\\\"DFJE526F9DYXY\\\",\\\"address\\\":{\\\"address_line_1\\\":\\\"24 hornsilver pl\\\",\\\"admin_area_2\\\":\\\"The woodlands\\\",\\\"postal_code\\\":\\\"77381\\\",\\\"country_code\\\":\\\"US\\\"},\\\"name\\\":{\\\"given_name\\\":\\\"OluBunmi\\\",\\\"surname\\\":\\\"Akinyemiju\\\"}},\\\"purchase_units\\\":[{\\\"reference_id\\\":\\\"default\\\",\\\"custom_id\\\":\\\"PO406A8E075\\\",\\\"invoice_id\\\":\\\"PO406A8E075\\\",\\\"amount\\\":{\\\"value\\\":\\\"1000.00\\\",\\\"currency_code\\\":\\\"USD\\\"},\\\"payee\\\":{\\\"email_address\\\":\\\"taye.doherty@wpurcell.com\\\",\\\"merchant_id\\\":\\\"UN6YGUGZXXWWN\\\"},\\\"payments\\\":{\\\"captures\\\":[{\\\"status\\\":\\\"COMPLETED\\\",\\\"id\\\":\\\"1JJ22237PT240992B\\\",\\\"invoice_id\\\":\\\"PO406A8E075\\\",\\\"final_capture\\\":true,\\\"create_time\\\":\\\"2021-02-21T13:10:55Z\\\",\\\"update_time\\\":\\\"2021-02-21T13:10:55Z\\\",\\\"amount\\\":{\\\"value\\\":\\\"1000.00\\\",\\\"currency_code\\\":\\\"USD\\\"},\\\"seller_protection\\\":{\\\"status\\\":\\\"ELIGIBLE\\\",\\\"dispute_categories\\\":[\\\"ITEM_NOT_RECEIVED\\\",\\\"UNAUTHORIZED_TRANSACTION\\\"]},\\\"links\\\":[{\\\"href\\\":\\\"https://api.paypal.com/v2/payments/captures/1JJ22237PT240992B\\\",\\\"rel\\\":\\\"self\\\",\\\"method\\\":\\\"GET\\\",\\\"title\\\":\\\"GET\\\"},{\\\"href\\\":\\\"https://api.paypal.com/v2/payments/captures/1JJ22237PT240992B/refund\\\",\\\"rel\\\":\\\"refund\\\",\\\"method\\\":\\\"POST\\\",\\\"title\\\":\\\"POST\\\"},{\\\"href\\\":\\\"https://api.paypal.com/v2/checkout/orders/2FG995004R554174P\\\",\\\"rel\\\":\\\"up\\\",\\\"method\\\":\\\"GET\\\",\\\"title\\\":\\\"GET\\\"}]}]}}],\\\"links\\\":[{\\\"href\\\":\\\"https://api.paypal.com/v2/checkout/orders/2FG995004R554174P\\\",\\\"rel\\\":\\\"self\\\",\\\"method\\\":\\\"GET\\\",\\\"title\\\":\\\"GET\\\"}]}\"',NULL,'{\"id\": \"2FG995004R554174P\", \"intent\": \"CAPTURE\", \"status\": \"COMPLETED\", \"purchase_units\": [{\"reference_id\": \"default\", \"amount\": {\"currency_code\": \"USD\", \"value\": \"1000.00\"}, \"payee\": {\"email_address\": \"taye.doherty@wpurcell.com\", \"merchant_id\": \"UN6YGUGZXXWWN\", \"display_data\": {\"brand_name\": \"SS FOSI Donation\"}}, \"custom_id\": \"PO406A8E075\", \"invoice_id\": \"PO406A8E075\", \"payments\": {\"captures\": [{\"id\": \"1JJ22237PT240992B\", \"status\": \"COMPLETED\", \"amount\": {\"currency_code\": \"USD\", \"value\": \"1000.00\"}, \"final_capture\": true, \"seller_protection\": {\"status\": \"ELIGIBLE\", \"dispute_categories\": [\"ITEM_NOT_RECEIVED\", \"UNAUTHORIZED_TRANSACTION\"]}, \"seller_receivable_breakdown\": {\"gross_amount\": {\"currency_code\": \"USD\", \"value\": \"1000.00\"}, \"paypal_fee\": {\"currency_code\": \"USD\", \"value\": \"29.30\"}, \"net_amount\": {\"currency_code\": \"USD\", \"value\": \"970.70\"}}, \"invoice_id\": \"PO406A8E075\", \"custom_id\": \"PO406A8E075\", \"links\": [{\"href\": \"https://api.paypal.com/v2/payments/captures/1JJ22237PT240992B\", \"rel\": \"self\", \"method\": \"GET\"}, {\"href\": \"https://api.paypal.com/v2/payments/captures/1JJ22237PT240992B/refund\", \"rel\": \"refund\", \"method\": \"POST\"}, {\"href\": \"https://api.paypal.com/v2/checkout/orders/2FG995004R554174P\", \"rel\": \"up\", \"method\": \"GET\"}], \"create_time\": \"2021-02-21T13:10:55Z\", \"update_time\": \"2021-02-21T13:10:55Z\"}]}}], \"payer\": {\"name\": {\"given_name\": \"OluBunmi\", \"surname\": \"Akinyemiju\"}, \"email_address\": \"bunmi@enlivensoftware.com\", \"payer_id\": \"DFJE526F9DYXY\", \"address\": {\"address_line_1\": \"24 hornsilver pl\", \"admin_area_2\": \"The woodlands\", \"postal_code\": \"77381\", \"country_code\": \"US\"}}, \"create_time\": \"2021-02-21T13:07:29Z\", \"update_time\": \"2021-02-21T13:10:55Z\", \"links\": [{\"href\": \"https://api.paypal.com/v2/checkout/orders/2FG995004R554174P\", \"rel\": \"self\", \"method\": \"GET\"}]}',1,0,'paypal'),(192,'PO38BEAB70D','USD',500.00,'6',NULL,'2021-02-21 14:18:11.056927',NULL,57,11,'{}',NULL,'{}',1,0,'paypal'),(193,'PO4857C56AF','USD',100.00,'1',NULL,'2021-02-21 17:08:04.007866','2021-02-21 17:11:00.367158',59,12,NULL,NULL,'{\"id\": 1010280706, \"domain\": \"live\", \"status\": \"success\", \"reference\": \"PO4857C56AF\", \"amount\": 10000, \"message\": \"\", \"gateway_response\": \"Approved\", \"paid_at\": \"2021-02-21T17:09:15.000Z\", \"created_at\": \"2021-02-21T17:08:05.000Z\", \"channel\": \"card\", \"currency\": \"USD\", \"ip_address\": \"108.71.225.79\", \"metadata\": {\"referrer\": \"https://app.ssfosi.com/donate?project=&amount=100&currency=USD&frequency=once\"}, \"log\": {\"start_time\": 1613927286, \"time_spent\": 21, \"attempts\": 1, \"authentication\": \"3DS\", \"errors\": 0, \"success\": false, \"mobile\": true, \"input\": [], \"history\": [{\"type\": \"input\", \"message\": \"Filled this field: card number\", \"time\": 14}, {\"type\": \"input\", \"message\": \"Filled this field: card expiry\", \"time\": 18}, {\"type\": \"input\", \"message\": \"Filled this field: card cvv\", \"time\": 20}, {\"type\": \"action\", \"message\": \"Attempted to pay with card\", \"time\": 20}, {\"type\": \"auth\", \"message\": \"Authentication Required: 3DS\", \"time\": 21}]}, \"fees\": 390, \"fees_split\": null, \"authorization\": {\"authorization_code\": \"AUTH_la2h48t2i5\", \"bin\": \"483312\", \"last4\": \"7502\", \"exp_month\": \"04\", \"exp_year\": \"2022\", \"channel\": \"card\", \"card_type\": \"visa DEBIT\", \"bank\": \"CHASE\", \"country_code\": \"US\", \"brand\": \"visa\", \"reusable\": true, \"signature\": \"SIG_H35GFNZQBiImZ6DHfyk3\", \"account_name\": null, \"receiver_bank_account_number\": null, \"receiver_bank\": null}, \"customer\": {\"id\": 39840528, \"first_name\": \"Ben\", \"last_name\": \"\", \"email\": \"badelaja@gmail.com\", \"customer_code\": \"CUS_a5wdihenq8y0uz2\", \"phone\": \"\", \"metadata\": null, \"risk_action\": \"default\", \"international_format_phone\": null}, \"plan\": null, \"split\": {}, \"order_id\": null, \"paidAt\": \"2021-02-21T17:09:15.000Z\", \"createdAt\": \"2021-02-21T17:08:05.000Z\", \"requested_amount\": 10000, \"pos_transaction_data\": null, \"transaction_date\": \"2021-02-21T17:08:05.000Z\", \"plan_object\": {}, \"subaccount\": {}}',1,0,'paystack'),(194,'POAC8EA09BA','USD',100.00,'6',NULL,'2021-02-21 17:10:32.739431',NULL,59,12,'{}',NULL,'{}',1,0,'paystack'),(195,'POE4A874074','USD',40.00,'1',NULL,'2021-02-21 21:25:36.664085','2021-02-21 21:31:01.106481',59,14,NULL,NULL,'{\"id\": 1010517902, \"domain\": \"live\", \"status\": \"success\", \"reference\": \"POE4A874074\", \"amount\": 4000, \"message\": \"\", \"gateway_response\": \"Approved\", \"paid_at\": \"2021-02-21T21:26:06.000Z\", \"created_at\": \"2021-02-21T21:25:38.000Z\", \"channel\": \"card\", \"currency\": \"USD\", \"ip_address\": \"108.71.225.79\", \"metadata\": {\"referrer\": \"https://app.ssfosi.com/donate?project=somolu&amount=10&currency=USD&frequency=once\"}, \"log\": {\"start_time\": 1613942738, \"time_spent\": 15, \"attempts\": 1, \"authentication\": \"3DS\", \"errors\": 0, \"success\": false, \"mobile\": true, \"input\": [], \"history\": [{\"type\": \"input\", \"message\": \"Filled this field: card number\", \"time\": 10}, {\"type\": \"input\", \"message\": \"Filled this field: card expiry\", \"time\": 12}, {\"type\": \"input\", \"message\": \"Filled this field: card cvv\", \"time\": 14}, {\"type\": \"action\", \"message\": \"Attempted to pay with card\", \"time\": 14}, {\"type\": \"auth\", \"message\": \"Authentication Required: 3DS\", \"time\": 15}]}, \"fees\": 156, \"fees_split\": null, \"authorization\": {\"authorization_code\": \"AUTH_p462adnjvd\", \"bin\": \"483312\", \"last4\": \"7502\", \"exp_month\": \"04\", \"exp_year\": \"2022\", \"channel\": \"card\", \"card_type\": \"visa DEBIT\", \"bank\": \"CHASE\", \"country_code\": \"US\", \"brand\": \"visa\", \"reusable\": true, \"signature\": \"SIG_H35GFNZQBiImZ6DHfyk3\", \"account_name\": null, \"receiver_bank_account_number\": null, \"receiver_bank\": null}, \"customer\": {\"id\": 39840528, \"first_name\": \"Ben\", \"last_name\": \"\", \"email\": \"badelaja@gmail.com\", \"customer_code\": \"CUS_a5wdihenq8y0uz2\", \"phone\": \"\", \"metadata\": null, \"risk_action\": \"default\", \"international_format_phone\": null}, \"plan\": null, \"split\": {}, \"order_id\": null, \"paidAt\": \"2021-02-21T21:26:06.000Z\", \"createdAt\": \"2021-02-21T21:25:38.000Z\", \"requested_amount\": 4000, \"pos_transaction_data\": null, \"transaction_date\": \"2021-02-21T21:25:38.000Z\", \"plan_object\": {}, \"subaccount\": {}}',1,0,'paystack'),(196,'PO2B30E7E7F','USD',100.00,'1',NULL,'2021-02-22 02:50:42.709016','2021-02-22 02:51:54.675423',60,16,'\"{\\\"create_time\\\":\\\"2021-02-22T02:50:43Z\\\",\\\"update_time\\\":\\\"2021-02-22T02:51:51Z\\\",\\\"id\\\":\\\"6L460790F5572291P\\\",\\\"intent\\\":\\\"CAPTURE\\\",\\\"status\\\":\\\"COMPLETED\\\",\\\"payer\\\":{\\\"email_address\\\":\\\"odumosu3@gmail.com\\\",\\\"payer_id\\\":\\\"MWEZXPTCAG8FG\\\",\\\"address\\\":{\\\"address_line_1\\\":\\\"18416 W Montebello Avenue \\\",\\\"admin_area_2\\\":\\\"AZ/ Litchfield Park \\\",\\\"postal_code\\\":\\\"85340\\\",\\\"country_code\\\":\\\"US\\\"},\\\"name\\\":{\\\"given_name\\\":\\\"Oladapo\\\",\\\"surname\\\":\\\"Odumosu\\\"}},\\\"purchase_units\\\":[{\\\"reference_id\\\":\\\"default\\\",\\\"custom_id\\\":\\\"PO2B30E7E7F\\\",\\\"invoice_id\\\":\\\"PO2B30E7E7F\\\",\\\"amount\\\":{\\\"value\\\":\\\"100.00\\\",\\\"currency_code\\\":\\\"USD\\\"},\\\"payee\\\":{\\\"email_address\\\":\\\"taye.doherty@wpurcell.com\\\",\\\"merchant_id\\\":\\\"UN6YGUGZXXWWN\\\"},\\\"payments\\\":{\\\"captures\\\":[{\\\"status\\\":\\\"COMPLETED\\\",\\\"id\\\":\\\"3SB09160VW0641508\\\",\\\"invoice_id\\\":\\\"PO2B30E7E7F\\\",\\\"final_capture\\\":true,\\\"create_time\\\":\\\"2021-02-22T02:51:51Z\\\",\\\"update_time\\\":\\\"2021-02-22T02:51:51Z\\\",\\\"amount\\\":{\\\"value\\\":\\\"100.00\\\",\\\"currency_code\\\":\\\"USD\\\"},\\\"seller_protection\\\":{\\\"status\\\":\\\"ELIGIBLE\\\",\\\"dispute_categories\\\":[\\\"ITEM_NOT_RECEIVED\\\",\\\"UNAUTHORIZED_TRANSACTION\\\"]},\\\"links\\\":[{\\\"href\\\":\\\"https://api.paypal.com/v2/payments/captures/3SB09160VW0641508\\\",\\\"rel\\\":\\\"self\\\",\\\"method\\\":\\\"GET\\\",\\\"title\\\":\\\"GET\\\"},{\\\"href\\\":\\\"https://api.paypal.com/v2/payments/captures/3SB09160VW0641508/refund\\\",\\\"rel\\\":\\\"refund\\\",\\\"method\\\":\\\"POST\\\",\\\"title\\\":\\\"POST\\\"},{\\\"href\\\":\\\"https://api.paypal.com/v2/checkout/orders/6L460790F5572291P\\\",\\\"rel\\\":\\\"up\\\",\\\"method\\\":\\\"GET\\\",\\\"title\\\":\\\"GET\\\"}]}]}}],\\\"links\\\":[{\\\"href\\\":\\\"https://api.paypal.com/v2/checkout/orders/6L460790F5572291P\\\",\\\"rel\\\":\\\"self\\\",\\\"method\\\":\\\"GET\\\",\\\"title\\\":\\\"GET\\\"}]}\"',NULL,'{\"id\": \"6L460790F5572291P\", \"intent\": \"CAPTURE\", \"status\": \"COMPLETED\", \"purchase_units\": [{\"reference_id\": \"default\", \"amount\": {\"currency_code\": \"USD\", \"value\": \"100.00\"}, \"payee\": {\"email_address\": \"taye.doherty@wpurcell.com\", \"merchant_id\": \"UN6YGUGZXXWWN\", \"display_data\": {\"brand_name\": \"SS FOSI Donation\"}}, \"custom_id\": \"PO2B30E7E7F\", \"invoice_id\": \"PO2B30E7E7F\", \"payments\": {\"captures\": [{\"id\": \"3SB09160VW0641508\", \"status\": \"COMPLETED\", \"amount\": {\"currency_code\": \"USD\", \"value\": \"100.00\"}, \"final_capture\": true, \"seller_protection\": {\"status\": \"ELIGIBLE\", \"dispute_categories\": [\"ITEM_NOT_RECEIVED\", \"UNAUTHORIZED_TRANSACTION\"]}, \"seller_receivable_breakdown\": {\"gross_amount\": {\"currency_code\": \"USD\", \"value\": \"100.00\"}, \"paypal_fee\": {\"currency_code\": \"USD\", \"value\": \"3.20\"}, \"net_amount\": {\"currency_code\": \"USD\", \"value\": \"96.80\"}}, \"invoice_id\": \"PO2B30E7E7F\", \"custom_id\": \"PO2B30E7E7F\", \"links\": [{\"href\": \"https://api.paypal.com/v2/payments/captures/3SB09160VW0641508\", \"rel\": \"self\", \"method\": \"GET\"}, {\"href\": \"https://api.paypal.com/v2/payments/captures/3SB09160VW0641508/refund\", \"rel\": \"refund\", \"method\": \"POST\"}, {\"href\": \"https://api.paypal.com/v2/checkout/orders/6L460790F5572291P\", \"rel\": \"up\", \"method\": \"GET\"}], \"create_time\": \"2021-02-22T02:51:51Z\", \"update_time\": \"2021-02-22T02:51:51Z\"}]}}], \"payer\": {\"name\": {\"given_name\": \"Oladapo\", \"surname\": \"Odumosu\"}, \"email_address\": \"odumosu3@gmail.com\", \"payer_id\": \"MWEZXPTCAG8FG\", \"address\": {\"address_line_1\": \"18416 W Montebello Avenue \", \"admin_area_2\": \"AZ/ Litchfield Park \", \"postal_code\": \"85340\", \"country_code\": \"US\"}}, \"create_time\": \"2021-02-22T02:50:43Z\", \"update_time\": \"2021-02-22T02:51:51Z\", \"links\": [{\"href\": \"https://api.paypal.com/v2/checkout/orders/6L460790F5572291P\", \"rel\": \"self\", \"method\": \"GET\"}]}',1,0,'paypal'),(197,'PO415B89C62','USD',500.00,'1',NULL,'2021-02-22 19:34:12.710978','2021-02-22 19:35:02.960926',24,1,'\"{\\\"create_time\\\":\\\"2021-02-22T19:34:12Z\\\",\\\"update_time\\\":\\\"2021-02-22T19:35:00Z\\\",\\\"id\\\":\\\"4K6288974U718850H\\\",\\\"intent\\\":\\\"CAPTURE\\\",\\\"status\\\":\\\"COMPLETED\\\",\\\"payer\\\":{\\\"email_address\\\":\\\"ademolaolukoya@hotmail.com\\\",\\\"payer_id\\\":\\\"8KENVC5AUF55S\\\",\\\"address\\\":{\\\"address_line_1\\\":\\\"31 Boehm Way\\\",\\\"admin_area_2\\\":\\\"Hillsborough\\\",\\\"postal_code\\\":\\\"08844\\\",\\\"country_code\\\":\\\"US\\\"},\\\"name\\\":{\\\"given_name\\\":\\\"Peter\\\",\\\"surname\\\":\\\"Olukoya\\\"}},\\\"purchase_units\\\":[{\\\"reference_id\\\":\\\"default\\\",\\\"custom_id\\\":\\\"PO415B89C62\\\",\\\"invoice_id\\\":\\\"PO415B89C62\\\",\\\"soft_descriptor\\\":\\\"PAYPAL *CALIFORNIA\\\",\\\"amount\\\":{\\\"value\\\":\\\"500.00\\\",\\\"currency_code\\\":\\\"USD\\\"},\\\"payee\\\":{\\\"email_address\\\":\\\"taye.doherty@wpurcell.com\\\",\\\"merchant_id\\\":\\\"UN6YGUGZXXWWN\\\"},\\\"payments\\\":{\\\"captures\\\":[{\\\"status\\\":\\\"COMPLETED\\\",\\\"id\\\":\\\"8YD55041DK167672M\\\",\\\"invoice_id\\\":\\\"PO415B89C62\\\",\\\"final_capture\\\":true,\\\"create_time\\\":\\\"2021-02-22T19:35:00Z\\\",\\\"update_time\\\":\\\"2021-02-22T19:35:00Z\\\",\\\"amount\\\":{\\\"value\\\":\\\"500.00\\\",\\\"currency_code\\\":\\\"USD\\\"},\\\"seller_protection\\\":{\\\"status\\\":\\\"ELIGIBLE\\\",\\\"dispute_categories\\\":[\\\"ITEM_NOT_RECEIVED\\\",\\\"UNAUTHORIZED_TRANSACTION\\\"]},\\\"links\\\":[{\\\"href\\\":\\\"https://api.paypal.com/v2/payments/captures/8YD55041DK167672M\\\",\\\"rel\\\":\\\"self\\\",\\\"method\\\":\\\"GET\\\",\\\"title\\\":\\\"GET\\\"},{\\\"href\\\":\\\"https://api.paypal.com/v2/payments/captures/8YD55041DK167672M/refund\\\",\\\"rel\\\":\\\"refund\\\",\\\"method\\\":\\\"POST\\\",\\\"title\\\":\\\"POST\\\"},{\\\"href\\\":\\\"https://api.paypal.com/v2/checkout/orders/4K6288974U718850H\\\",\\\"rel\\\":\\\"up\\\",\\\"method\\\":\\\"GET\\\",\\\"title\\\":\\\"GET\\\"}]}]}}],\\\"links\\\":[{\\\"href\\\":\\\"https://api.paypal.com/v2/checkout/orders/4K6288974U718850H\\\",\\\"rel\\\":\\\"self\\\",\\\"method\\\":\\\"GET\\\",\\\"title\\\":\\\"GET\\\"}]}\"',NULL,'{\"id\": \"4K6288974U718850H\", \"intent\": \"CAPTURE\", \"status\": \"COMPLETED\", \"purchase_units\": [{\"reference_id\": \"default\", \"amount\": {\"currency_code\": \"USD\", \"value\": \"500.00\"}, \"payee\": {\"email_address\": \"taye.doherty@wpurcell.com\", \"merchant_id\": \"UN6YGUGZXXWWN\", \"display_data\": {\"brand_name\": \"SS FOSI Donation\"}}, \"custom_id\": \"PO415B89C62\", \"invoice_id\": \"PO415B89C62\", \"soft_descriptor\": \"PAYPAL *CALIFORNIA\", \"payments\": {\"captures\": [{\"id\": \"8YD55041DK167672M\", \"status\": \"COMPLETED\", \"amount\": {\"currency_code\": \"USD\", \"value\": \"500.00\"}, \"final_capture\": true, \"seller_protection\": {\"status\": \"ELIGIBLE\", \"dispute_categories\": [\"ITEM_NOT_RECEIVED\", \"UNAUTHORIZED_TRANSACTION\"]}, \"seller_receivable_breakdown\": {\"gross_amount\": {\"currency_code\": \"USD\", \"value\": \"500.00\"}, \"paypal_fee\": {\"currency_code\": \"USD\", \"value\": \"14.80\"}, \"net_amount\": {\"currency_code\": \"USD\", \"value\": \"485.20\"}}, \"invoice_id\": \"PO415B89C62\", \"custom_id\": \"PO415B89C62\", \"links\": [{\"href\": \"https://api.paypal.com/v2/payments/captures/8YD55041DK167672M\", \"rel\": \"self\", \"method\": \"GET\"}, {\"href\": \"https://api.paypal.com/v2/payments/captures/8YD55041DK167672M/refund\", \"rel\": \"refund\", \"method\": \"POST\"}, {\"href\": \"https://api.paypal.com/v2/checkout/orders/4K6288974U718850H\", \"rel\": \"up\", \"method\": \"GET\"}], \"create_time\": \"2021-02-22T19:35:00Z\", \"update_time\": \"2021-02-22T19:35:00Z\"}]}}], \"payer\": {\"name\": {\"given_name\": \"Peter\", \"surname\": \"Olukoya\"}, \"email_address\": \"ademolaolukoya@hotmail.com\", \"payer_id\": \"8KENVC5AUF55S\", \"address\": {\"address_line_1\": \"31 Boehm Way\", \"admin_area_2\": \"Hillsborough\", \"postal_code\": \"08844\", \"country_code\": \"US\"}}, \"create_time\": \"2021-02-22T19:34:12Z\", \"update_time\": \"2021-02-22T19:35:00Z\", \"links\": [{\"href\": \"https://api.paypal.com/v2/checkout/orders/4K6288974U718850H\", \"rel\": \"self\", \"method\": \"GET\"}]}',1,0,'paypal'),(198,'PO89D07F1BA','USD',20.00,'1',NULL,'2021-02-23 20:50:59.900662','2021-02-23 20:54:25.118454',61,3,'\"{\\\"create_time\\\":\\\"2021-02-23T20:51:00Z\\\",\\\"update_time\\\":\\\"2021-02-23T20:54:22Z\\\",\\\"id\\\":\\\"09W37121B0445733V\\\",\\\"intent\\\":\\\"CAPTURE\\\",\\\"status\\\":\\\"COMPLETED\\\",\\\"payer\\\":{\\\"email_address\\\":\\\"dcb8@psu.edu\\\",\\\"payer_id\\\":\\\"Q9R36RGH38FZ8\\\",\\\"address\\\":{\\\"address_line_1\\\":\\\"500 East Marylyn Avenue\\\",\\\"admin_area_2\\\":\\\"PA\\\",\\\"postal_code\\\":\\\"16801\\\",\\\"country_code\\\":\\\"US\\\"},\\\"name\\\":{\\\"given_name\\\":\\\"David\\\",\\\"surname\\\":\\\"Beppler\\\"}},\\\"purchase_units\\\":[{\\\"reference_id\\\":\\\"default\\\",\\\"custom_id\\\":\\\"PO89D07F1BA\\\",\\\"invoice_id\\\":\\\"PO89D07F1BA\\\",\\\"soft_descriptor\\\":\\\"PAYPAL *CALIFORNIA\\\",\\\"amount\\\":{\\\"value\\\":\\\"20.00\\\",\\\"currency_code\\\":\\\"USD\\\"},\\\"payee\\\":{\\\"email_address\\\":\\\"taye.doherty@wpurcell.com\\\",\\\"merchant_id\\\":\\\"UN6YGUGZXXWWN\\\"},\\\"payments\\\":{\\\"captures\\\":[{\\\"status\\\":\\\"COMPLETED\\\",\\\"id\\\":\\\"43879034HA0172641\\\",\\\"invoice_id\\\":\\\"PO89D07F1BA\\\",\\\"final_capture\\\":true,\\\"create_time\\\":\\\"2021-02-23T20:54:22Z\\\",\\\"update_time\\\":\\\"2021-02-23T20:54:22Z\\\",\\\"amount\\\":{\\\"value\\\":\\\"20.00\\\",\\\"currency_code\\\":\\\"USD\\\"},\\\"seller_protection\\\":{\\\"status\\\":\\\"ELIGIBLE\\\",\\\"dispute_categories\\\":[\\\"ITEM_NOT_RECEIVED\\\",\\\"UNAUTHORIZED_TRANSACTION\\\"]},\\\"links\\\":[{\\\"href\\\":\\\"https://api.paypal.com/v2/payments/captures/43879034HA0172641\\\",\\\"rel\\\":\\\"self\\\",\\\"method\\\":\\\"GET\\\",\\\"title\\\":\\\"GET\\\"},{\\\"href\\\":\\\"https://api.paypal.com/v2/payments/captures/43879034HA0172641/refund\\\",\\\"rel\\\":\\\"refund\\\",\\\"method\\\":\\\"POST\\\",\\\"title\\\":\\\"POST\\\"},{\\\"href\\\":\\\"https://api.paypal.com/v2/checkout/orders/09W37121B0445733V\\\",\\\"rel\\\":\\\"up\\\",\\\"method\\\":\\\"GET\\\",\\\"title\\\":\\\"GET\\\"}]}]}}],\\\"links\\\":[{\\\"href\\\":\\\"https://api.paypal.com/v2/checkout/orders/09W37121B0445733V\\\",\\\"rel\\\":\\\"self\\\",\\\"method\\\":\\\"GET\\\",\\\"title\\\":\\\"GET\\\"}]}\"',NULL,'{\"id\": \"09W37121B0445733V\", \"intent\": \"CAPTURE\", \"status\": \"COMPLETED\", \"purchase_units\": [{\"reference_id\": \"default\", \"amount\": {\"currency_code\": \"USD\", \"value\": \"20.00\"}, \"payee\": {\"email_address\": \"taye.doherty@wpurcell.com\", \"merchant_id\": \"UN6YGUGZXXWWN\", \"display_data\": {\"brand_name\": \"SS FOSI Donation\"}}, \"custom_id\": \"PO89D07F1BA\", \"invoice_id\": \"PO89D07F1BA\", \"soft_descriptor\": \"PAYPAL *CALIFORNIA\", \"payments\": {\"captures\": [{\"id\": \"43879034HA0172641\", \"status\": \"COMPLETED\", \"amount\": {\"currency_code\": \"USD\", \"value\": \"20.00\"}, \"final_capture\": true, \"seller_protection\": {\"status\": \"ELIGIBLE\", \"dispute_categories\": [\"ITEM_NOT_RECEIVED\", \"UNAUTHORIZED_TRANSACTION\"]}, \"seller_receivable_breakdown\": {\"gross_amount\": {\"currency_code\": \"USD\", \"value\": \"20.00\"}, \"paypal_fee\": {\"currency_code\": \"USD\", \"value\": \"0.88\"}, \"net_amount\": {\"currency_code\": \"USD\", \"value\": \"19.12\"}}, \"invoice_id\": \"PO89D07F1BA\", \"custom_id\": \"PO89D07F1BA\", \"links\": [{\"href\": \"https://api.paypal.com/v2/payments/captures/43879034HA0172641\", \"rel\": \"self\", \"method\": \"GET\"}, {\"href\": \"https://api.paypal.com/v2/payments/captures/43879034HA0172641/refund\", \"rel\": \"refund\", \"method\": \"POST\"}, {\"href\": \"https://api.paypal.com/v2/checkout/orders/09W37121B0445733V\", \"rel\": \"up\", \"method\": \"GET\"}], \"create_time\": \"2021-02-23T20:54:22Z\", \"update_time\": \"2021-02-23T20:54:22Z\"}]}}], \"payer\": {\"name\": {\"given_name\": \"David\", \"surname\": \"Beppler\"}, \"email_address\": \"dcb8@psu.edu\", \"payer_id\": \"Q9R36RGH38FZ8\", \"address\": {\"address_line_1\": \"500 East Marylyn Avenue\", \"admin_area_2\": \"PA\", \"postal_code\": \"16801\", \"country_code\": \"US\"}}, \"create_time\": \"2021-02-23T20:51:00Z\", \"update_time\": \"2021-02-23T20:54:22Z\", \"links\": [{\"href\": \"https://api.paypal.com/v2/checkout/orders/09W37121B0445733V\", \"rel\": \"self\", \"method\": \"GET\"}]}',1,0,'paypal'),(199,'PO56A9608B7','USD',500.00,'1',NULL,'2021-02-24 00:08:35.726026','2021-02-24 00:11:10.225763',62,5,'\"{\\\"create_time\\\":\\\"2021-02-24T00:08:36Z\\\",\\\"update_time\\\":\\\"2021-02-24T00:11:07Z\\\",\\\"id\\\":\\\"6AD6684188635122B\\\",\\\"intent\\\":\\\"CAPTURE\\\",\\\"status\\\":\\\"COMPLETED\\\",\\\"payer\\\":{\\\"email_address\\\":\\\"kunsko@yahoo.com\\\",\\\"payer_id\\\":\\\"5WRTR62WMCXES\\\",\\\"address\\\":{\\\"address_line_1\\\":\\\"4644 Morse Ave \\\",\\\"admin_area_2\\\":\\\"Sherman Oaks  CA\\\",\\\"postal_code\\\":\\\"91423\\\",\\\"country_code\\\":\\\"US\\\"},\\\"name\\\":{\\\"given_name\\\":\\\"David\\\",\\\"surname\\\":\\\"Ogunnalke\\\"}},\\\"purchase_units\\\":[{\\\"reference_id\\\":\\\"default\\\",\\\"custom_id\\\":\\\"PO56A9608B7\\\",\\\"invoice_id\\\":\\\"PO56A9608B7\\\",\\\"soft_descriptor\\\":\\\"PAYPAL *CALIFORNIA\\\",\\\"amount\\\":{\\\"value\\\":\\\"500.00\\\",\\\"currency_code\\\":\\\"USD\\\"},\\\"payee\\\":{\\\"email_address\\\":\\\"taye.doherty@wpurcell.com\\\",\\\"merchant_id\\\":\\\"UN6YGUGZXXWWN\\\"},\\\"payments\\\":{\\\"captures\\\":[{\\\"status\\\":\\\"COMPLETED\\\",\\\"id\\\":\\\"7PB68444JG304440J\\\",\\\"invoice_id\\\":\\\"PO56A9608B7\\\",\\\"final_capture\\\":true,\\\"create_time\\\":\\\"2021-02-24T00:11:07Z\\\",\\\"update_time\\\":\\\"2021-02-24T00:11:07Z\\\",\\\"amount\\\":{\\\"value\\\":\\\"500.00\\\",\\\"currency_code\\\":\\\"USD\\\"},\\\"seller_protection\\\":{\\\"status\\\":\\\"ELIGIBLE\\\",\\\"dispute_categories\\\":[\\\"ITEM_NOT_RECEIVED\\\",\\\"UNAUTHORIZED_TRANSACTION\\\"]},\\\"links\\\":[{\\\"href\\\":\\\"https://api.paypal.com/v2/payments/captures/7PB68444JG304440J\\\",\\\"rel\\\":\\\"self\\\",\\\"method\\\":\\\"GET\\\",\\\"title\\\":\\\"GET\\\"},{\\\"href\\\":\\\"https://api.paypal.com/v2/payments/captures/7PB68444JG304440J/refund\\\",\\\"rel\\\":\\\"refund\\\",\\\"method\\\":\\\"POST\\\",\\\"title\\\":\\\"POST\\\"},{\\\"href\\\":\\\"https://api.paypal.com/v2/checkout/orders/6AD6684188635122B\\\",\\\"rel\\\":\\\"up\\\",\\\"method\\\":\\\"GET\\\",\\\"title\\\":\\\"GET\\\"}]}]}}],\\\"links\\\":[{\\\"href\\\":\\\"https://api.paypal.com/v2/checkout/orders/6AD6684188635122B\\\",\\\"rel\\\":\\\"self\\\",\\\"method\\\":\\\"GET\\\",\\\"title\\\":\\\"GET\\\"}]}\"',NULL,'{\"id\": \"6AD6684188635122B\", \"intent\": \"CAPTURE\", \"status\": \"COMPLETED\", \"purchase_units\": [{\"reference_id\": \"default\", \"amount\": {\"currency_code\": \"USD\", \"value\": \"500.00\"}, \"payee\": {\"email_address\": \"taye.doherty@wpurcell.com\", \"merchant_id\": \"UN6YGUGZXXWWN\", \"display_data\": {\"brand_name\": \"SS FOSI Donation\"}}, \"custom_id\": \"PO56A9608B7\", \"invoice_id\": \"PO56A9608B7\", \"soft_descriptor\": \"PAYPAL *CALIFORNIA\", \"payments\": {\"captures\": [{\"id\": \"7PB68444JG304440J\", \"status\": \"COMPLETED\", \"amount\": {\"currency_code\": \"USD\", \"value\": \"500.00\"}, \"final_capture\": true, \"seller_protection\": {\"status\": \"ELIGIBLE\", \"dispute_categories\": [\"ITEM_NOT_RECEIVED\", \"UNAUTHORIZED_TRANSACTION\"]}, \"seller_receivable_breakdown\": {\"gross_amount\": {\"currency_code\": \"USD\", \"value\": \"500.00\"}, \"paypal_fee\": {\"currency_code\": \"USD\", \"value\": \"14.80\"}, \"net_amount\": {\"currency_code\": \"USD\", \"value\": \"485.20\"}}, \"invoice_id\": \"PO56A9608B7\", \"custom_id\": \"PO56A9608B7\", \"links\": [{\"href\": \"https://api.paypal.com/v2/payments/captures/7PB68444JG304440J\", \"rel\": \"self\", \"method\": \"GET\"}, {\"href\": \"https://api.paypal.com/v2/payments/captures/7PB68444JG304440J/refund\", \"rel\": \"refund\", \"method\": \"POST\"}, {\"href\": \"https://api.paypal.com/v2/checkout/orders/6AD6684188635122B\", \"rel\": \"up\", \"method\": \"GET\"}], \"create_time\": \"2021-02-24T00:11:07Z\", \"update_time\": \"2021-02-24T00:11:07Z\"}]}}], \"payer\": {\"name\": {\"given_name\": \"David\", \"surname\": \"Ogunnalke\"}, \"email_address\": \"kunsko@yahoo.com\", \"payer_id\": \"5WRTR62WMCXES\", \"address\": {\"address_line_1\": \"4644 Morse Ave \", \"admin_area_2\": \"Sherman Oaks  CA\", \"postal_code\": \"91423\", \"country_code\": \"US\"}}, \"create_time\": \"2021-02-24T00:08:36Z\", \"update_time\": \"2021-02-24T00:11:07Z\", \"links\": [{\"href\": \"https://api.paypal.com/v2/checkout/orders/6AD6684188635122B\", \"rel\": \"self\", \"method\": \"GET\"}]}',1,0,'paypal'),(200,'POC1E5AF7FA','USD',100.00,'1',NULL,'2021-02-24 09:20:01.969986','2021-02-24 09:20:22.591751',63,5,'\"{\\\"create_time\\\":\\\"2021-02-24T09:20:02Z\\\",\\\"update_time\\\":\\\"2021-02-24T09:20:20Z\\\",\\\"id\\\":\\\"33V84415LB5772807\\\",\\\"intent\\\":\\\"CAPTURE\\\",\\\"status\\\":\\\"COMPLETED\\\",\\\"payer\\\":{\\\"email_address\\\":\\\"samuel.adelaja1@gmail.com\\\",\\\"payer_id\\\":\\\"2NJN6D66XBHAG\\\",\\\"address\\\":{\\\"address_line_1\\\":\\\"10a Insignia Point\\\",\\\"admin_area_2\\\":\\\"london\\\",\\\"postal_code\\\":\\\"e20 1JG\\\",\\\"country_code\\\":\\\"GB\\\"},\\\"name\\\":{\\\"given_name\\\":\\\"Samuel\\\",\\\"surname\\\":\\\"Adelaja\\\"}},\\\"purchase_units\\\":[{\\\"reference_id\\\":\\\"default\\\",\\\"custom_id\\\":\\\"POC1E5AF7FA\\\",\\\"invoice_id\\\":\\\"POC1E5AF7FA\\\",\\\"soft_descriptor\\\":\\\"PAYPAL *CALIFORNIA\\\",\\\"amount\\\":{\\\"value\\\":\\\"100.00\\\",\\\"currency_code\\\":\\\"USD\\\"},\\\"payee\\\":{\\\"email_address\\\":\\\"taye.doherty@wpurcell.com\\\",\\\"merchant_id\\\":\\\"UN6YGUGZXXWWN\\\"},\\\"payments\\\":{\\\"captures\\\":[{\\\"status\\\":\\\"COMPLETED\\\",\\\"id\\\":\\\"9RR02627187944624\\\",\\\"invoice_id\\\":\\\"POC1E5AF7FA\\\",\\\"final_capture\\\":true,\\\"create_time\\\":\\\"2021-02-24T09:20:20Z\\\",\\\"update_time\\\":\\\"2021-02-24T09:20:20Z\\\",\\\"amount\\\":{\\\"value\\\":\\\"100.00\\\",\\\"currency_code\\\":\\\"USD\\\"},\\\"seller_protection\\\":{\\\"status\\\":\\\"ELIGIBLE\\\",\\\"dispute_categories\\\":[\\\"ITEM_NOT_RECEIVED\\\",\\\"UNAUTHORIZED_TRANSACTION\\\"]},\\\"links\\\":[{\\\"href\\\":\\\"https://api.paypal.com/v2/payments/captures/9RR02627187944624\\\",\\\"rel\\\":\\\"self\\\",\\\"method\\\":\\\"GET\\\",\\\"title\\\":\\\"GET\\\"},{\\\"href\\\":\\\"https://api.paypal.com/v2/payments/captures/9RR02627187944624/refund\\\",\\\"rel\\\":\\\"refund\\\",\\\"method\\\":\\\"POST\\\",\\\"title\\\":\\\"POST\\\"},{\\\"href\\\":\\\"https://api.paypal.com/v2/checkout/orders/33V84415LB5772807\\\",\\\"rel\\\":\\\"up\\\",\\\"method\\\":\\\"GET\\\",\\\"title\\\":\\\"GET\\\"}]}]}}],\\\"links\\\":[{\\\"href\\\":\\\"https://api.paypal.com/v2/checkout/orders/33V84415LB5772807\\\",\\\"rel\\\":\\\"self\\\",\\\"method\\\":\\\"GET\\\",\\\"title\\\":\\\"GET\\\"}]}\"',NULL,'{\"id\": \"33V84415LB5772807\", \"intent\": \"CAPTURE\", \"status\": \"COMPLETED\", \"purchase_units\": [{\"reference_id\": \"default\", \"amount\": {\"currency_code\": \"USD\", \"value\": \"100.00\"}, \"payee\": {\"email_address\": \"taye.doherty@wpurcell.com\", \"merchant_id\": \"UN6YGUGZXXWWN\", \"display_data\": {\"brand_name\": \"SS FOSI Donation\"}}, \"custom_id\": \"POC1E5AF7FA\", \"invoice_id\": \"POC1E5AF7FA\", \"soft_descriptor\": \"PAYPAL *CALIFORNIA\", \"payments\": {\"captures\": [{\"id\": \"9RR02627187944624\", \"status\": \"COMPLETED\", \"amount\": {\"currency_code\": \"USD\", \"value\": \"100.00\"}, \"final_capture\": true, \"seller_protection\": {\"status\": \"ELIGIBLE\", \"dispute_categories\": [\"ITEM_NOT_RECEIVED\", \"UNAUTHORIZED_TRANSACTION\"]}, \"seller_receivable_breakdown\": {\"gross_amount\": {\"currency_code\": \"USD\", \"value\": \"100.00\"}, \"paypal_fee\": {\"currency_code\": \"USD\", \"value\": \"4.70\"}, \"net_amount\": {\"currency_code\": \"USD\", \"value\": \"95.30\"}}, \"invoice_id\": \"POC1E5AF7FA\", \"custom_id\": \"POC1E5AF7FA\", \"links\": [{\"href\": \"https://api.paypal.com/v2/payments/captures/9RR02627187944624\", \"rel\": \"self\", \"method\": \"GET\"}, {\"href\": \"https://api.paypal.com/v2/payments/captures/9RR02627187944624/refund\", \"rel\": \"refund\", \"method\": \"POST\"}, {\"href\": \"https://api.paypal.com/v2/checkout/orders/33V84415LB5772807\", \"rel\": \"up\", \"method\": \"GET\"}], \"create_time\": \"2021-02-24T09:20:20Z\", \"update_time\": \"2021-02-24T09:20:20Z\"}]}}], \"payer\": {\"name\": {\"given_name\": \"Samuel\", \"surname\": \"Adelaja\"}, \"email_address\": \"samuel.adelaja1@gmail.com\", \"payer_id\": \"2NJN6D66XBHAG\", \"address\": {\"address_line_1\": \"10a Insignia Point\", \"admin_area_2\": \"london\", \"postal_code\": \"e20 1JG\", \"country_code\": \"GB\"}}, \"create_time\": \"2021-02-24T09:20:02Z\", \"update_time\": \"2021-02-24T09:20:20Z\", \"links\": [{\"href\": \"https://api.paypal.com/v2/checkout/orders/33V84415LB5772807\", \"rel\": \"self\", \"method\": \"GET\"}]}',1,0,'paypal'),(201,'PO137B63D11','USD',30.00,'1',NULL,'2021-02-26 20:55:44.405302','2021-02-26 20:56:45.936783',64,6,'\"{\\\"create_time\\\":\\\"2021-02-26T20:55:44Z\\\",\\\"update_time\\\":\\\"2021-02-26T20:56:42Z\\\",\\\"id\\\":\\\"1NJ55209EB637581W\\\",\\\"intent\\\":\\\"CAPTURE\\\",\\\"status\\\":\\\"COMPLETED\\\",\\\"payer\\\":{\\\"email_address\\\":\\\"yeboahfelix@gmail.com\\\",\\\"payer_id\\\":\\\"YUTFATZG8AAXA\\\",\\\"address\\\":{\\\"address_line_1\\\":\\\"5005 River Ridge Drive\\\",\\\"admin_area_2\\\":\\\"MI\\\",\\\"postal_code\\\":\\\"48917\\\",\\\"country_code\\\":\\\"US\\\"},\\\"name\\\":{\\\"given_name\\\":\\\"Felix\\\",\\\"surname\\\":\\\"Yeboah\\\"}},\\\"purchase_units\\\":[{\\\"reference_id\\\":\\\"default\\\",\\\"custom_id\\\":\\\"PO137B63D11\\\",\\\"invoice_id\\\":\\\"PO137B63D11\\\",\\\"amount\\\":{\\\"value\\\":\\\"30.00\\\",\\\"currency_code\\\":\\\"USD\\\"},\\\"payee\\\":{\\\"email_address\\\":\\\"taye.doherty@wpurcell.com\\\",\\\"merchant_id\\\":\\\"UN6YGUGZXXWWN\\\"},\\\"payments\\\":{\\\"captures\\\":[{\\\"status\\\":\\\"COMPLETED\\\",\\\"id\\\":\\\"3KV14432DD5631625\\\",\\\"invoice_id\\\":\\\"PO137B63D11\\\",\\\"final_capture\\\":true,\\\"create_time\\\":\\\"2021-02-26T20:56:42Z\\\",\\\"update_time\\\":\\\"2021-02-26T20:56:42Z\\\",\\\"amount\\\":{\\\"value\\\":\\\"30.00\\\",\\\"currency_code\\\":\\\"USD\\\"},\\\"seller_protection\\\":{\\\"status\\\":\\\"ELIGIBLE\\\",\\\"dispute_categories\\\":[\\\"ITEM_NOT_RECEIVED\\\",\\\"UNAUTHORIZED_TRANSACTION\\\"]},\\\"links\\\":[{\\\"href\\\":\\\"https://api.paypal.com/v2/payments/captures/3KV14432DD5631625\\\",\\\"rel\\\":\\\"self\\\",\\\"method\\\":\\\"GET\\\",\\\"title\\\":\\\"GET\\\"},{\\\"href\\\":\\\"https://api.paypal.com/v2/payments/captures/3KV14432DD5631625/refund\\\",\\\"rel\\\":\\\"refund\\\",\\\"method\\\":\\\"POST\\\",\\\"title\\\":\\\"POST\\\"},{\\\"href\\\":\\\"https://api.paypal.com/v2/checkout/orders/1NJ55209EB637581W\\\",\\\"rel\\\":\\\"up\\\",\\\"method\\\":\\\"GET\\\",\\\"title\\\":\\\"GET\\\"}]}]}}],\\\"links\\\":[{\\\"href\\\":\\\"https://api.paypal.com/v2/checkout/orders/1NJ55209EB637581W\\\",\\\"rel\\\":\\\"self\\\",\\\"method\\\":\\\"GET\\\",\\\"title\\\":\\\"GET\\\"}]}\"',NULL,'{\"id\": \"1NJ55209EB637581W\", \"intent\": \"CAPTURE\", \"status\": \"COMPLETED\", \"purchase_units\": [{\"reference_id\": \"default\", \"amount\": {\"currency_code\": \"USD\", \"value\": \"30.00\"}, \"payee\": {\"email_address\": \"taye.doherty@wpurcell.com\", \"merchant_id\": \"UN6YGUGZXXWWN\", \"display_data\": {\"brand_name\": \"SS FOSI Donation\"}}, \"custom_id\": \"PO137B63D11\", \"invoice_id\": \"PO137B63D11\", \"payments\": {\"captures\": [{\"id\": \"3KV14432DD5631625\", \"status\": \"COMPLETED\", \"amount\": {\"currency_code\": \"USD\", \"value\": \"30.00\"}, \"final_capture\": true, \"seller_protection\": {\"status\": \"ELIGIBLE\", \"dispute_categories\": [\"ITEM_NOT_RECEIVED\", \"UNAUTHORIZED_TRANSACTION\"]}, \"seller_receivable_breakdown\": {\"gross_amount\": {\"currency_code\": \"USD\", \"value\": \"30.00\"}, \"paypal_fee\": {\"currency_code\": \"USD\", \"value\": \"1.17\"}, \"net_amount\": {\"currency_code\": \"USD\", \"value\": \"28.83\"}}, \"invoice_id\": \"PO137B63D11\", \"custom_id\": \"PO137B63D11\", \"links\": [{\"href\": \"https://api.paypal.com/v2/payments/captures/3KV14432DD5631625\", \"rel\": \"self\", \"method\": \"GET\"}, {\"href\": \"https://api.paypal.com/v2/payments/captures/3KV14432DD5631625/refund\", \"rel\": \"refund\", \"method\": \"POST\"}, {\"href\": \"https://api.paypal.com/v2/checkout/orders/1NJ55209EB637581W\", \"rel\": \"up\", \"method\": \"GET\"}], \"create_time\": \"2021-02-26T20:56:42Z\", \"update_time\": \"2021-02-26T20:56:42Z\"}]}}], \"payer\": {\"name\": {\"given_name\": \"Felix\", \"surname\": \"Yeboah\"}, \"email_address\": \"yeboahfelix@gmail.com\", \"payer_id\": \"YUTFATZG8AAXA\", \"address\": {\"address_line_1\": \"5005 River Ridge Drive\", \"admin_area_2\": \"MI\", \"postal_code\": \"48917\", \"country_code\": \"US\"}}, \"create_time\": \"2021-02-26T20:55:44Z\", \"update_time\": \"2021-02-26T20:56:42Z\", \"links\": [{\"href\": \"https://api.paypal.com/v2/checkout/orders/1NJ55209EB637581W\", \"rel\": \"self\", \"method\": \"GET\"}]}',1,0,'paypal'),(202,'PO6AD2E1770','USD',200.00,'3',NULL,'2021-02-28 05:25:23.236063','2021-02-28 05:31:01.319221',65,1,NULL,NULL,'{\"id\": 1019026131, \"domain\": \"live\", \"status\": \"failed\", \"reference\": \"PO6AD2E1770\", \"amount\": 20000, \"message\": \"\", \"gateway_response\": \"Do not honour\", \"paid_at\": null, \"created_at\": \"2021-02-28T05:25:25.000Z\", \"channel\": \"card\", \"currency\": \"USD\", \"ip_address\": \"98.209.60.25\", \"metadata\": {\"referrer\": \"https://app.ssfosi.com/donate?project=somolu&amount=10&currency=USD&frequency=once\"}, \"log\": {\"start_time\": 1614489925, \"time_spent\": 154, \"attempts\": 1, \"authentication\": \"3DS\", \"errors\": 1, \"success\": false, \"mobile\": true, \"input\": [], \"history\": [{\"type\": \"input\", \"message\": \"Filled this field: card number\", \"time\": 29}, {\"type\": \"input\", \"message\": \"Filled this field: card cvv\", \"time\": 47}, {\"type\": \"input\", \"message\": \"Filled this field: card expiry\", \"time\": 106}, {\"type\": \"input\", \"message\": \"Changed this field: card cvv\", \"time\": 116}, {\"type\": \"action\", \"message\": \"Attempted to pay with card\", \"time\": 123}, {\"type\": \"auth\", \"message\": \"Authentication Required: 3DS\", \"time\": 124}, {\"type\": \"action\", \"message\": \"Third-party authentication window opened\", \"time\": 130}, {\"type\": \"error\", \"message\": \"Error: Do not honour\", \"time\": 154}, {\"type\": \"action\", \"message\": \"Third-party authentication window closed\", \"time\": 154}]}, \"fees\": null, \"fees_split\": null, \"authorization\": {\"authorization_code\": \"AUTH_8jg5oml2zu\", \"bin\": \"443047\", \"last4\": \"8560\", \"exp_month\": \"10\", \"exp_year\": \"2021\", \"channel\": \"card\", \"card_type\": \"visa DEBIT\", \"bank\": \"PNC BANK N.A.\", \"country_code\": \"US\", \"brand\": \"visa\", \"reusable\": true, \"signature\": \"SIG_nvhPL3GKyZZYnbxPmybJ\", \"account_name\": null, \"receiver_bank_account_number\": null, \"receiver_bank\": null}, \"customer\": {\"id\": 40253870, \"first_name\": \"Chinwe\", \"last_name\": \"\", \"email\": \"effiong.chinwe@gmail.com\", \"customer_code\": \"CUS_7zp4vh9w1n9b1ga\", \"phone\": \"\", \"metadata\": null, \"risk_action\": \"default\", \"international_format_phone\": null}, \"plan\": null, \"split\": {}, \"order_id\": null, \"paidAt\": null, \"createdAt\": \"2021-02-28T05:25:25.000Z\", \"requested_amount\": 20000, \"pos_transaction_data\": null, \"transaction_date\": \"2021-02-28T05:25:25.000Z\", \"plan_object\": {}, \"subaccount\": {}}',1,0,'paystack'),(203,'PO47F22709B','USD',200.00,'1',NULL,'2021-02-28 05:30:11.371693','2021-02-28 05:31:31.278820',65,1,'\"{\\\"reference\\\":\\\"PO47F22709B\\\",\\\"trans\\\":\\\"1019028770\\\",\\\"status\\\":\\\"success\\\",\\\"message\\\":\\\"Approved\\\",\\\"transaction\\\":\\\"1019028770\\\",\\\"trxref\\\":\\\"PO47F22709B\\\"}\"',NULL,'{\"id\": 1019028770, \"domain\": \"live\", \"status\": \"success\", \"reference\": \"PO47F22709B\", \"amount\": 20000, \"message\": \"\", \"gateway_response\": \"Approved\", \"paid_at\": \"2021-02-28T05:31:29.000Z\", \"created_at\": \"2021-02-28T05:30:12.000Z\", \"channel\": \"card\", \"currency\": \"USD\", \"ip_address\": \"98.209.60.25\", \"metadata\": {\"referrer\": \"https://app.ssfosi.com/donate?project=&amount=200&currency=USD&frequency=once\"}, \"log\": {\"start_time\": 1614490213, \"time_spent\": 76, \"attempts\": 1, \"authentication\": \"3DS\", \"errors\": 0, \"success\": true, \"mobile\": true, \"input\": [], \"history\": [{\"type\": \"input\", \"message\": \"Filled this field: card number\", \"time\": 44}, {\"type\": \"input\", \"message\": \"Filled this field: card expiry\", \"time\": 52}, {\"type\": \"input\", \"message\": \"Filled this field: card cvv\", \"time\": 62}, {\"type\": \"action\", \"message\": \"Attempted to pay with card\", \"time\": 62}, {\"type\": \"auth\", \"message\": \"Authentication Required: 3DS\", \"time\": 63}, {\"type\": \"action\", \"message\": \"Third-party authentication window opened\", \"time\": 65}, {\"type\": \"success\", \"message\": \"Successfully paid with card\", \"time\": 76}, {\"type\": \"action\", \"message\": \"Third-party authentication window closed\", \"time\": 76}]}, \"fees\": 780, \"fees_split\": null, \"authorization\": {\"authorization_code\": \"AUTH_c1uo49sg5f\", \"bin\": \"492497\", \"last4\": \"0691\", \"exp_month\": \"09\", \"exp_year\": \"2023\", \"channel\": \"card\", \"card_type\": \"visa DEBIT\", \"bank\": \"MICHIGAN STATE UNIVERSITY F.C.U.\", \"country_code\": \"US\", \"brand\": \"visa\", \"reusable\": true, \"signature\": \"SIG_Bhws4qzvsMz4o7xTbO8B\", \"account_name\": null, \"receiver_bank_account_number\": null, \"receiver_bank\": null}, \"customer\": {\"id\": 40253870, \"first_name\": \"Chinwe\", \"last_name\": \"\", \"email\": \"effiong.chinwe@gmail.com\", \"customer_code\": \"CUS_7zp4vh9w1n9b1ga\", \"phone\": \"\", \"metadata\": null, \"risk_action\": \"default\", \"international_format_phone\": null}, \"plan\": null, \"split\": {}, \"order_id\": null, \"paidAt\": \"2021-02-28T05:31:29.000Z\", \"createdAt\": \"2021-02-28T05:30:12.000Z\", \"requested_amount\": 20000, \"pos_transaction_data\": null, \"transaction_date\": \"2021-02-28T05:30:12.000Z\", \"plan_object\": {}, \"subaccount\": {}}',1,0,'paystack'),(204,'PO22B831614','USD',100.00,'1',NULL,'2021-02-28 21:03:17.477635','2021-02-28 21:03:36.700672',66,2,'\"{\\\"create_time\\\":\\\"2021-02-28T21:03:17Z\\\",\\\"update_time\\\":\\\"2021-02-28T21:03:33Z\\\",\\\"id\\\":\\\"12R44135345947927\\\",\\\"intent\\\":\\\"CAPTURE\\\",\\\"status\\\":\\\"COMPLETED\\\",\\\"payer\\\":{\\\"email_address\\\":\\\"wallybaka@yahoo.com\\\",\\\"payer_id\\\":\\\"LAUPVRT65MUWG\\\",\\\"address\\\":{\\\"address_line_1\\\":\\\"127 S. Shadow Pines Rd\\\",\\\"admin_area_2\\\":\\\"CA\\\",\\\"postal_code\\\":\\\"92869\\\",\\\"country_code\\\":\\\"US\\\"},\\\"name\\\":{\\\"given_name\\\":\\\"Wally\\\",\\\"surname\\\":\\\"Bakare\\\"}},\\\"purchase_units\\\":[{\\\"reference_id\\\":\\\"default\\\",\\\"custom_id\\\":\\\"PO22B831614\\\",\\\"invoice_id\\\":\\\"PO22B831614\\\",\\\"soft_descriptor\\\":\\\"PAYPAL *CALIFORNIA\\\",\\\"amount\\\":{\\\"value\\\":\\\"100.00\\\",\\\"currency_code\\\":\\\"USD\\\"},\\\"payee\\\":{\\\"email_address\\\":\\\"taye.doherty@wpurcell.com\\\",\\\"merchant_id\\\":\\\"UN6YGUGZXXWWN\\\"},\\\"payments\\\":{\\\"captures\\\":[{\\\"status\\\":\\\"COMPLETED\\\",\\\"id\\\":\\\"0RJ71651V55111541\\\",\\\"invoice_id\\\":\\\"PO22B831614\\\",\\\"final_capture\\\":true,\\\"create_time\\\":\\\"2021-02-28T21:03:33Z\\\",\\\"update_time\\\":\\\"2021-02-28T21:03:33Z\\\",\\\"amount\\\":{\\\"value\\\":\\\"100.00\\\",\\\"currency_code\\\":\\\"USD\\\"},\\\"seller_protection\\\":{\\\"status\\\":\\\"ELIGIBLE\\\",\\\"dispute_categories\\\":[\\\"ITEM_NOT_RECEIVED\\\",\\\"UNAUTHORIZED_TRANSACTION\\\"]},\\\"links\\\":[{\\\"href\\\":\\\"https://api.paypal.com/v2/payments/captures/0RJ71651V55111541\\\",\\\"rel\\\":\\\"self\\\",\\\"method\\\":\\\"GET\\\",\\\"title\\\":\\\"GET\\\"},{\\\"href\\\":\\\"https://api.paypal.com/v2/payments/captures/0RJ71651V55111541/refund\\\",\\\"rel\\\":\\\"refund\\\",\\\"method\\\":\\\"POST\\\",\\\"title\\\":\\\"POST\\\"},{\\\"href\\\":\\\"https://api.paypal.com/v2/checkout/orders/12R44135345947927\\\",\\\"rel\\\":\\\"up\\\",\\\"method\\\":\\\"GET\\\",\\\"title\\\":\\\"GET\\\"}]}]}}],\\\"links\\\":[{\\\"href\\\":\\\"https://api.paypal.com/v2/checkout/orders/12R44135345947927\\\",\\\"rel\\\":\\\"self\\\",\\\"method\\\":\\\"GET\\\",\\\"title\\\":\\\"GET\\\"}]}\"',NULL,'{\"id\": \"12R44135345947927\", \"intent\": \"CAPTURE\", \"status\": \"COMPLETED\", \"purchase_units\": [{\"reference_id\": \"default\", \"amount\": {\"currency_code\": \"USD\", \"value\": \"100.00\"}, \"payee\": {\"email_address\": \"taye.doherty@wpurcell.com\", \"merchant_id\": \"UN6YGUGZXXWWN\", \"display_data\": {\"brand_name\": \"SS FOSI Donation\"}}, \"custom_id\": \"PO22B831614\", \"invoice_id\": \"PO22B831614\", \"soft_descriptor\": \"PAYPAL *CALIFORNIA\", \"payments\": {\"captures\": [{\"id\": \"0RJ71651V55111541\", \"status\": \"COMPLETED\", \"amount\": {\"currency_code\": \"USD\", \"value\": \"100.00\"}, \"final_capture\": true, \"seller_protection\": {\"status\": \"ELIGIBLE\", \"dispute_categories\": [\"ITEM_NOT_RECEIVED\", \"UNAUTHORIZED_TRANSACTION\"]}, \"seller_receivable_breakdown\": {\"gross_amount\": {\"currency_code\": \"USD\", \"value\": \"100.00\"}, \"paypal_fee\": {\"currency_code\": \"USD\", \"value\": \"3.20\"}, \"net_amount\": {\"currency_code\": \"USD\", \"value\": \"96.80\"}}, \"invoice_id\": \"PO22B831614\", \"custom_id\": \"PO22B831614\", \"links\": [{\"href\": \"https://api.paypal.com/v2/payments/captures/0RJ71651V55111541\", \"rel\": \"self\", \"method\": \"GET\"}, {\"href\": \"https://api.paypal.com/v2/payments/captures/0RJ71651V55111541/refund\", \"rel\": \"refund\", \"method\": \"POST\"}, {\"href\": \"https://api.paypal.com/v2/checkout/orders/12R44135345947927\", \"rel\": \"up\", \"method\": \"GET\"}], \"create_time\": \"2021-02-28T21:03:33Z\", \"update_time\": \"2021-02-28T21:03:33Z\"}]}}], \"payer\": {\"name\": {\"given_name\": \"Wally\", \"surname\": \"Bakare\"}, \"email_address\": \"wallybaka@yahoo.com\", \"payer_id\": \"LAUPVRT65MUWG\", \"address\": {\"address_line_1\": \"127 S. Shadow Pines Rd\", \"admin_area_2\": \"CA\", \"postal_code\": \"92869\", \"country_code\": \"US\"}}, \"create_time\": \"2021-02-28T21:03:17Z\", \"update_time\": \"2021-02-28T21:03:33Z\", \"links\": [{\"href\": \"https://api.paypal.com/v2/checkout/orders/12R44135345947927\", \"rel\": \"self\", \"method\": \"GET\"}]}',1,0,'paypal'),(205,'POE9FCA31AE','USD',10.00,'6',NULL,'2021-03-01 01:31:12.234740',NULL,67,1,'{}',NULL,'{}',1,0,'paypal'),(206,'POEDF74F970','USD',10.00,'1',NULL,'2021-03-01 01:33:42.667529','2021-03-02 01:27:51.515045',67,1,'\"{\\\"create_time\\\":\\\"2021-03-01T01:33:43Z\\\",\\\"update_time\\\":\\\"2021-03-01T01:38:57Z\\\",\\\"id\\\":\\\"5S213077TR3506808\\\",\\\"intent\\\":\\\"CAPTURE\\\",\\\"status\\\":\\\"COMPLETED\\\",\\\"payer\\\":{\\\"email_address\\\":\\\"taiadelaja@hotmail.com\\\",\\\"payer_id\\\":\\\"NGPT6XLPGD4XS\\\",\\\"address\\\":{\\\"address_line_1\\\":\\\"3870 Hemmingway Drive\\\",\\\"admin_area_2\\\":\\\"Okemos\\\",\\\"postal_code\\\":\\\"48864\\\",\\\"country_code\\\":\\\"US\\\"},\\\"name\\\":{\\\"given_name\\\":\\\"Taiwo\\\",\\\"surname\\\":\\\"Adelaja\\\"}},\\\"purchase_units\\\":[{\\\"reference_id\\\":\\\"default\\\",\\\"custom_id\\\":\\\"POEDF74F970\\\",\\\"invoice_id\\\":\\\"POEDF74F970\\\",\\\"soft_descriptor\\\":\\\"PAYPAL *CALIFORNIA\\\",\\\"amount\\\":{\\\"value\\\":\\\"10.00\\\",\\\"currency_code\\\":\\\"USD\\\"},\\\"payee\\\":{\\\"email_address\\\":\\\"taye.doherty@wpurcell.com\\\",\\\"merchant_id\\\":\\\"UN6YGUGZXXWWN\\\"},\\\"payments\\\":{\\\"captures\\\":[{\\\"status\\\":\\\"COMPLETED\\\",\\\"id\\\":\\\"5KF27544P31077807\\\",\\\"invoice_id\\\":\\\"POEDF74F970\\\",\\\"final_capture\\\":true,\\\"create_time\\\":\\\"2021-03-01T01:38:57Z\\\",\\\"update_time\\\":\\\"2021-03-01T01:38:57Z\\\",\\\"amount\\\":{\\\"value\\\":\\\"10.00\\\",\\\"currency_code\\\":\\\"USD\\\"},\\\"seller_protection\\\":{\\\"status\\\":\\\"ELIGIBLE\\\",\\\"dispute_categories\\\":[\\\"ITEM_NOT_RECEIVED\\\",\\\"UNAUTHORIZED_TRANSACTION\\\"]},\\\"links\\\":[{\\\"href\\\":\\\"https://api.paypal.com/v2/payments/captures/5KF27544P31077807\\\",\\\"rel\\\":\\\"self\\\",\\\"method\\\":\\\"GET\\\",\\\"title\\\":\\\"GET\\\"},{\\\"href\\\":\\\"https://api.paypal.com/v2/payments/captures/5KF27544P31077807/refund\\\",\\\"rel\\\":\\\"refund\\\",\\\"method\\\":\\\"POST\\\",\\\"title\\\":\\\"POST\\\"},{\\\"href\\\":\\\"https://api.paypal.com/v2/checkout/orders/5S213077TR3506808\\\",\\\"rel\\\":\\\"up\\\",\\\"method\\\":\\\"GET\\\",\\\"title\\\":\\\"GET\\\"}]}]}}],\\\"links\\\":[{\\\"href\\\":\\\"https://api.paypal.com/v2/checkout/orders/5S213077TR3506808\\\",\\\"rel\\\":\\\"self\\\",\\\"method\\\":\\\"GET\\\",\\\"title\\\":\\\"GET\\\"}]}\"',NULL,'{\"id\": \"5S213077TR3506808\", \"intent\": \"CAPTURE\", \"status\": \"COMPLETED\", \"purchase_units\": [{\"reference_id\": \"default\", \"amount\": {\"currency_code\": \"USD\", \"value\": \"10.00\", \"breakdown\": {\"item_total\": {\"currency_code\": \"USD\", \"value\": \"10.00\"}, \"shipping\": {\"currency_code\": \"USD\", \"value\": \"0.00\"}, \"handling\": {\"currency_code\": \"USD\", \"value\": \"0.00\"}, \"insurance\": {\"currency_code\": \"USD\", \"value\": \"0.00\"}, \"shipping_discount\": {\"currency_code\": \"USD\", \"value\": \"0.00\"}, \"discount\": {\"currency_code\": \"USD\", \"value\": \"0.00\"}}}, \"payee\": {\"email_address\": \"taye.doherty@wpurcell.com\", \"merchant_id\": \"UN6YGUGZXXWWN\"}, \"description\": \"\", \"custom_id\": \"POEDF74F970\", \"invoice_id\": \"POEDF74F970\", \"soft_descriptor\": \"PAYPAL *CALIFORNIA\", \"shipping\": {\"name\": {\"full_name\": \"Taiwo Adelaja\"}, \"address\": {}}, \"payments\": {\"captures\": [{\"id\": \"5KF27544P31077807\", \"status\": \"COMPLETED\", \"amount\": {\"currency_code\": \"USD\", \"value\": \"10.00\"}, \"final_capture\": true, \"seller_protection\": {\"status\": \"ELIGIBLE\", \"dispute_categories\": [\"ITEM_NOT_RECEIVED\", \"UNAUTHORIZED_TRANSACTION\"]}, \"seller_receivable_breakdown\": {\"gross_amount\": {\"currency_code\": \"USD\", \"value\": \"10.00\"}, \"paypal_fee\": {\"currency_code\": \"USD\", \"value\": \"0.59\"}, \"net_amount\": {\"currency_code\": \"USD\", \"value\": \"9.41\"}}, \"invoice_id\": \"POEDF74F970\", \"custom_id\": \"POEDF74F970\", \"links\": [{\"href\": \"https://api.paypal.com/v2/payments/captures/5KF27544P31077807\", \"rel\": \"self\", \"method\": \"GET\"}, {\"href\": \"https://api.paypal.com/v2/payments/captures/5KF27544P31077807/refund\", \"rel\": \"refund\", \"method\": \"POST\"}, {\"href\": \"https://api.paypal.com/v2/checkout/orders/5S213077TR3506808\", \"rel\": \"up\", \"method\": \"GET\"}], \"create_time\": \"2021-03-01T01:38:57Z\", \"update_time\": \"2021-03-01T01:38:57Z\"}]}}], \"payer\": {\"name\": {\"given_name\": \"Taiwo\", \"surname\": \"Adelaja\"}, \"email_address\": \"taiadelaja@hotmail.com\", \"payer_id\": \"NGPT6XLPGD4XS\", \"phone\": {\"phone_number\": {\"national_number\": \"2402588625\"}}, \"address\": {\"country_code\": \"US\"}}, \"update_time\": \"2021-03-01T01:38:57Z\", \"links\": [{\"href\": \"https://api.paypal.com/v2/checkout/orders/5S213077TR3506808\", \"rel\": \"self\", \"method\": \"GET\"}]}',1,0,'paypal'),(207,'PO0841F00A2','USD',200.00,'1',NULL,'2021-03-01 16:39:17.558046','2021-03-01 16:40:36.813925',68,8,'\"{\\\"create_time\\\":\\\"2021-03-01T16:39:17Z\\\",\\\"update_time\\\":\\\"2021-03-01T16:40:31Z\\\",\\\"id\\\":\\\"3LB50207XW782133A\\\",\\\"intent\\\":\\\"CAPTURE\\\",\\\"status\\\":\\\"COMPLETED\\\",\\\"payer\\\":{\\\"email_address\\\":\\\"awokuset2@gmail.com\\\",\\\"payer_id\\\":\\\"VTLSEDKCC79TQ\\\",\\\"address\\\":{\\\"address_line_1\\\":\\\"2087 Birch Bluff Dr\\\",\\\"admin_area_2\\\":\\\"MI\\\",\\\"postal_code\\\":\\\"48864\\\",\\\"country_code\\\":\\\"US\\\"},\\\"name\\\":{\\\"given_name\\\":\\\"Titus\\\",\\\"surname\\\":\\\"Awokuse\\\"}},\\\"purchase_units\\\":[{\\\"reference_id\\\":\\\"default\\\",\\\"custom_id\\\":\\\"PO0841F00A2\\\",\\\"invoice_id\\\":\\\"PO0841F00A2\\\",\\\"soft_descriptor\\\":\\\"PAYPAL *CALIFORNIA\\\",\\\"amount\\\":{\\\"value\\\":\\\"200.00\\\",\\\"currency_code\\\":\\\"USD\\\"},\\\"payee\\\":{\\\"email_address\\\":\\\"taye.doherty@wpurcell.com\\\",\\\"merchant_id\\\":\\\"UN6YGUGZXXWWN\\\"},\\\"payments\\\":{\\\"captures\\\":[{\\\"status\\\":\\\"COMPLETED\\\",\\\"id\\\":\\\"7VW02725XR763514P\\\",\\\"invoice_id\\\":\\\"PO0841F00A2\\\",\\\"final_capture\\\":true,\\\"create_time\\\":\\\"2021-03-01T16:40:31Z\\\",\\\"update_time\\\":\\\"2021-03-01T16:40:31Z\\\",\\\"amount\\\":{\\\"value\\\":\\\"200.00\\\",\\\"currency_code\\\":\\\"USD\\\"},\\\"seller_protection\\\":{\\\"status\\\":\\\"ELIGIBLE\\\",\\\"dispute_categories\\\":[\\\"ITEM_NOT_RECEIVED\\\",\\\"UNAUTHORIZED_TRANSACTION\\\"]},\\\"links\\\":[{\\\"href\\\":\\\"https://api.paypal.com/v2/payments/captures/7VW02725XR763514P\\\",\\\"rel\\\":\\\"self\\\",\\\"method\\\":\\\"GET\\\",\\\"title\\\":\\\"GET\\\"},{\\\"href\\\":\\\"https://api.paypal.com/v2/payments/captures/7VW02725XR763514P/refund\\\",\\\"rel\\\":\\\"refund\\\",\\\"method\\\":\\\"POST\\\",\\\"title\\\":\\\"POST\\\"},{\\\"href\\\":\\\"https://api.paypal.com/v2/checkout/orders/3LB50207XW782133A\\\",\\\"rel\\\":\\\"up\\\",\\\"method\\\":\\\"GET\\\",\\\"title\\\":\\\"GET\\\"}]}]}}],\\\"links\\\":[{\\\"href\\\":\\\"https://api.paypal.com/v2/checkout/orders/3LB50207XW782133A\\\",\\\"rel\\\":\\\"self\\\",\\\"method\\\":\\\"GET\\\",\\\"title\\\":\\\"GET\\\"}]}\"',NULL,'{\"id\": \"3LB50207XW782133A\", \"intent\": \"CAPTURE\", \"status\": \"COMPLETED\", \"purchase_units\": [{\"reference_id\": \"default\", \"amount\": {\"currency_code\": \"USD\", \"value\": \"200.00\"}, \"payee\": {\"email_address\": \"taye.doherty@wpurcell.com\", \"merchant_id\": \"UN6YGUGZXXWWN\", \"display_data\": {\"brand_name\": \"SS FOSI Donation\"}}, \"custom_id\": \"PO0841F00A2\", \"invoice_id\": \"PO0841F00A2\", \"soft_descriptor\": \"PAYPAL *CALIFORNIA\", \"payments\": {\"captures\": [{\"id\": \"7VW02725XR763514P\", \"status\": \"COMPLETED\", \"amount\": {\"currency_code\": \"USD\", \"value\": \"200.00\"}, \"final_capture\": true, \"seller_protection\": {\"status\": \"ELIGIBLE\", \"dispute_categories\": [\"ITEM_NOT_RECEIVED\", \"UNAUTHORIZED_TRANSACTION\"]}, \"seller_receivable_breakdown\": {\"gross_amount\": {\"currency_code\": \"USD\", \"value\": \"200.00\"}, \"paypal_fee\": {\"currency_code\": \"USD\", \"value\": \"6.10\"}, \"net_amount\": {\"currency_code\": \"USD\", \"value\": \"193.90\"}}, \"invoice_id\": \"PO0841F00A2\", \"custom_id\": \"PO0841F00A2\", \"links\": [{\"href\": \"https://api.paypal.com/v2/payments/captures/7VW02725XR763514P\", \"rel\": \"self\", \"method\": \"GET\"}, {\"href\": \"https://api.paypal.com/v2/payments/captures/7VW02725XR763514P/refund\", \"rel\": \"refund\", \"method\": \"POST\"}, {\"href\": \"https://api.paypal.com/v2/checkout/orders/3LB50207XW782133A\", \"rel\": \"up\", \"method\": \"GET\"}], \"create_time\": \"2021-03-01T16:40:31Z\", \"update_time\": \"2021-03-01T16:40:31Z\"}]}}], \"payer\": {\"name\": {\"given_name\": \"Titus\", \"surname\": \"Awokuse\"}, \"email_address\": \"awokuset2@gmail.com\", \"payer_id\": \"VTLSEDKCC79TQ\", \"address\": {\"address_line_1\": \"2087 Birch Bluff Dr\", \"admin_area_2\": \"MI\", \"postal_code\": \"48864\", \"country_code\": \"US\"}}, \"create_time\": \"2021-03-01T16:39:17Z\", \"update_time\": \"2021-03-01T16:40:31Z\", \"links\": [{\"href\": \"https://api.paypal.com/v2/checkout/orders/3LB50207XW782133A\", \"rel\": \"self\", \"method\": \"GET\"}]}',1,0,'paypal'),(208,'POBCEBB27DF','USD',25.00,'1',NULL,'2021-03-01 19:23:43.023933','2021-03-02 18:56:13.560327',13,6,'\"{\\\"create_time\\\":\\\"2021-03-01T19:23:43Z\\\",\\\"update_time\\\":\\\"2021-03-01T19:24:16Z\\\",\\\"id\\\":\\\"5UM259452T3989538\\\",\\\"intent\\\":\\\"CAPTURE\\\",\\\"status\\\":\\\"COMPLETED\\\",\\\"payer\\\":{\\\"email_address\\\":\\\"shesso1974@gmail.com\\\",\\\"payer_id\\\":\\\"H2RMKSKX2YJ8S\\\",\\\"address\\\":{\\\"address_line_1\\\":\\\"14215 Enzo Ct \\\",\\\"admin_area_2\\\":\\\"Beaumont, CA\\\",\\\"postal_code\\\":\\\"92223\\\",\\\"country_code\\\":\\\"US\\\"},\\\"name\\\":{\\\"given_name\\\":\\\"Abiola\\\",\\\"surname\\\":\\\"Doherty\\\"}},\\\"purchase_units\\\":[{\\\"reference_id\\\":\\\"default\\\",\\\"custom_id\\\":\\\"POBCEBB27DF\\\",\\\"invoice_id\\\":\\\"POBCEBB27DF\\\",\\\"soft_descriptor\\\":\\\"PAYPAL *CALIFORNIA\\\",\\\"amount\\\":{\\\"value\\\":\\\"25.00\\\",\\\"currency_code\\\":\\\"USD\\\"},\\\"payee\\\":{\\\"email_address\\\":\\\"taye.doherty@wpurcell.com\\\",\\\"merchant_id\\\":\\\"UN6YGUGZXXWWN\\\"},\\\"payments\\\":{\\\"captures\\\":[{\\\"status\\\":\\\"COMPLETED\\\",\\\"id\\\":\\\"2RF65021EC038203J\\\",\\\"invoice_id\\\":\\\"POBCEBB27DF\\\",\\\"final_capture\\\":true,\\\"create_time\\\":\\\"2021-03-01T19:24:16Z\\\",\\\"update_time\\\":\\\"2021-03-01T19:24:16Z\\\",\\\"amount\\\":{\\\"value\\\":\\\"25.00\\\",\\\"currency_code\\\":\\\"USD\\\"},\\\"seller_protection\\\":{\\\"status\\\":\\\"ELIGIBLE\\\",\\\"dispute_categories\\\":[\\\"ITEM_NOT_RECEIVED\\\",\\\"UNAUTHORIZED_TRANSACTION\\\"]},\\\"links\\\":[{\\\"href\\\":\\\"https://api.paypal.com/v2/payments/captures/2RF65021EC038203J\\\",\\\"rel\\\":\\\"self\\\",\\\"method\\\":\\\"GET\\\",\\\"title\\\":\\\"GET\\\"},{\\\"href\\\":\\\"https://api.paypal.com/v2/payments/captures/2RF65021EC038203J/refund\\\",\\\"rel\\\":\\\"refund\\\",\\\"method\\\":\\\"POST\\\",\\\"title\\\":\\\"POST\\\"},{\\\"href\\\":\\\"https://api.paypal.com/v2/checkout/orders/5UM259452T3989538\\\",\\\"rel\\\":\\\"up\\\",\\\"method\\\":\\\"GET\\\",\\\"title\\\":\\\"GET\\\"}]}]}}],\\\"links\\\":[{\\\"href\\\":\\\"https://api.paypal.com/v2/checkout/orders/5UM259452T3989538\\\",\\\"rel\\\":\\\"self\\\",\\\"method\\\":\\\"GET\\\",\\\"title\\\":\\\"GET\\\"}]}\"',NULL,'{\"id\": \"5UM259452T3989538\", \"intent\": \"CAPTURE\", \"status\": \"COMPLETED\", \"purchase_units\": [{\"reference_id\": \"default\", \"amount\": {\"currency_code\": \"USD\", \"value\": \"25.00\", \"breakdown\": {\"item_total\": {\"currency_code\": \"USD\", \"value\": \"25.00\"}, \"shipping\": {\"currency_code\": \"USD\", \"value\": \"0.00\"}, \"handling\": {\"currency_code\": \"USD\", \"value\": \"0.00\"}, \"insurance\": {\"currency_code\": \"USD\", \"value\": \"0.00\"}, \"shipping_discount\": {\"currency_code\": \"USD\", \"value\": \"0.00\"}, \"discount\": {\"currency_code\": \"USD\", \"value\": \"0.00\"}}}, \"payee\": {\"email_address\": \"taye.doherty@wpurcell.com\", \"merchant_id\": \"UN6YGUGZXXWWN\"}, \"description\": \"\", \"custom_id\": \"POBCEBB27DF\", \"invoice_id\": \"POBCEBB27DF\", \"soft_descriptor\": \"PAYPAL *CALIFORNIA\", \"shipping\": {\"name\": {\"full_name\": \"Abiola Doherty\"}, \"address\": {}}, \"payments\": {\"captures\": [{\"id\": \"2RF65021EC038203J\", \"status\": \"COMPLETED\", \"amount\": {\"currency_code\": \"USD\", \"value\": \"25.00\"}, \"final_capture\": true, \"seller_protection\": {\"status\": \"ELIGIBLE\", \"dispute_categories\": [\"ITEM_NOT_RECEIVED\", \"UNAUTHORIZED_TRANSACTION\"]}, \"seller_receivable_breakdown\": {\"gross_amount\": {\"currency_code\": \"USD\", \"value\": \"25.00\"}, \"paypal_fee\": {\"currency_code\": \"USD\", \"value\": \"1.03\"}, \"net_amount\": {\"currency_code\": \"USD\", \"value\": \"23.97\"}}, \"invoice_id\": \"POBCEBB27DF\", \"custom_id\": \"POBCEBB27DF\", \"links\": [{\"href\": \"https://api.paypal.com/v2/payments/captures/2RF65021EC038203J\", \"rel\": \"self\", \"method\": \"GET\"}, {\"href\": \"https://api.paypal.com/v2/payments/captures/2RF65021EC038203J/refund\", \"rel\": \"refund\", \"method\": \"POST\"}, {\"href\": \"https://api.paypal.com/v2/checkout/orders/5UM259452T3989538\", \"rel\": \"up\", \"method\": \"GET\"}], \"create_time\": \"2021-03-01T19:24:16Z\", \"update_time\": \"2021-03-01T19:24:16Z\"}]}}], \"payer\": {\"name\": {\"given_name\": \"Abiola\", \"surname\": \"Doherty\"}, \"email_address\": \"shesso1974@gmail.com\", \"payer_id\": \"H2RMKSKX2YJ8S\", \"phone\": {\"phone_number\": {\"national_number\": \"9259841927\"}}, \"address\": {\"country_code\": \"US\"}}, \"update_time\": \"2021-03-01T19:24:16Z\", \"links\": [{\"href\": \"https://api.paypal.com/v2/checkout/orders/5UM259452T3989538\", \"rel\": \"self\", \"method\": \"GET\"}]}',1,0,'paypal'),(209,'POCCF97F3FE','USD',50.00,'1',NULL,'2021-03-04 18:57:02.843608','2021-03-04 18:58:49.000000',69,18,'\"{\\\"create_time\\\":\\\"2021-03-04T18:57:03Z\\\",\\\"update_time\\\":\\\"2021-03-04T18:58:46Z\\\",\\\"id\\\":\\\"9UJ36739YL685621U\\\",\\\"intent\\\":\\\"CAPTURE\\\",\\\"status\\\":\\\"COMPLETED\\\",\\\"payer\\\":{\\\"email_address\\\":\\\"laraarokodare.kadeba@gmail.com\\\",\\\"payer_id\\\":\\\"6B8QFFR6CCK4U\\\",\\\"address\\\":{\\\"country_code\\\":\\\"IE\\\"},\\\"name\\\":{\\\"given_name\\\":\\\"Margaret Omolara\\\",\\\"surname\\\":\\\"Kadeba\\\"}},\\\"purchase_units\\\":[{\\\"reference_id\\\":\\\"default\\\",\\\"custom_id\\\":\\\"POCCF97F3FE\\\",\\\"invoice_id\\\":\\\"POCCF97F3FE\\\",\\\"soft_descriptor\\\":\\\"PAYPAL *CALIFORNIA\\\",\\\"amount\\\":{\\\"value\\\":\\\"50.00\\\",\\\"currency_code\\\":\\\"USD\\\"},\\\"payee\\\":{\\\"email_address\\\":\\\"taye.doherty@wpurcell.com\\\",\\\"merchant_id\\\":\\\"UN6YGUGZXXWWN\\\"},\\\"payments\\\":{\\\"captures\\\":[{\\\"status\\\":\\\"COMPLETED\\\",\\\"id\\\":\\\"6H6717283E086812B\\\",\\\"invoice_id\\\":\\\"POCCF97F3FE\\\",\\\"final_capture\\\":true,\\\"create_time\\\":\\\"2021-03-04T18:58:46Z\\\",\\\"update_time\\\":\\\"2021-03-04T18:58:46Z\\\",\\\"amount\\\":{\\\"value\\\":\\\"50.00\\\",\\\"currency_code\\\":\\\"USD\\\"},\\\"seller_protection\\\":{\\\"status\\\":\\\"ELIGIBLE\\\",\\\"dispute_categories\\\":[\\\"ITEM_NOT_RECEIVED\\\",\\\"UNAUTHORIZED_TRANSACTION\\\"]},\\\"links\\\":[{\\\"href\\\":\\\"https://api.paypal.com/v2/payments/captures/6H6717283E086812B\\\",\\\"rel\\\":\\\"self\\\",\\\"method\\\":\\\"GET\\\",\\\"title\\\":\\\"GET\\\"},{\\\"href\\\":\\\"https://api.paypal.com/v2/payments/captures/6H6717283E086812B/refund\\\",\\\"rel\\\":\\\"refund\\\",\\\"method\\\":\\\"POST\\\",\\\"title\\\":\\\"POST\\\"},{\\\"href\\\":\\\"https://api.paypal.com/v2/checkout/orders/9UJ36739YL685621U\\\",\\\"rel\\\":\\\"up\\\",\\\"method\\\":\\\"GET\\\",\\\"title\\\":\\\"GET\\\"}]}]}}],\\\"links\\\":[{\\\"href\\\":\\\"https://api.paypal.com/v2/checkout/orders/9UJ36739YL685621U\\\",\\\"rel\\\":\\\"self\\\",\\\"method\\\":\\\"GET\\\",\\\"title\\\":\\\"GET\\\"}]}\"',NULL,'{\"id\": \"9UJ36739YL685621U\", \"intent\": \"CAPTURE\", \"status\": \"COMPLETED\", \"purchase_units\": [{\"reference_id\": \"default\", \"amount\": {\"currency_code\": \"USD\", \"value\": \"50.00\"}, \"payee\": {\"email_address\": \"taye.doherty@wpurcell.com\", \"merchant_id\": \"UN6YGUGZXXWWN\", \"display_data\": {\"brand_name\": \"SS FOSI Donation\"}}, \"custom_id\": \"POCCF97F3FE\", \"invoice_id\": \"POCCF97F3FE\", \"soft_descriptor\": \"PAYPAL *CALIFORNIA\", \"payments\": {\"captures\": [{\"id\": \"6H6717283E086812B\", \"status\": \"COMPLETED\", \"amount\": {\"currency_code\": \"USD\", \"value\": \"50.00\"}, \"final_capture\": true, \"seller_protection\": {\"status\": \"ELIGIBLE\", \"dispute_categories\": [\"ITEM_NOT_RECEIVED\", \"UNAUTHORIZED_TRANSACTION\"]}, \"seller_receivable_breakdown\": {\"gross_amount\": {\"currency_code\": \"USD\", \"value\": \"50.00\"}, \"paypal_fee\": {\"currency_code\": \"USD\", \"value\": \"2.50\"}, \"net_amount\": {\"currency_code\": \"USD\", \"value\": \"47.50\"}}, \"invoice_id\": \"POCCF97F3FE\", \"custom_id\": \"POCCF97F3FE\", \"links\": [{\"href\": \"https://api.paypal.com/v2/payments/captures/6H6717283E086812B\", \"rel\": \"self\", \"method\": \"GET\"}, {\"href\": \"https://api.paypal.com/v2/payments/captures/6H6717283E086812B/refund\", \"rel\": \"refund\", \"method\": \"POST\"}, {\"href\": \"https://api.paypal.com/v2/checkout/orders/9UJ36739YL685621U\", \"rel\": \"up\", \"method\": \"GET\"}], \"create_time\": \"2021-03-04T18:58:46Z\", \"update_time\": \"2021-03-04T18:58:46Z\"}]}}], \"payer\": {\"name\": {\"given_name\": \"Margaret Omolara\", \"surname\": \"Kadeba\"}, \"email_address\": \"laraarokodare.kadeba@gmail.com\", \"payer_id\": \"6B8QFFR6CCK4U\", \"address\": {\"country_code\": \"IE\"}}, \"create_time\": \"2021-03-04T18:57:03Z\", \"update_time\": \"2021-03-04T18:58:46Z\", \"links\": [{\"href\": \"https://api.paypal.com/v2/checkout/orders/9UJ36739YL685621U\", \"rel\": \"self\", \"method\": \"GET\"}]}',1,0,'paypal'),(210,'POC219D346A','USD',50.00,'1',NULL,'2021-03-06 16:28:46.760477','2021-03-06 16:31:52.000000',70,18,'\"{\\\"create_time\\\":\\\"2021-03-06T16:28:47Z\\\",\\\"update_time\\\":\\\"2021-03-06T16:31:48Z\\\",\\\"id\\\":\\\"8BP40804B0764391Y\\\",\\\"intent\\\":\\\"CAPTURE\\\",\\\"status\\\":\\\"COMPLETED\\\",\\\"payer\\\":{\\\"email_address\\\":\\\"Alvovich19@gmail.com\\\",\\\"payer_id\\\":\\\"X6SV52PFD9PU6\\\",\\\"address\\\":{\\\"address_line_1\\\":\\\"20518 Londelius street\\\",\\\"admin_area_2\\\":\\\"Winnetka \\\",\\\"postal_code\\\":\\\"91306\\\",\\\"country_code\\\":\\\"US\\\"},\\\"name\\\":{\\\"given_name\\\":\\\"Alla\\\",\\\"surname\\\":\\\"Lvovich\\\"}},\\\"purchase_units\\\":[{\\\"reference_id\\\":\\\"default\\\",\\\"custom_id\\\":\\\"POC219D346A\\\",\\\"invoice_id\\\":\\\"POC219D346A\\\",\\\"soft_descriptor\\\":\\\"PAYPAL *CALIFORNIA\\\",\\\"amount\\\":{\\\"value\\\":\\\"50.00\\\",\\\"currency_code\\\":\\\"USD\\\"},\\\"payee\\\":{\\\"email_address\\\":\\\"taye.doherty@wpurcell.com\\\",\\\"merchant_id\\\":\\\"UN6YGUGZXXWWN\\\"},\\\"payments\\\":{\\\"captures\\\":[{\\\"status\\\":\\\"COMPLETED\\\",\\\"id\\\":\\\"0J8462548V177183M\\\",\\\"invoice_id\\\":\\\"POC219D346A\\\",\\\"final_capture\\\":true,\\\"create_time\\\":\\\"2021-03-06T16:31:48Z\\\",\\\"update_time\\\":\\\"2021-03-06T16:31:48Z\\\",\\\"amount\\\":{\\\"value\\\":\\\"50.00\\\",\\\"currency_code\\\":\\\"USD\\\"},\\\"seller_protection\\\":{\\\"status\\\":\\\"ELIGIBLE\\\",\\\"dispute_categories\\\":[\\\"ITEM_NOT_RECEIVED\\\",\\\"UNAUTHORIZED_TRANSACTION\\\"]},\\\"links\\\":[{\\\"href\\\":\\\"https://api.paypal.com/v2/payments/captures/0J8462548V177183M\\\",\\\"rel\\\":\\\"self\\\",\\\"method\\\":\\\"GET\\\",\\\"title\\\":\\\"GET\\\"},{\\\"href\\\":\\\"https://api.paypal.com/v2/payments/captures/0J8462548V177183M/refund\\\",\\\"rel\\\":\\\"refund\\\",\\\"method\\\":\\\"POST\\\",\\\"title\\\":\\\"POST\\\"},{\\\"href\\\":\\\"https://api.paypal.com/v2/checkout/orders/8BP40804B0764391Y\\\",\\\"rel\\\":\\\"up\\\",\\\"method\\\":\\\"GET\\\",\\\"title\\\":\\\"GET\\\"}]}]}}],\\\"links\\\":[{\\\"href\\\":\\\"https://api.paypal.com/v2/checkout/orders/8BP40804B0764391Y\\\",\\\"rel\\\":\\\"self\\\",\\\"method\\\":\\\"GET\\\",\\\"title\\\":\\\"GET\\\"}]}\"',NULL,'{\"id\": \"8BP40804B0764391Y\", \"intent\": \"CAPTURE\", \"status\": \"COMPLETED\", \"purchase_units\": [{\"reference_id\": \"default\", \"amount\": {\"currency_code\": \"USD\", \"value\": \"50.00\"}, \"payee\": {\"email_address\": \"taye.doherty@wpurcell.com\", \"merchant_id\": \"UN6YGUGZXXWWN\", \"display_data\": {\"brand_name\": \"SS FOSI Donation\"}}, \"custom_id\": \"POC219D346A\", \"invoice_id\": \"POC219D346A\", \"soft_descriptor\": \"PAYPAL *CALIFORNIA\", \"payments\": {\"captures\": [{\"id\": \"0J8462548V177183M\", \"status\": \"COMPLETED\", \"amount\": {\"currency_code\": \"USD\", \"value\": \"50.00\"}, \"final_capture\": true, \"seller_protection\": {\"status\": \"ELIGIBLE\", \"dispute_categories\": [\"ITEM_NOT_RECEIVED\", \"UNAUTHORIZED_TRANSACTION\"]}, \"seller_receivable_breakdown\": {\"gross_amount\": {\"currency_code\": \"USD\", \"value\": \"50.00\"}, \"paypal_fee\": {\"currency_code\": \"USD\", \"value\": \"1.75\"}, \"net_amount\": {\"currency_code\": \"USD\", \"value\": \"48.25\"}}, \"invoice_id\": \"POC219D346A\", \"custom_id\": \"POC219D346A\", \"links\": [{\"href\": \"https://api.paypal.com/v2/payments/captures/0J8462548V177183M\", \"rel\": \"self\", \"method\": \"GET\"}, {\"href\": \"https://api.paypal.com/v2/payments/captures/0J8462548V177183M/refund\", \"rel\": \"refund\", \"method\": \"POST\"}, {\"href\": \"https://api.paypal.com/v2/checkout/orders/8BP40804B0764391Y\", \"rel\": \"up\", \"method\": \"GET\"}], \"create_time\": \"2021-03-06T16:31:48Z\", \"update_time\": \"2021-03-06T16:31:48Z\"}]}}], \"payer\": {\"name\": {\"given_name\": \"Alla\", \"surname\": \"Lvovich\"}, \"email_address\": \"Alvovich19@gmail.com\", \"payer_id\": \"X6SV52PFD9PU6\", \"address\": {\"address_line_1\": \"20518 Londelius street\", \"admin_area_2\": \"Winnetka \", \"postal_code\": \"91306\", \"country_code\": \"US\"}}, \"create_time\": \"2021-03-06T16:28:47Z\", \"update_time\": \"2021-03-06T16:31:48Z\", \"links\": [{\"href\": \"https://api.paypal.com/v2/checkout/orders/8BP40804B0764391Y\", \"rel\": \"self\", \"method\": \"GET\"}]}',1,0,'paypal'),(211,'PO9E8F880B4','USD',50.00,'1',NULL,'2021-03-06 19:34:38.421716','2021-03-06 19:35:26.000000',71,18,'\"{\\\"create_time\\\":\\\"2021-03-06T19:34:38Z\\\",\\\"update_time\\\":\\\"2021-03-06T19:35:23Z\\\",\\\"id\\\":\\\"3T596221GJ151871X\\\",\\\"intent\\\":\\\"CAPTURE\\\",\\\"status\\\":\\\"COMPLETED\\\",\\\"payer\\\":{\\\"email_address\\\":\\\"biggo4u@hotmail.com\\\",\\\"payer_id\\\":\\\"RGATY3R64RAGA\\\",\\\"address\\\":{\\\"address_line_1\\\":\\\"19209 Julia Drive\\\",\\\"admin_area_2\\\":\\\"NJ\\\",\\\"postal_code\\\":\\\"07885\\\",\\\"country_code\\\":\\\"US\\\"},\\\"name\\\":{\\\"given_name\\\":\\\"Osei\\\",\\\"surname\\\":\\\"Charles\\\"}},\\\"purchase_units\\\":[{\\\"reference_id\\\":\\\"default\\\",\\\"custom_id\\\":\\\"PO9E8F880B4\\\",\\\"invoice_id\\\":\\\"PO9E8F880B4\\\",\\\"soft_descriptor\\\":\\\"PAYPAL *CALIFORNIA\\\",\\\"amount\\\":{\\\"value\\\":\\\"50.00\\\",\\\"currency_code\\\":\\\"USD\\\"},\\\"payee\\\":{\\\"email_address\\\":\\\"taye.doherty@wpurcell.com\\\",\\\"merchant_id\\\":\\\"UN6YGUGZXXWWN\\\"},\\\"payments\\\":{\\\"captures\\\":[{\\\"status\\\":\\\"COMPLETED\\\",\\\"id\\\":\\\"07643658N9834905P\\\",\\\"invoice_id\\\":\\\"PO9E8F880B4\\\",\\\"final_capture\\\":true,\\\"create_time\\\":\\\"2021-03-06T19:35:23Z\\\",\\\"update_time\\\":\\\"2021-03-06T19:35:23Z\\\",\\\"amount\\\":{\\\"value\\\":\\\"50.00\\\",\\\"currency_code\\\":\\\"USD\\\"},\\\"seller_protection\\\":{\\\"status\\\":\\\"ELIGIBLE\\\",\\\"dispute_categories\\\":[\\\"ITEM_NOT_RECEIVED\\\",\\\"UNAUTHORIZED_TRANSACTION\\\"]},\\\"links\\\":[{\\\"href\\\":\\\"https://api.paypal.com/v2/payments/captures/07643658N9834905P\\\",\\\"rel\\\":\\\"self\\\",\\\"method\\\":\\\"GET\\\",\\\"title\\\":\\\"GET\\\"},{\\\"href\\\":\\\"https://api.paypal.com/v2/payments/captures/07643658N9834905P/refund\\\",\\\"rel\\\":\\\"refund\\\",\\\"method\\\":\\\"POST\\\",\\\"title\\\":\\\"POST\\\"},{\\\"href\\\":\\\"https://api.paypal.com/v2/checkout/orders/3T596221GJ151871X\\\",\\\"rel\\\":\\\"up\\\",\\\"method\\\":\\\"GET\\\",\\\"title\\\":\\\"GET\\\"}]}]}}],\\\"links\\\":[{\\\"href\\\":\\\"https://api.paypal.com/v2/checkout/orders/3T596221GJ151871X\\\",\\\"rel\\\":\\\"self\\\",\\\"method\\\":\\\"GET\\\",\\\"title\\\":\\\"GET\\\"}]}\"',NULL,'{\"id\": \"3T596221GJ151871X\", \"intent\": \"CAPTURE\", \"status\": \"COMPLETED\", \"purchase_units\": [{\"reference_id\": \"default\", \"amount\": {\"currency_code\": \"USD\", \"value\": \"50.00\"}, \"payee\": {\"email_address\": \"taye.doherty@wpurcell.com\", \"merchant_id\": \"UN6YGUGZXXWWN\", \"display_data\": {\"brand_name\": \"SS FOSI Donation\"}}, \"custom_id\": \"PO9E8F880B4\", \"invoice_id\": \"PO9E8F880B4\", \"soft_descriptor\": \"PAYPAL *CALIFORNIA\", \"payments\": {\"captures\": [{\"id\": \"07643658N9834905P\", \"status\": \"COMPLETED\", \"amount\": {\"currency_code\": \"USD\", \"value\": \"50.00\"}, \"final_capture\": true, \"seller_protection\": {\"status\": \"ELIGIBLE\", \"dispute_categories\": [\"ITEM_NOT_RECEIVED\", \"UNAUTHORIZED_TRANSACTION\"]}, \"seller_receivable_breakdown\": {\"gross_amount\": {\"currency_code\": \"USD\", \"value\": \"50.00\"}, \"paypal_fee\": {\"currency_code\": \"USD\", \"value\": \"1.75\"}, \"net_amount\": {\"currency_code\": \"USD\", \"value\": \"48.25\"}}, \"invoice_id\": \"PO9E8F880B4\", \"custom_id\": \"PO9E8F880B4\", \"links\": [{\"href\": \"https://api.paypal.com/v2/payments/captures/07643658N9834905P\", \"rel\": \"self\", \"method\": \"GET\"}, {\"href\": \"https://api.paypal.com/v2/payments/captures/07643658N9834905P/refund\", \"rel\": \"refund\", \"method\": \"POST\"}, {\"href\": \"https://api.paypal.com/v2/checkout/orders/3T596221GJ151871X\", \"rel\": \"up\", \"method\": \"GET\"}], \"create_time\": \"2021-03-06T19:35:23Z\", \"update_time\": \"2021-03-06T19:35:23Z\"}]}}], \"payer\": {\"name\": {\"given_name\": \"Osei\", \"surname\": \"Charles\"}, \"email_address\": \"biggo4u@hotmail.com\", \"payer_id\": \"RGATY3R64RAGA\", \"address\": {\"address_line_1\": \"19209 Julia Drive\", \"admin_area_2\": \"NJ\", \"postal_code\": \"07885\", \"country_code\": \"US\"}}, \"create_time\": \"2021-03-06T19:34:38Z\", \"update_time\": \"2021-03-06T19:35:23Z\", \"links\": [{\"href\": \"https://api.paypal.com/v2/checkout/orders/3T596221GJ151871X\", \"rel\": \"self\", \"method\": \"GET\"}]}',1,0,'paypal'),(212,'POD4448CB02','USD',250.00,'6',NULL,'2021-03-06 20:57:23.649051',NULL,72,10,'{}',NULL,'{}',1,0,'paypal'),(213,'PO55BA0568F','USD',250.00,'6',NULL,'2021-03-06 21:03:45.416893',NULL,73,16,'{}',NULL,'{}',1,0,'paypal'),(214,'POEBCE9BB54','USD',50.00,'1',NULL,'2021-03-06 21:45:52.943931','2021-03-06 21:46:59.000000',74,18,'\"{\\\"create_time\\\":\\\"2021-03-06T21:45:53Z\\\",\\\"update_time\\\":\\\"2021-03-06T21:46:56Z\\\",\\\"id\\\":\\\"0H368026G4323182A\\\",\\\"intent\\\":\\\"CAPTURE\\\",\\\"status\\\":\\\"COMPLETED\\\",\\\"payer\\\":{\\\"email_address\\\":\\\"alakiu@gmail.com\\\",\\\"payer_id\\\":\\\"J4WK8WB93RVMC\\\",\\\"address\\\":{\\\"address_line_1\\\":\\\"2903 Apple Seed Ct\\\",\\\"admin_area_2\\\":\\\"TX\\\",\\\"postal_code\\\":\\\"77082\\\",\\\"country_code\\\":\\\"US\\\"},\\\"name\\\":{\\\"given_name\\\":\\\"Hakeem\\\",\\\"surname\\\":\\\"Alakiu\\\"}},\\\"purchase_units\\\":[{\\\"reference_id\\\":\\\"default\\\",\\\"custom_id\\\":\\\"POEBCE9BB54\\\",\\\"invoice_id\\\":\\\"POEBCE9BB54\\\",\\\"soft_descriptor\\\":\\\"PAYPAL *CALIFORNIA\\\",\\\"amount\\\":{\\\"value\\\":\\\"50.00\\\",\\\"currency_code\\\":\\\"USD\\\"},\\\"payee\\\":{\\\"email_address\\\":\\\"taye.doherty@wpurcell.com\\\",\\\"merchant_id\\\":\\\"UN6YGUGZXXWWN\\\"},\\\"payments\\\":{\\\"captures\\\":[{\\\"status\\\":\\\"COMPLETED\\\",\\\"id\\\":\\\"2P308088WK749244R\\\",\\\"invoice_id\\\":\\\"POEBCE9BB54\\\",\\\"final_capture\\\":true,\\\"create_time\\\":\\\"2021-03-06T21:46:56Z\\\",\\\"update_time\\\":\\\"2021-03-06T21:46:56Z\\\",\\\"amount\\\":{\\\"value\\\":\\\"50.00\\\",\\\"currency_code\\\":\\\"USD\\\"},\\\"seller_protection\\\":{\\\"status\\\":\\\"ELIGIBLE\\\",\\\"dispute_categories\\\":[\\\"ITEM_NOT_RECEIVED\\\",\\\"UNAUTHORIZED_TRANSACTION\\\"]},\\\"links\\\":[{\\\"href\\\":\\\"https://api.paypal.com/v2/payments/captures/2P308088WK749244R\\\",\\\"rel\\\":\\\"self\\\",\\\"method\\\":\\\"GET\\\",\\\"title\\\":\\\"GET\\\"},{\\\"href\\\":\\\"https://api.paypal.com/v2/payments/captures/2P308088WK749244R/refund\\\",\\\"rel\\\":\\\"refund\\\",\\\"method\\\":\\\"POST\\\",\\\"title\\\":\\\"POST\\\"},{\\\"href\\\":\\\"https://api.paypal.com/v2/checkout/orders/0H368026G4323182A\\\",\\\"rel\\\":\\\"up\\\",\\\"method\\\":\\\"GET\\\",\\\"title\\\":\\\"GET\\\"}]}]}}],\\\"links\\\":[{\\\"href\\\":\\\"https://api.paypal.com/v2/checkout/orders/0H368026G4323182A\\\",\\\"rel\\\":\\\"self\\\",\\\"method\\\":\\\"GET\\\",\\\"title\\\":\\\"GET\\\"}]}\"',NULL,'{\"id\": \"0H368026G4323182A\", \"intent\": \"CAPTURE\", \"status\": \"COMPLETED\", \"purchase_units\": [{\"reference_id\": \"default\", \"amount\": {\"currency_code\": \"USD\", \"value\": \"50.00\"}, \"payee\": {\"email_address\": \"taye.doherty@wpurcell.com\", \"merchant_id\": \"UN6YGUGZXXWWN\", \"display_data\": {\"brand_name\": \"SS FOSI Donation\"}}, \"custom_id\": \"POEBCE9BB54\", \"invoice_id\": \"POEBCE9BB54\", \"soft_descriptor\": \"PAYPAL *CALIFORNIA\", \"payments\": {\"captures\": [{\"id\": \"2P308088WK749244R\", \"status\": \"COMPLETED\", \"amount\": {\"currency_code\": \"USD\", \"value\": \"50.00\"}, \"final_capture\": true, \"seller_protection\": {\"status\": \"ELIGIBLE\", \"dispute_categories\": [\"ITEM_NOT_RECEIVED\", \"UNAUTHORIZED_TRANSACTION\"]}, \"seller_receivable_breakdown\": {\"gross_amount\": {\"currency_code\": \"USD\", \"value\": \"50.00\"}, \"paypal_fee\": {\"currency_code\": \"USD\", \"value\": \"1.75\"}, \"net_amount\": {\"currency_code\": \"USD\", \"value\": \"48.25\"}}, \"invoice_id\": \"POEBCE9BB54\", \"custom_id\": \"POEBCE9BB54\", \"links\": [{\"href\": \"https://api.paypal.com/v2/payments/captures/2P308088WK749244R\", \"rel\": \"self\", \"method\": \"GET\"}, {\"href\": \"https://api.paypal.com/v2/payments/captures/2P308088WK749244R/refund\", \"rel\": \"refund\", \"method\": \"POST\"}, {\"href\": \"https://api.paypal.com/v2/checkout/orders/0H368026G4323182A\", \"rel\": \"up\", \"method\": \"GET\"}], \"create_time\": \"2021-03-06T21:46:56Z\", \"update_time\": \"2021-03-06T21:46:56Z\"}]}}], \"payer\": {\"name\": {\"given_name\": \"Hakeem\", \"surname\": \"Alakiu\"}, \"email_address\": \"alakiu@gmail.com\", \"payer_id\": \"J4WK8WB93RVMC\", \"address\": {\"address_line_1\": \"2903 Apple Seed Ct\", \"admin_area_2\": \"TX\", \"postal_code\": \"77082\", \"country_code\": \"US\"}}, \"create_time\": \"2021-03-06T21:45:53Z\", \"update_time\": \"2021-03-06T21:46:56Z\", \"links\": [{\"href\": \"https://api.paypal.com/v2/checkout/orders/0H368026G4323182A\", \"rel\": \"self\", \"method\": \"GET\"}]}',1,0,'paypal'),(215,'PO11E482B1A','USD',50.00,'1',NULL,'2021-03-07 02:50:42.943456','2021-03-07 02:53:01.000000',75,18,'\"{\\\"create_time\\\":\\\"2021-03-07T02:50:43Z\\\",\\\"update_time\\\":\\\"2021-03-07T02:52:58Z\\\",\\\"id\\\":\\\"1SY76970J75734021\\\",\\\"intent\\\":\\\"CAPTURE\\\",\\\"status\\\":\\\"COMPLETED\\\",\\\"payer\\\":{\\\"email_address\\\":\\\"abiodun.savage@gmail.com\\\",\\\"payer_id\\\":\\\"8439PZSHCTV6J\\\",\\\"address\\\":{\\\"address_line_1\\\":\\\"1453 Fairbanks drive \\\",\\\"admin_area_2\\\":\\\"Hanover. Maryland \\\",\\\"postal_code\\\":\\\"21076\\\",\\\"country_code\\\":\\\"US\\\"},\\\"name\\\":{\\\"given_name\\\":\\\"Biodun\\\",\\\"surname\\\":\\\"Savage\\\"}},\\\"purchase_units\\\":[{\\\"reference_id\\\":\\\"default\\\",\\\"custom_id\\\":\\\"PO11E482B1A\\\",\\\"invoice_id\\\":\\\"PO11E482B1A\\\",\\\"soft_descriptor\\\":\\\"PAYPAL *CALIFORNIA\\\",\\\"amount\\\":{\\\"value\\\":\\\"50.00\\\",\\\"currency_code\\\":\\\"USD\\\"},\\\"payee\\\":{\\\"email_address\\\":\\\"taye.doherty@wpurcell.com\\\",\\\"merchant_id\\\":\\\"UN6YGUGZXXWWN\\\"},\\\"payments\\\":{\\\"captures\\\":[{\\\"status\\\":\\\"COMPLETED\\\",\\\"id\\\":\\\"3VK7521214213971L\\\",\\\"invoice_id\\\":\\\"PO11E482B1A\\\",\\\"final_capture\\\":true,\\\"create_time\\\":\\\"2021-03-07T02:52:58Z\\\",\\\"update_time\\\":\\\"2021-03-07T02:52:58Z\\\",\\\"amount\\\":{\\\"value\\\":\\\"50.00\\\",\\\"currency_code\\\":\\\"USD\\\"},\\\"seller_protection\\\":{\\\"status\\\":\\\"ELIGIBLE\\\",\\\"dispute_categories\\\":[\\\"ITEM_NOT_RECEIVED\\\",\\\"UNAUTHORIZED_TRANSACTION\\\"]},\\\"links\\\":[{\\\"href\\\":\\\"https://api.paypal.com/v2/payments/captures/3VK7521214213971L\\\",\\\"rel\\\":\\\"self\\\",\\\"method\\\":\\\"GET\\\",\\\"title\\\":\\\"GET\\\"},{\\\"href\\\":\\\"https://api.paypal.com/v2/payments/captures/3VK7521214213971L/refund\\\",\\\"rel\\\":\\\"refund\\\",\\\"method\\\":\\\"POST\\\",\\\"title\\\":\\\"POST\\\"},{\\\"href\\\":\\\"https://api.paypal.com/v2/checkout/orders/1SY76970J75734021\\\",\\\"rel\\\":\\\"up\\\",\\\"method\\\":\\\"GET\\\",\\\"title\\\":\\\"GET\\\"}]}]}}],\\\"links\\\":[{\\\"href\\\":\\\"https://api.paypal.com/v2/checkout/orders/1SY76970J75734021\\\",\\\"rel\\\":\\\"self\\\",\\\"method\\\":\\\"GET\\\",\\\"title\\\":\\\"GET\\\"}]}\"',NULL,'{\"id\": \"1SY76970J75734021\", \"intent\": \"CAPTURE\", \"status\": \"COMPLETED\", \"purchase_units\": [{\"reference_id\": \"default\", \"amount\": {\"currency_code\": \"USD\", \"value\": \"50.00\"}, \"payee\": {\"email_address\": \"taye.doherty@wpurcell.com\", \"merchant_id\": \"UN6YGUGZXXWWN\", \"display_data\": {\"brand_name\": \"SS FOSI Donation\"}}, \"custom_id\": \"PO11E482B1A\", \"invoice_id\": \"PO11E482B1A\", \"soft_descriptor\": \"PAYPAL *CALIFORNIA\", \"payments\": {\"captures\": [{\"id\": \"3VK7521214213971L\", \"status\": \"COMPLETED\", \"amount\": {\"currency_code\": \"USD\", \"value\": \"50.00\"}, \"final_capture\": true, \"seller_protection\": {\"status\": \"ELIGIBLE\", \"dispute_categories\": [\"ITEM_NOT_RECEIVED\", \"UNAUTHORIZED_TRANSACTION\"]}, \"seller_receivable_breakdown\": {\"gross_amount\": {\"currency_code\": \"USD\", \"value\": \"50.00\"}, \"paypal_fee\": {\"currency_code\": \"USD\", \"value\": \"1.75\"}, \"net_amount\": {\"currency_code\": \"USD\", \"value\": \"48.25\"}}, \"invoice_id\": \"PO11E482B1A\", \"custom_id\": \"PO11E482B1A\", \"links\": [{\"href\": \"https://api.paypal.com/v2/payments/captures/3VK7521214213971L\", \"rel\": \"self\", \"method\": \"GET\"}, {\"href\": \"https://api.paypal.com/v2/payments/captures/3VK7521214213971L/refund\", \"rel\": \"refund\", \"method\": \"POST\"}, {\"href\": \"https://api.paypal.com/v2/checkout/orders/1SY76970J75734021\", \"rel\": \"up\", \"method\": \"GET\"}], \"create_time\": \"2021-03-07T02:52:58Z\", \"update_time\": \"2021-03-07T02:52:58Z\"}]}}], \"payer\": {\"name\": {\"given_name\": \"Biodun\", \"surname\": \"Savage\"}, \"email_address\": \"abiodun.savage@gmail.com\", \"payer_id\": \"8439PZSHCTV6J\", \"address\": {\"address_line_1\": \"1453 Fairbanks drive \", \"admin_area_2\": \"Hanover. Maryland \", \"postal_code\": \"21076\", \"country_code\": \"US\"}}, \"create_time\": \"2021-03-07T02:50:43Z\", \"update_time\": \"2021-03-07T02:52:58Z\", \"links\": [{\"href\": \"https://api.paypal.com/v2/checkout/orders/1SY76970J75734021\", \"rel\": \"self\", \"method\": \"GET\"}]}',1,0,'paypal'),(216,'PO4CB4886DD','USD',50.00,'6',NULL,'2021-03-07 02:50:44.999303',NULL,75,17,'{}',NULL,'{}',1,0,'paypal'),(217,'PO780A31C91','USD',200.00,'1',NULL,'2021-03-07 19:54:37.343030','2021-03-07 19:56:14.000000',76,18,'\"{\\\"create_time\\\":\\\"2021-03-07T19:54:37Z\\\",\\\"update_time\\\":\\\"2021-03-07T19:56:11Z\\\",\\\"id\\\":\\\"5YJ08325673368353\\\",\\\"intent\\\":\\\"CAPTURE\\\",\\\"status\\\":\\\"COMPLETED\\\",\\\"payer\\\":{\\\"email_address\\\":\\\"tallest50@yahoo.com\\\",\\\"payer_id\\\":\\\"5YFQBH3FQAMEE\\\",\\\"address\\\":{\\\"address_line_1\\\":\\\"5811 BOWCROFT ST\\\",\\\"admin_area_2\\\":\\\"California\\\",\\\"postal_code\\\":\\\"90016-4942\\\",\\\"country_code\\\":\\\"US\\\"},\\\"name\\\":{\\\"given_name\\\":\\\"Chigozie\\\",\\\"surname\\\":\\\"Okeke\\\"}},\\\"purchase_units\\\":[{\\\"reference_id\\\":\\\"default\\\",\\\"custom_id\\\":\\\"PO780A31C91\\\",\\\"invoice_id\\\":\\\"PO780A31C91\\\",\\\"soft_descriptor\\\":\\\"PAYPAL *CALIFORNIA\\\",\\\"amount\\\":{\\\"value\\\":\\\"200.00\\\",\\\"currency_code\\\":\\\"USD\\\"},\\\"payee\\\":{\\\"email_address\\\":\\\"taye.doherty@wpurcell.com\\\",\\\"merchant_id\\\":\\\"UN6YGUGZXXWWN\\\"},\\\"payments\\\":{\\\"captures\\\":[{\\\"status\\\":\\\"COMPLETED\\\",\\\"id\\\":\\\"80T24461TH451073Y\\\",\\\"invoice_id\\\":\\\"PO780A31C91\\\",\\\"final_capture\\\":true,\\\"create_time\\\":\\\"2021-03-07T19:56:11Z\\\",\\\"update_time\\\":\\\"2021-03-07T19:56:11Z\\\",\\\"amount\\\":{\\\"value\\\":\\\"200.00\\\",\\\"currency_code\\\":\\\"USD\\\"},\\\"seller_protection\\\":{\\\"status\\\":\\\"ELIGIBLE\\\",\\\"dispute_categories\\\":[\\\"ITEM_NOT_RECEIVED\\\",\\\"UNAUTHORIZED_TRANSACTION\\\"]},\\\"links\\\":[{\\\"href\\\":\\\"https://api.paypal.com/v2/payments/captures/80T24461TH451073Y\\\",\\\"rel\\\":\\\"self\\\",\\\"method\\\":\\\"GET\\\",\\\"title\\\":\\\"GET\\\"},{\\\"href\\\":\\\"https://api.paypal.com/v2/payments/captures/80T24461TH451073Y/refund\\\",\\\"rel\\\":\\\"refund\\\",\\\"method\\\":\\\"POST\\\",\\\"title\\\":\\\"POST\\\"},{\\\"href\\\":\\\"https://api.paypal.com/v2/checkout/orders/5YJ08325673368353\\\",\\\"rel\\\":\\\"up\\\",\\\"method\\\":\\\"GET\\\",\\\"title\\\":\\\"GET\\\"}]}]}}],\\\"links\\\":[{\\\"href\\\":\\\"https://api.paypal.com/v2/checkout/orders/5YJ08325673368353\\\",\\\"rel\\\":\\\"self\\\",\\\"method\\\":\\\"GET\\\",\\\"title\\\":\\\"GET\\\"}]}\"',NULL,'{\"id\": \"5YJ08325673368353\", \"intent\": \"CAPTURE\", \"status\": \"COMPLETED\", \"purchase_units\": [{\"reference_id\": \"default\", \"amount\": {\"currency_code\": \"USD\", \"value\": \"200.00\"}, \"payee\": {\"email_address\": \"taye.doherty@wpurcell.com\", \"merchant_id\": \"UN6YGUGZXXWWN\", \"display_data\": {\"brand_name\": \"SS FOSI Donation\"}}, \"custom_id\": \"PO780A31C91\", \"invoice_id\": \"PO780A31C91\", \"soft_descriptor\": \"PAYPAL *CALIFORNIA\", \"payments\": {\"captures\": [{\"id\": \"80T24461TH451073Y\", \"status\": \"COMPLETED\", \"amount\": {\"currency_code\": \"USD\", \"value\": \"200.00\"}, \"final_capture\": true, \"seller_protection\": {\"status\": \"ELIGIBLE\", \"dispute_categories\": [\"ITEM_NOT_RECEIVED\", \"UNAUTHORIZED_TRANSACTION\"]}, \"seller_receivable_breakdown\": {\"gross_amount\": {\"currency_code\": \"USD\", \"value\": \"200.00\"}, \"paypal_fee\": {\"currency_code\": \"USD\", \"value\": \"6.10\"}, \"net_amount\": {\"currency_code\": \"USD\", \"value\": \"193.90\"}}, \"invoice_id\": \"PO780A31C91\", \"custom_id\": \"PO780A31C91\", \"links\": [{\"href\": \"https://api.paypal.com/v2/payments/captures/80T24461TH451073Y\", \"rel\": \"self\", \"method\": \"GET\"}, {\"href\": \"https://api.paypal.com/v2/payments/captures/80T24461TH451073Y/refund\", \"rel\": \"refund\", \"method\": \"POST\"}, {\"href\": \"https://api.paypal.com/v2/checkout/orders/5YJ08325673368353\", \"rel\": \"up\", \"method\": \"GET\"}], \"create_time\": \"2021-03-07T19:56:11Z\", \"update_time\": \"2021-03-07T19:56:11Z\"}]}}], \"payer\": {\"name\": {\"given_name\": \"Chigozie\", \"surname\": \"Okeke\"}, \"email_address\": \"tallest50@yahoo.com\", \"payer_id\": \"5YFQBH3FQAMEE\", \"address\": {\"address_line_1\": \"5811 BOWCROFT ST\", \"admin_area_2\": \"California\", \"postal_code\": \"90016-4942\", \"country_code\": \"US\"}}, \"create_time\": \"2021-03-07T19:54:37Z\", \"update_time\": \"2021-03-07T19:56:11Z\", \"links\": [{\"href\": \"https://api.paypal.com/v2/checkout/orders/5YJ08325673368353\", \"rel\": \"self\", \"method\": \"GET\"}]}',1,0,'paypal'),(218,'PO051D68B45','USD',500.00,'1',NULL,'2021-03-07 20:46:24.654789','2021-03-07 20:48:21.000000',77,18,'\"{\\\"create_time\\\":\\\"2021-03-07T20:46:25Z\\\",\\\"update_time\\\":\\\"2021-03-07T20:48:18Z\\\",\\\"id\\\":\\\"3CA08257716497044\\\",\\\"intent\\\":\\\"CAPTURE\\\",\\\"status\\\":\\\"COMPLETED\\\",\\\"payer\\\":{\\\"email_address\\\":\\\"yyomilana@gmail.com\\\",\\\"payer_id\\\":\\\"9CGDZSM6WNHK4\\\",\\\"address\\\":{\\\"address_line_1\\\":\\\"74600 old prospector trl \\\",\\\"admin_area_2\\\":\\\"Palm Desert, CA\\\",\\\"postal_code\\\":\\\"92260\\\",\\\"country_code\\\":\\\"US\\\"},\\\"name\\\":{\\\"given_name\\\":\\\"Yetunde\\\",\\\"surname\\\":\\\"Omilana\\\"}},\\\"purchase_units\\\":[{\\\"reference_id\\\":\\\"default\\\",\\\"custom_id\\\":\\\"PO051D68B45\\\",\\\"invoice_id\\\":\\\"PO051D68B45\\\",\\\"soft_descriptor\\\":\\\"PAYPAL *CALIFORNIA\\\",\\\"amount\\\":{\\\"value\\\":\\\"500.00\\\",\\\"currency_code\\\":\\\"USD\\\"},\\\"payee\\\":{\\\"email_address\\\":\\\"taye.doherty@wpurcell.com\\\",\\\"merchant_id\\\":\\\"UN6YGUGZXXWWN\\\"},\\\"payments\\\":{\\\"captures\\\":[{\\\"status\\\":\\\"COMPLETED\\\",\\\"id\\\":\\\"0GV21571U74794811\\\",\\\"invoice_id\\\":\\\"PO051D68B45\\\",\\\"final_capture\\\":true,\\\"create_time\\\":\\\"2021-03-07T20:48:18Z\\\",\\\"update_time\\\":\\\"2021-03-07T20:48:18Z\\\",\\\"amount\\\":{\\\"value\\\":\\\"500.00\\\",\\\"currency_code\\\":\\\"USD\\\"},\\\"seller_protection\\\":{\\\"status\\\":\\\"ELIGIBLE\\\",\\\"dispute_categories\\\":[\\\"ITEM_NOT_RECEIVED\\\",\\\"UNAUTHORIZED_TRANSACTION\\\"]},\\\"links\\\":[{\\\"href\\\":\\\"https://api.paypal.com/v2/payments/captures/0GV21571U74794811\\\",\\\"rel\\\":\\\"self\\\",\\\"method\\\":\\\"GET\\\",\\\"title\\\":\\\"GET\\\"},{\\\"href\\\":\\\"https://api.paypal.com/v2/payments/captures/0GV21571U74794811/refund\\\",\\\"rel\\\":\\\"refund\\\",\\\"method\\\":\\\"POST\\\",\\\"title\\\":\\\"POST\\\"},{\\\"href\\\":\\\"https://api.paypal.com/v2/checkout/orders/3CA08257716497044\\\",\\\"rel\\\":\\\"up\\\",\\\"method\\\":\\\"GET\\\",\\\"title\\\":\\\"GET\\\"}]}]}}],\\\"links\\\":[{\\\"href\\\":\\\"https://api.paypal.com/v2/checkout/orders/3CA08257716497044\\\",\\\"rel\\\":\\\"self\\\",\\\"method\\\":\\\"GET\\\",\\\"title\\\":\\\"GET\\\"}]}\"',NULL,'{\"id\": \"3CA08257716497044\", \"intent\": \"CAPTURE\", \"status\": \"COMPLETED\", \"purchase_units\": [{\"reference_id\": \"default\", \"amount\": {\"currency_code\": \"USD\", \"value\": \"500.00\"}, \"payee\": {\"email_address\": \"taye.doherty@wpurcell.com\", \"merchant_id\": \"UN6YGUGZXXWWN\", \"display_data\": {\"brand_name\": \"SS FOSI Donation\"}}, \"custom_id\": \"PO051D68B45\", \"invoice_id\": \"PO051D68B45\", \"soft_descriptor\": \"PAYPAL *CALIFORNIA\", \"payments\": {\"captures\": [{\"id\": \"0GV21571U74794811\", \"status\": \"COMPLETED\", \"amount\": {\"currency_code\": \"USD\", \"value\": \"500.00\"}, \"final_capture\": true, \"seller_protection\": {\"status\": \"ELIGIBLE\", \"dispute_categories\": [\"ITEM_NOT_RECEIVED\", \"UNAUTHORIZED_TRANSACTION\"]}, \"seller_receivable_breakdown\": {\"gross_amount\": {\"currency_code\": \"USD\", \"value\": \"500.00\"}, \"paypal_fee\": {\"currency_code\": \"USD\", \"value\": \"14.80\"}, \"net_amount\": {\"currency_code\": \"USD\", \"value\": \"485.20\"}}, \"invoice_id\": \"PO051D68B45\", \"custom_id\": \"PO051D68B45\", \"links\": [{\"href\": \"https://api.paypal.com/v2/payments/captures/0GV21571U74794811\", \"rel\": \"self\", \"method\": \"GET\"}, {\"href\": \"https://api.paypal.com/v2/payments/captures/0GV21571U74794811/refund\", \"rel\": \"refund\", \"method\": \"POST\"}, {\"href\": \"https://api.paypal.com/v2/checkout/orders/3CA08257716497044\", \"rel\": \"up\", \"method\": \"GET\"}], \"create_time\": \"2021-03-07T20:48:18Z\", \"update_time\": \"2021-03-07T20:48:18Z\"}]}}], \"payer\": {\"name\": {\"given_name\": \"Yetunde\", \"surname\": \"Omilana\"}, \"email_address\": \"yyomilana@gmail.com\", \"payer_id\": \"9CGDZSM6WNHK4\", \"address\": {\"address_line_1\": \"74600 old prospector trl \", \"admin_area_2\": \"Palm Desert, CA\", \"postal_code\": \"92260\", \"country_code\": \"US\"}}, \"create_time\": \"2021-03-07T20:46:25Z\", \"update_time\": \"2021-03-07T20:48:18Z\", \"links\": [{\"href\": \"https://api.paypal.com/v2/checkout/orders/3CA08257716497044\", \"rel\": \"self\", \"method\": \"GET\"}]}',1,0,'paypal'),(219,'POB4E876C65','USD',1500.00,'1',NULL,'2021-03-07 20:53:24.797574','2021-03-07 20:57:33.000000',78,18,'\"{\\\"create_time\\\":\\\"2021-03-07T20:53:25Z\\\",\\\"update_time\\\":\\\"2021-03-07T20:57:29Z\\\",\\\"id\\\":\\\"5FB978950F682454A\\\",\\\"intent\\\":\\\"CAPTURE\\\",\\\"status\\\":\\\"COMPLETED\\\",\\\"payer\\\":{\\\"email_address\\\":\\\"nirankoko@yahoo.com\\\",\\\"payer_id\\\":\\\"49WVEPQ2CR6ZG\\\",\\\"address\\\":{\\\"address_line_1\\\":\\\"Adeniran Koko\\\",\\\"admin_area_2\\\":\\\"CA\\\",\\\"postal_code\\\":\\\"91367\\\",\\\"country_code\\\":\\\"US\\\"},\\\"name\\\":{\\\"given_name\\\":\\\"Adeniran\\\",\\\"surname\\\":\\\"Koko\\\"}},\\\"purchase_units\\\":[{\\\"reference_id\\\":\\\"default\\\",\\\"custom_id\\\":\\\"POB4E876C65\\\",\\\"invoice_id\\\":\\\"POB4E876C65\\\",\\\"soft_descriptor\\\":\\\"PAYPAL *CALIFORNIA\\\",\\\"amount\\\":{\\\"value\\\":\\\"1500.00\\\",\\\"currency_code\\\":\\\"USD\\\"},\\\"payee\\\":{\\\"email_address\\\":\\\"taye.doherty@wpurcell.com\\\",\\\"merchant_id\\\":\\\"UN6YGUGZXXWWN\\\"},\\\"payments\\\":{\\\"captures\\\":[{\\\"status\\\":\\\"COMPLETED\\\",\\\"id\\\":\\\"6HW15586W1832761H\\\",\\\"invoice_id\\\":\\\"POB4E876C65\\\",\\\"final_capture\\\":true,\\\"create_time\\\":\\\"2021-03-07T20:57:29Z\\\",\\\"update_time\\\":\\\"2021-03-07T20:57:29Z\\\",\\\"amount\\\":{\\\"value\\\":\\\"1500.00\\\",\\\"currency_code\\\":\\\"USD\\\"},\\\"seller_protection\\\":{\\\"status\\\":\\\"ELIGIBLE\\\",\\\"dispute_categories\\\":[\\\"ITEM_NOT_RECEIVED\\\",\\\"UNAUTHORIZED_TRANSACTION\\\"]},\\\"links\\\":[{\\\"href\\\":\\\"https://api.paypal.com/v2/payments/captures/6HW15586W1832761H\\\",\\\"rel\\\":\\\"self\\\",\\\"method\\\":\\\"GET\\\",\\\"title\\\":\\\"GET\\\"},{\\\"href\\\":\\\"https://api.paypal.com/v2/payments/captures/6HW15586W1832761H/refund\\\",\\\"rel\\\":\\\"refund\\\",\\\"method\\\":\\\"POST\\\",\\\"title\\\":\\\"POST\\\"},{\\\"href\\\":\\\"https://api.paypal.com/v2/checkout/orders/5FB978950F682454A\\\",\\\"rel\\\":\\\"up\\\",\\\"method\\\":\\\"GET\\\",\\\"title\\\":\\\"GET\\\"}]}]}}],\\\"links\\\":[{\\\"href\\\":\\\"https://api.paypal.com/v2/checkout/orders/5FB978950F682454A\\\",\\\"rel\\\":\\\"self\\\",\\\"method\\\":\\\"GET\\\",\\\"title\\\":\\\"GET\\\"}]}\"',NULL,'{\"id\": \"5FB978950F682454A\", \"intent\": \"CAPTURE\", \"status\": \"COMPLETED\", \"purchase_units\": [{\"reference_id\": \"default\", \"amount\": {\"currency_code\": \"USD\", \"value\": \"1500.00\"}, \"payee\": {\"email_address\": \"taye.doherty@wpurcell.com\", \"merchant_id\": \"UN6YGUGZXXWWN\", \"display_data\": {\"brand_name\": \"SS FOSI Donation\"}}, \"custom_id\": \"POB4E876C65\", \"invoice_id\": \"POB4E876C65\", \"soft_descriptor\": \"PAYPAL *CALIFORNIA\", \"payments\": {\"captures\": [{\"id\": \"6HW15586W1832761H\", \"status\": \"COMPLETED\", \"amount\": {\"currency_code\": \"USD\", \"value\": \"1500.00\"}, \"final_capture\": true, \"seller_protection\": {\"status\": \"ELIGIBLE\", \"dispute_categories\": [\"ITEM_NOT_RECEIVED\", \"UNAUTHORIZED_TRANSACTION\"]}, \"seller_receivable_breakdown\": {\"gross_amount\": {\"currency_code\": \"USD\", \"value\": \"1500.00\"}, \"paypal_fee\": {\"currency_code\": \"USD\", \"value\": \"43.80\"}, \"net_amount\": {\"currency_code\": \"USD\", \"value\": \"1456.20\"}}, \"invoice_id\": \"POB4E876C65\", \"custom_id\": \"POB4E876C65\", \"links\": [{\"href\": \"https://api.paypal.com/v2/payments/captures/6HW15586W1832761H\", \"rel\": \"self\", \"method\": \"GET\"}, {\"href\": \"https://api.paypal.com/v2/payments/captures/6HW15586W1832761H/refund\", \"rel\": \"refund\", \"method\": \"POST\"}, {\"href\": \"https://api.paypal.com/v2/checkout/orders/5FB978950F682454A\", \"rel\": \"up\", \"method\": \"GET\"}], \"create_time\": \"2021-03-07T20:57:29Z\", \"update_time\": \"2021-03-07T20:57:29Z\"}]}}], \"payer\": {\"name\": {\"given_name\": \"Adeniran\", \"surname\": \"Koko\"}, \"email_address\": \"nirankoko@yahoo.com\", \"payer_id\": \"49WVEPQ2CR6ZG\", \"address\": {\"address_line_1\": \"Adeniran Koko\", \"admin_area_2\": \"CA\", \"postal_code\": \"91367\", \"country_code\": \"US\"}}, \"create_time\": \"2021-03-07T20:53:25Z\", \"update_time\": \"2021-03-07T20:57:29Z\", \"links\": [{\"href\": \"https://api.paypal.com/v2/checkout/orders/5FB978950F682454A\", \"rel\": \"self\", \"method\": \"GET\"}]}',1,0,'paypal'),(220,'POC8572D301','USD',100.00,'1',NULL,'2021-03-08 00:03:16.383605','2021-03-08 00:06:37.000000',79,18,'\"{\\\"create_time\\\":\\\"2021-03-08T00:03:16Z\\\",\\\"update_time\\\":\\\"2021-03-08T00:06:33Z\\\",\\\"id\\\":\\\"1YA75197CV819473S\\\",\\\"intent\\\":\\\"CAPTURE\\\",\\\"status\\\":\\\"COMPLETED\\\",\\\"payer\\\":{\\\"email_address\\\":\\\"jalade@structuracasa.com\\\",\\\"payer_id\\\":\\\"49WVEPQ2CR6ZG\\\",\\\"address\\\":{\\\"address_line_1\\\":\\\"23851 Albers Street\\\",\\\"admin_area_2\\\":\\\"CALIFORNIA\\\",\\\"postal_code\\\":\\\"91367\\\",\\\"country_code\\\":\\\"US\\\"},\\\"name\\\":{\\\"given_name\\\":\\\"Adeniran\\\",\\\"surname\\\":\\\"Koko\\\"}},\\\"purchase_units\\\":[{\\\"reference_id\\\":\\\"default\\\",\\\"custom_id\\\":\\\"POC8572D301\\\",\\\"invoice_id\\\":\\\"POC8572D301\\\",\\\"soft_descriptor\\\":\\\"PAYPAL *CALIFORNIA\\\",\\\"amount\\\":{\\\"value\\\":\\\"100.00\\\",\\\"currency_code\\\":\\\"USD\\\"},\\\"payee\\\":{\\\"email_address\\\":\\\"taye.doherty@wpurcell.com\\\",\\\"merchant_id\\\":\\\"UN6YGUGZXXWWN\\\"},\\\"payments\\\":{\\\"captures\\\":[{\\\"status\\\":\\\"COMPLETED\\\",\\\"id\\\":\\\"67Y92602TB2403746\\\",\\\"invoice_id\\\":\\\"POC8572D301\\\",\\\"final_capture\\\":true,\\\"create_time\\\":\\\"2021-03-08T00:06:33Z\\\",\\\"update_time\\\":\\\"2021-03-08T00:06:33Z\\\",\\\"amount\\\":{\\\"value\\\":\\\"100.00\\\",\\\"currency_code\\\":\\\"USD\\\"},\\\"seller_protection\\\":{\\\"status\\\":\\\"ELIGIBLE\\\",\\\"dispute_categories\\\":[\\\"ITEM_NOT_RECEIVED\\\",\\\"UNAUTHORIZED_TRANSACTION\\\"]},\\\"links\\\":[{\\\"href\\\":\\\"https://api.paypal.com/v2/payments/captures/67Y92602TB2403746\\\",\\\"rel\\\":\\\"self\\\",\\\"method\\\":\\\"GET\\\",\\\"title\\\":\\\"GET\\\"},{\\\"href\\\":\\\"https://api.paypal.com/v2/payments/captures/67Y92602TB2403746/refund\\\",\\\"rel\\\":\\\"refund\\\",\\\"method\\\":\\\"POST\\\",\\\"title\\\":\\\"POST\\\"},{\\\"href\\\":\\\"https://api.paypal.com/v2/checkout/orders/1YA75197CV819473S\\\",\\\"rel\\\":\\\"up\\\",\\\"method\\\":\\\"GET\\\",\\\"title\\\":\\\"GET\\\"}]}]}}],\\\"links\\\":[{\\\"href\\\":\\\"https://api.paypal.com/v2/checkout/orders/1YA75197CV819473S\\\",\\\"rel\\\":\\\"self\\\",\\\"method\\\":\\\"GET\\\",\\\"title\\\":\\\"GET\\\"}]}\"',NULL,'{\"id\": \"1YA75197CV819473S\", \"intent\": \"CAPTURE\", \"status\": \"COMPLETED\", \"purchase_units\": [{\"reference_id\": \"default\", \"amount\": {\"currency_code\": \"USD\", \"value\": \"100.00\"}, \"payee\": {\"email_address\": \"taye.doherty@wpurcell.com\", \"merchant_id\": \"UN6YGUGZXXWWN\", \"display_data\": {\"brand_name\": \"SS FOSI Donation\"}}, \"custom_id\": \"POC8572D301\", \"invoice_id\": \"POC8572D301\", \"soft_descriptor\": \"PAYPAL *CALIFORNIA\", \"payments\": {\"captures\": [{\"id\": \"67Y92602TB2403746\", \"status\": \"COMPLETED\", \"amount\": {\"currency_code\": \"USD\", \"value\": \"100.00\"}, \"final_capture\": true, \"seller_protection\": {\"status\": \"ELIGIBLE\", \"dispute_categories\": [\"ITEM_NOT_RECEIVED\", \"UNAUTHORIZED_TRANSACTION\"]}, \"seller_receivable_breakdown\": {\"gross_amount\": {\"currency_code\": \"USD\", \"value\": \"100.00\"}, \"paypal_fee\": {\"currency_code\": \"USD\", \"value\": \"3.20\"}, \"net_amount\": {\"currency_code\": \"USD\", \"value\": \"96.80\"}}, \"invoice_id\": \"POC8572D301\", \"custom_id\": \"POC8572D301\", \"links\": [{\"href\": \"https://api.paypal.com/v2/payments/captures/67Y92602TB2403746\", \"rel\": \"self\", \"method\": \"GET\"}, {\"href\": \"https://api.paypal.com/v2/payments/captures/67Y92602TB2403746/refund\", \"rel\": \"refund\", \"method\": \"POST\"}, {\"href\": \"https://api.paypal.com/v2/checkout/orders/1YA75197CV819473S\", \"rel\": \"up\", \"method\": \"GET\"}], \"create_time\": \"2021-03-08T00:06:33Z\", \"update_time\": \"2021-03-08T00:06:33Z\"}]}}], \"payer\": {\"name\": {\"given_name\": \"Adeniran\", \"surname\": \"Koko\"}, \"email_address\": \"jalade@structuracasa.com\", \"payer_id\": \"49WVEPQ2CR6ZG\", \"address\": {\"address_line_1\": \"23851 Albers Street\", \"admin_area_2\": \"CALIFORNIA\", \"postal_code\": \"91367\", \"country_code\": \"US\"}}, \"create_time\": \"2021-03-08T00:03:16Z\", \"update_time\": \"2021-03-08T00:06:33Z\", \"links\": [{\"href\": \"https://api.paypal.com/v2/checkout/orders/1YA75197CV819473S\", \"rel\": \"self\", \"method\": \"GET\"}]}',1,0,'paypal'),(221,'PO6EF3F8C77','USD',100.00,'1',NULL,'2021-03-08 06:15:47.737553','2021-03-08 06:17:05.000000',18,18,'\"{\\\"create_time\\\":\\\"2021-03-08T06:15:48Z\\\",\\\"update_time\\\":\\\"2021-03-08T06:17:02Z\\\",\\\"id\\\":\\\"69W22051DY0110813\\\",\\\"intent\\\":\\\"CAPTURE\\\",\\\"status\\\":\\\"COMPLETED\\\",\\\"payer\\\":{\\\"email_address\\\":\\\"taye.doherty@gmail.com\\\",\\\"payer_id\\\":\\\"3L6ANCLBL27ES\\\",\\\"address\\\":{\\\"address_line_1\\\":\\\"17115 Bolinger Canyon Road\\\",\\\"admin_area_2\\\":\\\"CA\\\",\\\"postal_code\\\":\\\"94582\\\",\\\"country_code\\\":\\\"US\\\"},\\\"name\\\":{\\\"given_name\\\":\\\"al\\\",\\\"surname\\\":\\\"doherty\\\"}},\\\"purchase_units\\\":[{\\\"reference_id\\\":\\\"default\\\",\\\"custom_id\\\":\\\"PO6EF3F8C77\\\",\\\"invoice_id\\\":\\\"PO6EF3F8C77\\\",\\\"soft_descriptor\\\":\\\"PAYPAL *CALIFORNIA\\\",\\\"amount\\\":{\\\"value\\\":\\\"100.00\\\",\\\"currency_code\\\":\\\"USD\\\"},\\\"payee\\\":{\\\"email_address\\\":\\\"taye.doherty@wpurcell.com\\\",\\\"merchant_id\\\":\\\"UN6YGUGZXXWWN\\\"},\\\"payments\\\":{\\\"captures\\\":[{\\\"status\\\":\\\"COMPLETED\\\",\\\"id\\\":\\\"0V957195AA0999117\\\",\\\"invoice_id\\\":\\\"PO6EF3F8C77\\\",\\\"final_capture\\\":true,\\\"create_time\\\":\\\"2021-03-08T06:17:02Z\\\",\\\"update_time\\\":\\\"2021-03-08T06:17:02Z\\\",\\\"amount\\\":{\\\"value\\\":\\\"100.00\\\",\\\"currency_code\\\":\\\"USD\\\"},\\\"seller_protection\\\":{\\\"status\\\":\\\"ELIGIBLE\\\",\\\"dispute_categories\\\":[\\\"ITEM_NOT_RECEIVED\\\",\\\"UNAUTHORIZED_TRANSACTION\\\"]},\\\"links\\\":[{\\\"href\\\":\\\"https://api.paypal.com/v2/payments/captures/0V957195AA0999117\\\",\\\"rel\\\":\\\"self\\\",\\\"method\\\":\\\"GET\\\",\\\"title\\\":\\\"GET\\\"},{\\\"href\\\":\\\"https://api.paypal.com/v2/payments/captures/0V957195AA0999117/refund\\\",\\\"rel\\\":\\\"refund\\\",\\\"method\\\":\\\"POST\\\",\\\"title\\\":\\\"POST\\\"},{\\\"href\\\":\\\"https://api.paypal.com/v2/checkout/orders/69W22051DY0110813\\\",\\\"rel\\\":\\\"up\\\",\\\"method\\\":\\\"GET\\\",\\\"title\\\":\\\"GET\\\"}]}]}}],\\\"links\\\":[{\\\"href\\\":\\\"https://api.paypal.com/v2/checkout/orders/69W22051DY0110813\\\",\\\"rel\\\":\\\"self\\\",\\\"method\\\":\\\"GET\\\",\\\"title\\\":\\\"GET\\\"}]}\"',NULL,'{\"id\": \"69W22051DY0110813\", \"intent\": \"CAPTURE\", \"status\": \"COMPLETED\", \"purchase_units\": [{\"reference_id\": \"default\", \"amount\": {\"currency_code\": \"USD\", \"value\": \"100.00\"}, \"payee\": {\"email_address\": \"taye.doherty@wpurcell.com\", \"merchant_id\": \"UN6YGUGZXXWWN\", \"display_data\": {\"brand_name\": \"SS FOSI Donation\"}}, \"custom_id\": \"PO6EF3F8C77\", \"invoice_id\": \"PO6EF3F8C77\", \"soft_descriptor\": \"PAYPAL *CALIFORNIA\", \"payments\": {\"captures\": [{\"id\": \"0V957195AA0999117\", \"status\": \"COMPLETED\", \"amount\": {\"currency_code\": \"USD\", \"value\": \"100.00\"}, \"final_capture\": true, \"seller_protection\": {\"status\": \"ELIGIBLE\", \"dispute_categories\": [\"ITEM_NOT_RECEIVED\", \"UNAUTHORIZED_TRANSACTION\"]}, \"seller_receivable_breakdown\": {\"gross_amount\": {\"currency_code\": \"USD\", \"value\": \"100.00\"}, \"paypal_fee\": {\"currency_code\": \"USD\", \"value\": \"3.20\"}, \"net_amount\": {\"currency_code\": \"USD\", \"value\": \"96.80\"}}, \"invoice_id\": \"PO6EF3F8C77\", \"custom_id\": \"PO6EF3F8C77\", \"links\": [{\"href\": \"https://api.paypal.com/v2/payments/captures/0V957195AA0999117\", \"rel\": \"self\", \"method\": \"GET\"}, {\"href\": \"https://api.paypal.com/v2/payments/captures/0V957195AA0999117/refund\", \"rel\": \"refund\", \"method\": \"POST\"}, {\"href\": \"https://api.paypal.com/v2/checkout/orders/69W22051DY0110813\", \"rel\": \"up\", \"method\": \"GET\"}], \"create_time\": \"2021-03-08T06:17:02Z\", \"update_time\": \"2021-03-08T06:17:02Z\"}]}}], \"payer\": {\"name\": {\"given_name\": \"al\", \"surname\": \"doherty\"}, \"email_address\": \"taye.doherty@gmail.com\", \"payer_id\": \"3L6ANCLBL27ES\", \"address\": {\"address_line_1\": \"17115 Bolinger Canyon Road\", \"admin_area_2\": \"CA\", \"postal_code\": \"94582\", \"country_code\": \"US\"}}, \"create_time\": \"2021-03-08T06:15:48Z\", \"update_time\": \"2021-03-08T06:17:02Z\", \"links\": [{\"href\": \"https://api.paypal.com/v2/checkout/orders/69W22051DY0110813\", \"rel\": \"self\", \"method\": \"GET\"}]}',1,0,'paypal'),(222,'PO61AAC3F69','USD',500.00,'1',NULL,'2021-03-09 10:17:10.453644','2021-03-09 10:19:41.000000',80,18,'\"{\\\"create_time\\\":\\\"2021-03-09T10:17:10Z\\\",\\\"update_time\\\":\\\"2021-03-09T10:18:49Z\\\",\\\"id\\\":\\\"8TJ40263G9372463P\\\",\\\"intent\\\":\\\"CAPTURE\\\",\\\"status\\\":\\\"COMPLETED\\\",\\\"payer\\\":{\\\"email_address\\\":\\\"deejaykool20@yahoo.com\\\",\\\"payer_id\\\":\\\"9Q3M6BV6J8SJG\\\",\\\"address\\\":{\\\"address_line_1\\\":\\\"2645 Lake Point Dr\\\",\\\"admin_area_2\\\":\\\"Texas\\\",\\\"postal_code\\\":\\\"75050\\\",\\\"country_code\\\":\\\"US\\\"},\\\"name\\\":{\\\"given_name\\\":\\\"Ayodeji\\\",\\\"surname\\\":\\\"Olawunmi\\\"}},\\\"purchase_units\\\":[{\\\"reference_id\\\":\\\"default\\\",\\\"custom_id\\\":\\\"PO61AAC3F69\\\",\\\"invoice_id\\\":\\\"PO61AAC3F69\\\",\\\"soft_descriptor\\\":\\\"PAYPAL *CALIFORNIA\\\",\\\"amount\\\":{\\\"value\\\":\\\"500.00\\\",\\\"currency_code\\\":\\\"USD\\\"},\\\"payee\\\":{\\\"email_address\\\":\\\"taye.doherty@wpurcell.com\\\",\\\"merchant_id\\\":\\\"UN6YGUGZXXWWN\\\"},\\\"payments\\\":{\\\"captures\\\":[{\\\"status\\\":\\\"COMPLETED\\\",\\\"id\\\":\\\"4C594093CR610354C\\\",\\\"invoice_id\\\":\\\"PO61AAC3F69\\\",\\\"final_capture\\\":true,\\\"create_time\\\":\\\"2021-03-09T10:18:49Z\\\",\\\"update_time\\\":\\\"2021-03-09T10:18:49Z\\\",\\\"amount\\\":{\\\"value\\\":\\\"500.00\\\",\\\"currency_code\\\":\\\"USD\\\"},\\\"seller_protection\\\":{\\\"status\\\":\\\"ELIGIBLE\\\",\\\"dispute_categories\\\":[\\\"ITEM_NOT_RECEIVED\\\",\\\"UNAUTHORIZED_TRANSACTION\\\"]},\\\"links\\\":[{\\\"href\\\":\\\"https://api.paypal.com/v2/payments/captures/4C594093CR610354C\\\",\\\"rel\\\":\\\"self\\\",\\\"method\\\":\\\"GET\\\",\\\"title\\\":\\\"GET\\\"},{\\\"href\\\":\\\"https://api.paypal.com/v2/payments/captures/4C594093CR610354C/refund\\\",\\\"rel\\\":\\\"refund\\\",\\\"method\\\":\\\"POST\\\",\\\"title\\\":\\\"POST\\\"},{\\\"href\\\":\\\"https://api.paypal.com/v2/checkout/orders/8TJ40263G9372463P\\\",\\\"rel\\\":\\\"up\\\",\\\"method\\\":\\\"GET\\\",\\\"title\\\":\\\"GET\\\"}]}]}}],\\\"links\\\":[{\\\"href\\\":\\\"https://api.paypal.com/v2/checkout/orders/8TJ40263G9372463P\\\",\\\"rel\\\":\\\"self\\\",\\\"method\\\":\\\"GET\\\",\\\"title\\\":\\\"GET\\\"}]}\"',NULL,'{\"id\": \"8TJ40263G9372463P\", \"intent\": \"CAPTURE\", \"status\": \"COMPLETED\", \"purchase_units\": [{\"reference_id\": \"default\", \"amount\": {\"currency_code\": \"USD\", \"value\": \"500.00\"}, \"payee\": {\"email_address\": \"taye.doherty@wpurcell.com\", \"merchant_id\": \"UN6YGUGZXXWWN\", \"display_data\": {\"brand_name\": \"SS FOSI Donation\"}}, \"custom_id\": \"PO61AAC3F69\", \"invoice_id\": \"PO61AAC3F69\", \"soft_descriptor\": \"PAYPAL *CALIFORNIA\", \"payments\": {\"captures\": [{\"id\": \"4C594093CR610354C\", \"status\": \"COMPLETED\", \"amount\": {\"currency_code\": \"USD\", \"value\": \"500.00\"}, \"final_capture\": true, \"seller_protection\": {\"status\": \"ELIGIBLE\", \"dispute_categories\": [\"ITEM_NOT_RECEIVED\", \"UNAUTHORIZED_TRANSACTION\"]}, \"seller_receivable_breakdown\": {\"gross_amount\": {\"currency_code\": \"USD\", \"value\": \"500.00\"}, \"paypal_fee\": {\"currency_code\": \"USD\", \"value\": \"14.80\"}, \"net_amount\": {\"currency_code\": \"USD\", \"value\": \"485.20\"}}, \"invoice_id\": \"PO61AAC3F69\", \"custom_id\": \"PO61AAC3F69\", \"links\": [{\"href\": \"https://api.paypal.com/v2/payments/captures/4C594093CR610354C\", \"rel\": \"self\", \"method\": \"GET\"}, {\"href\": \"https://api.paypal.com/v2/payments/captures/4C594093CR610354C/refund\", \"rel\": \"refund\", \"method\": \"POST\"}, {\"href\": \"https://api.paypal.com/v2/checkout/orders/8TJ40263G9372463P\", \"rel\": \"up\", \"method\": \"GET\"}], \"create_time\": \"2021-03-09T10:18:49Z\", \"update_time\": \"2021-03-09T10:18:49Z\"}]}}], \"payer\": {\"name\": {\"given_name\": \"Ayodeji\", \"surname\": \"Olawunmi\"}, \"email_address\": \"deejaykool20@yahoo.com\", \"payer_id\": \"9Q3M6BV6J8SJG\", \"address\": {\"address_line_1\": \"2645 Lake Point Dr\", \"admin_area_2\": \"Texas\", \"postal_code\": \"75050\", \"country_code\": \"US\"}}, \"create_time\": \"2021-03-09T10:17:10Z\", \"update_time\": \"2021-03-09T10:18:49Z\", \"links\": [{\"href\": \"https://api.paypal.com/v2/checkout/orders/8TJ40263G9372463P\", \"rel\": \"self\", \"method\": \"GET\"}]}',1,0,'paypal'),(223,'PO634B078FA','USD',2000.00,'1',NULL,'2021-03-10 21:45:09.928872','2021-03-10 21:46:25.790033',1,17,'\"{\\\"reference\\\":\\\"PO634B078FA\\\",\\\"trans\\\":\\\"1034215220\\\",\\\"status\\\":\\\"success\\\",\\\"message\\\":\\\"Approved\\\",\\\"transaction\\\":\\\"1034215220\\\",\\\"trxref\\\":\\\"PO634B078FA\\\"}\"',NULL,'{\"id\": 1034215220, \"domain\": \"live\", \"status\": \"success\", \"reference\": \"PO634B078FA\", \"amount\": 200000, \"message\": \"\", \"gateway_response\": \"Approved\", \"paid_at\": \"2021-03-10T21:46:23.000Z\", \"created_at\": \"2021-03-10T21:45:12.000Z\", \"channel\": \"card\", \"currency\": \"USD\", \"ip_address\": \"89.35.197.228\", \"metadata\": {\"referrer\": \"https://app.ssfosi.com/donate\"}, \"log\": {\"start_time\": 1615412712, \"time_spent\": 73, \"attempts\": 1, \"authentication\": \"3DS\", \"errors\": 0, \"success\": true, \"mobile\": false, \"input\": [], \"history\": [{\"type\": \"input\", \"message\": \"Filled this field: card number\", \"time\": 3}, {\"type\": \"input\", \"message\": \"Filled this field: card expiry\", \"time\": 7}, {\"type\": \"input\", \"message\": \"Filled this field: card cvv\", \"time\": 10}, {\"type\": \"action\", \"message\": \"Attempted to pay with card\", \"time\": 11}, {\"type\": \"auth\", \"message\": \"Authentication Required: 3DS\", \"time\": 11}, {\"type\": \"action\", \"message\": \"Third-party authentication window opened\", \"time\": 13}, {\"type\": \"success\", \"message\": \"Successfully paid with card\", \"time\": 72}, {\"type\": \"action\", \"message\": \"Third-party authentication window closed\", \"time\": 73}]}, \"fees\": 7800, \"fees_split\": null, \"authorization\": {\"authorization_code\": \"AUTH_jz5h9ti9oj\", \"bin\": \"425907\", \"last4\": \"5815\", \"exp_month\": \"08\", \"exp_year\": \"2024\", \"channel\": \"card\", \"card_type\": \"visa DEBIT\", \"bank\": \"WELLSFARGO\", \"country_code\": \"US\", \"brand\": \"visa\", \"reusable\": true, \"signature\": \"SIG_spUzD6hJbbIzLjg4tMlZ\", \"account_name\": null, \"receiver_bank_account_number\": null, \"receiver_bank\": null}, \"customer\": {\"id\": 35871226, \"first_name\": \"Taye\", \"last_name\": \"\", \"email\": \"projectfosrar@gmail.com\", \"customer_code\": \"CUS_3thcxbqm53ozfle\", \"phone\": \"\", \"metadata\": null, \"risk_action\": \"default\", \"international_format_phone\": null}, \"plan\": null, \"split\": {}, \"order_id\": null, \"paidAt\": \"2021-03-10T21:46:23.000Z\", \"createdAt\": \"2021-03-10T21:45:12.000Z\", \"requested_amount\": 200000, \"pos_transaction_data\": null, \"transaction_date\": \"2021-03-10T21:45:12.000Z\", \"plan_object\": {}, \"subaccount\": {}}',1,0,'paystack'),(224,'PO505C68598','USD',50.00,'1',NULL,'2021-03-12 19:23:51.084273','2021-03-12 19:24:51.000000',81,18,'\"{\\\"id\\\":\\\"1G3030562M645261C\\\",\\\"intent\\\":\\\"CAPTURE\\\",\\\"status\\\":\\\"COMPLETED\\\",\\\"purchase_units\\\":[{\\\"reference_id\\\":\\\"default\\\",\\\"amount\\\":{\\\"currency_code\\\":\\\"USD\\\",\\\"value\\\":\\\"50.00\\\"},\\\"payee\\\":{\\\"email_address\\\":\\\"taye.doherty@wpurcell.com\\\",\\\"merchant_id\\\":\\\"UN6YGUGZXXWWN\\\"},\\\"custom_id\\\":\\\"PO505C68598\\\",\\\"invoice_id\\\":\\\"PO505C68598\\\",\\\"soft_descriptor\\\":\\\"PAYPAL *CALIFORNIA\\\",\\\"payments\\\":{\\\"captures\\\":[{\\\"id\\\":\\\"9GM173791B894613P\\\",\\\"status\\\":\\\"COMPLETED\\\",\\\"amount\\\":{\\\"currency_code\\\":\\\"USD\\\",\\\"value\\\":\\\"50.00\\\"},\\\"final_capture\\\":true,\\\"seller_protection\\\":{\\\"status\\\":\\\"ELIGIBLE\\\",\\\"dispute_categories\\\":[\\\"ITEM_NOT_RECEIVED\\\",\\\"UNAUTHORIZED_TRANSACTION\\\"]},\\\"invoice_id\\\":\\\"PO505C68598\\\",\\\"create_time\\\":\\\"2021-03-12T19:24:49Z\\\",\\\"update_time\\\":\\\"2021-03-12T19:24:49Z\\\"}]}}],\\\"payer\\\":{\\\"name\\\":{\\\"given_name\\\":\\\"Ebun\\\",\\\"surname\\\":\\\"Kadeba\\\"},\\\"email_address\\\":\\\"ebunkadeba@gmail.com\\\",\\\"payer_id\\\":\\\"W82WFWC34PU7C\\\",\\\"address\\\":{\\\"country_code\\\":\\\"GB\\\"}},\\\"create_time\\\":\\\"2021-03-12T19:23:51Z\\\",\\\"update_time\\\":\\\"2021-03-12T19:24:49Z\\\",\\\"links\\\":[{\\\"href\\\":\\\"https://api.paypal.com/v2/checkout/orders/1G3030562M645261C\\\",\\\"rel\\\":\\\"self\\\",\\\"method\\\":\\\"GET\\\"}]}\"',NULL,'{\"id\": \"1G3030562M645261C\", \"intent\": \"CAPTURE\", \"status\": \"COMPLETED\", \"purchase_units\": [{\"reference_id\": \"default\", \"amount\": {\"currency_code\": \"USD\", \"value\": \"50.00\"}, \"payee\": {\"email_address\": \"taye.doherty@wpurcell.com\", \"merchant_id\": \"UN6YGUGZXXWWN\", \"display_data\": {\"brand_name\": \"SS FOSI Donation\"}}, \"custom_id\": \"PO505C68598\", \"invoice_id\": \"PO505C68598\", \"soft_descriptor\": \"PAYPAL *CALIFORNIA\", \"payments\": {\"captures\": [{\"id\": \"9GM173791B894613P\", \"status\": \"COMPLETED\", \"amount\": {\"currency_code\": \"USD\", \"value\": \"50.00\"}, \"final_capture\": true, \"seller_protection\": {\"status\": \"ELIGIBLE\", \"dispute_categories\": [\"ITEM_NOT_RECEIVED\", \"UNAUTHORIZED_TRANSACTION\"]}, \"seller_receivable_breakdown\": {\"gross_amount\": {\"currency_code\": \"USD\", \"value\": \"50.00\"}, \"paypal_fee\": {\"currency_code\": \"USD\", \"value\": \"2.50\"}, \"net_amount\": {\"currency_code\": \"USD\", \"value\": \"47.50\"}}, \"invoice_id\": \"PO505C68598\", \"custom_id\": \"PO505C68598\", \"links\": [{\"href\": \"https://api.paypal.com/v2/payments/captures/9GM173791B894613P\", \"rel\": \"self\", \"method\": \"GET\"}, {\"href\": \"https://api.paypal.com/v2/payments/captures/9GM173791B894613P/refund\", \"rel\": \"refund\", \"method\": \"POST\"}, {\"href\": \"https://api.paypal.com/v2/checkout/orders/1G3030562M645261C\", \"rel\": \"up\", \"method\": \"GET\"}], \"create_time\": \"2021-03-12T19:24:49Z\", \"update_time\": \"2021-03-12T19:24:49Z\"}]}}], \"payer\": {\"name\": {\"given_name\": \"Ebun\", \"surname\": \"Kadeba\"}, \"email_address\": \"ebunkadeba@gmail.com\", \"payer_id\": \"W82WFWC34PU7C\", \"address\": {\"country_code\": \"GB\"}}, \"create_time\": \"2021-03-12T19:23:51Z\", \"update_time\": \"2021-03-12T19:24:49Z\", \"links\": [{\"href\": \"https://api.paypal.com/v2/checkout/orders/1G3030562M645261C\", \"rel\": \"self\", \"method\": \"GET\"}]}',1,0,'paypal'),(225,'PO607392489','USD',2000.00,'1',NULL,'2021-03-12 22:20:30.358797','2021-03-12 22:21:28.501704',1,17,'\"{\\\"reference\\\":\\\"PO607392489\\\",\\\"trans\\\":\\\"1036933024\\\",\\\"status\\\":\\\"success\\\",\\\"message\\\":\\\"Approved\\\",\\\"transaction\\\":\\\"1036933024\\\",\\\"trxref\\\":\\\"PO607392489\\\"}\"',NULL,'{\"id\": 1036933024, \"domain\": \"live\", \"status\": \"success\", \"reference\": \"PO607392489\", \"amount\": 200000, \"message\": \"\", \"gateway_response\": \"Approved\", \"paid_at\": \"2021-03-12T22:21:26.000Z\", \"created_at\": \"2021-03-12T22:20:32.000Z\", \"channel\": \"card\", \"currency\": \"USD\", \"ip_address\": \"89.35.197.228\", \"metadata\": {\"referrer\": \"https://app.ssfosi.com/donate\"}, \"log\": {\"start_time\": 1615587632, \"time_spent\": 55, \"attempts\": 1, \"authentication\": \"3DS\", \"errors\": 0, \"success\": true, \"mobile\": false, \"input\": [], \"history\": [{\"type\": \"input\", \"message\": \"Filled this field: card number\", \"time\": 2}, {\"type\": \"input\", \"message\": \"Filled this field: card expiry\", \"time\": 15}, {\"type\": \"input\", \"message\": \"Filled this field: card cvv\", \"time\": 18}, {\"type\": \"action\", \"message\": \"Attempted to pay with card\", \"time\": 18}, {\"type\": \"auth\", \"message\": \"Authentication Required: 3DS\", \"time\": 19}, {\"type\": \"action\", \"message\": \"Third-party authentication window opened\", \"time\": 20}, {\"type\": \"success\", \"message\": \"Successfully paid with card\", \"time\": 55}, {\"type\": \"action\", \"message\": \"Third-party authentication window closed\", \"time\": 55}]}, \"fees\": 7800, \"fees_split\": null, \"authorization\": {\"authorization_code\": \"AUTH_w0ez7uybk3\", \"bin\": \"425907\", \"last4\": \"5815\", \"exp_month\": \"08\", \"exp_year\": \"2024\", \"channel\": \"card\", \"card_type\": \"visa DEBIT\", \"bank\": \"WELLSFARGO\", \"country_code\": \"US\", \"brand\": \"visa\", \"reusable\": true, \"signature\": \"SIG_spUzD6hJbbIzLjg4tMlZ\", \"account_name\": null, \"receiver_bank_account_number\": null, \"receiver_bank\": null}, \"customer\": {\"id\": 35871226, \"first_name\": \"Taye\", \"last_name\": \"\", \"email\": \"projectfosrar@gmail.com\", \"customer_code\": \"CUS_3thcxbqm53ozfle\", \"phone\": \"\", \"metadata\": null, \"risk_action\": \"default\", \"international_format_phone\": null}, \"plan\": null, \"split\": {}, \"order_id\": null, \"paidAt\": \"2021-03-12T22:21:26.000Z\", \"createdAt\": \"2021-03-12T22:20:32.000Z\", \"requested_amount\": 200000, \"pos_transaction_data\": null, \"transaction_date\": \"2021-03-12T22:20:32.000Z\", \"plan_object\": {}, \"subaccount\": {}}',1,0,'paystack'),(226,'PM136F1C963','USD',1.00,'1',NULL,'2021-03-20 23:00:04.170955','2021-03-20 23:00:04.301138',1,8,NULL,1,'{\"id\": 1048406636, \"domain\": \"live\", \"status\": \"success\", \"reference\": \"PM136F1C963\", \"amount\": 1, \"message\": null, \"gateway_response\": \"Approved\", \"paid_at\": \"2021-03-20T23:00:03.000Z\", \"created_at\": \"2021-03-20T23:00:01.000Z\", \"channel\": \"card\", \"currency\": \"USD\", \"ip_address\": null, \"metadata\": \"\", \"log\": null, \"fees\": 1, \"fees_split\": null, \"authorization\": {\"authorization_code\": \"AUTH_unvel46210\", \"bin\": \"425907\", \"last4\": \"5815\", \"exp_month\": \"08\", \"exp_year\": \"2024\", \"channel\": \"card\", \"card_type\": \"visa DEBIT\", \"bank\": \"WELLSFARGO\", \"country_code\": \"US\", \"brand\": \"visa\", \"reusable\": true, \"signature\": \"SIG_spUzD6hJbbIzLjg4tMlZ\", \"account_name\": null}, \"customer\": {\"id\": 35871226, \"first_name\": \"Taye\", \"last_name\": \"\", \"email\": \"projectfosrar@gmail.com\", \"customer_code\": \"CUS_3thcxbqm53ozfle\", \"phone\": \"\", \"metadata\": null, \"risk_action\": \"default\", \"international_format_phone\": null}, \"plan\": null, \"split\": {}, \"order_id\": null, \"paidAt\": \"2021-03-20T23:00:03.000Z\", \"createdAt\": \"2021-03-20T23:00:01.000Z\", \"requested_amount\": 1, \"pos_transaction_data\": null, \"transaction_date\": \"2021-03-20T23:00:01.000Z\", \"plan_object\": {}, \"subaccount\": {}}',1,0,'paystack'),(227,'PO8A667662C','USD',500.00,'6',NULL,'2021-03-21 19:13:50.526806',NULL,82,9,'{}',NULL,'{}',1,0,'paypal'),(228,'PODCE899E51','USD',500.00,'6',NULL,'2021-03-21 19:14:17.014791',NULL,82,9,'{}',NULL,'{}',1,0,'paypal'),(229,'POB4824CE66','USD',500.00,'6',NULL,'2021-03-21 19:32:09.745790',NULL,83,9,'{}',NULL,'{}',1,0,'paypal'),(230,'POB2ECF27AC','USD',500.00,'6',NULL,'2021-03-21 19:34:52.917338',NULL,83,9,'{}',NULL,'{}',1,0,'paypal'),(231,'PO485BF960B','USD',500.00,'6',NULL,'2021-03-21 19:34:57.128412',NULL,83,9,'{}',NULL,'{}',1,0,'paypal'),(232,'PO1E3A321F4','USD',500.00,'6',NULL,'2021-03-21 19:35:00.853870',NULL,83,9,'{}',NULL,'{}',1,0,'paypal'),(233,'PO6B638D279','USD',500.00,'6',NULL,'2021-03-21 19:35:50.529867',NULL,83,9,'{}',NULL,'{}',1,0,'paypal'),(234,'PO5A810DF86','USD',500.00,'3',NULL,'2021-03-21 19:45:21.313187','2021-03-21 19:51:00.793880',83,9,NULL,NULL,'{\"id\": 1049707529, \"domain\": \"live\", \"status\": \"failed\", \"reference\": \"PO5A810DF86\", \"amount\": 50000, \"message\": \"\", \"gateway_response\": \"Do not honour\", \"paid_at\": null, \"created_at\": \"2021-03-21T19:45:28.000Z\", \"channel\": \"card\", \"currency\": \"USD\", \"ip_address\": \"154.68.5.105\", \"metadata\": {\"referrer\": \"https://app.ssfosi.com/donate\"}, \"log\": {\"start_time\": 1616355927, \"time_spent\": 125, \"attempts\": 1, \"authentication\": \"3DS\", \"errors\": 1, \"success\": false, \"mobile\": false, \"input\": [], \"history\": [{\"type\": \"input\", \"message\": \"Filled this field: card number\", \"time\": 52}, {\"type\": \"input\", \"message\": \"Filled this field: card expiry\", \"time\": 70}, {\"type\": \"input\", \"message\": \"Filled this field: card cvv\", \"time\": 85}, {\"type\": \"action\", \"message\": \"Attempted to pay with card\", \"time\": 85}, {\"type\": \"auth\", \"message\": \"Authentication Required: 3DS\", \"time\": 87}, {\"type\": \"action\", \"message\": \"Third-party authentication window opened\", \"time\": 105}, {\"type\": \"error\", \"message\": \"Error: Do not honour\", \"time\": 124}, {\"type\": \"action\", \"message\": \"Third-party authentication window closed\", \"time\": 125}]}, \"fees\": null, \"fees_split\": null, \"authorization\": {\"authorization_code\": \"AUTH_951248euel\", \"bin\": \"531672\", \"last4\": \"6835\", \"exp_month\": \"09\", \"exp_year\": \"2023\", \"channel\": \"card\", \"card_type\": \"mastercard DEBIT\", \"bank\": \"OJSC COMMERCIAL BANK\", \"country_code\": \"RU\", \"brand\": \"mastercard\", \"reusable\": true, \"signature\": \"SIG_4P5TTIn4n1PEGaYM1VBR\", \"account_name\": null, \"receiver_bank_account_number\": null, \"receiver_bank\": null}, \"customer\": {\"id\": 41647392, \"first_name\": \"Akinwumi\", \"last_name\": \"\", \"email\": \"gradesina@yahoo.com\", \"customer_code\": \"CUS_z4x3nt5ajvy3imt\", \"phone\": \"\", \"metadata\": null, \"risk_action\": \"default\", \"international_format_phone\": null}, \"plan\": null, \"split\": {}, \"order_id\": null, \"paidAt\": null, \"createdAt\": \"2021-03-21T19:45:28.000Z\", \"requested_amount\": 50000, \"pos_transaction_data\": null, \"transaction_date\": \"2021-03-21T19:45:28.000Z\", \"plan_object\": {}, \"subaccount\": {}}',1,0,'paystack'),(235,'POAAD9F032F','USD',100.00,'1',NULL,'2021-03-22 00:01:08.812300','2021-03-22 00:02:22.000000',84,18,'\"{\\\"create_time\\\":\\\"2021-03-22T00:01:09Z\\\",\\\"update_time\\\":\\\"2021-03-22T00:01:36Z\\\",\\\"id\\\":\\\"7TA60653UR659025W\\\",\\\"intent\\\":\\\"CAPTURE\\\",\\\"status\\\":\\\"COMPLETED\\\",\\\"payer\\\":{\\\"email_address\\\":\\\"okamson@gmail.com\\\",\\\"payer_id\\\":\\\"4YJP4MTED5YJW\\\",\\\"address\\\":{\\\"address_line_1\\\":\\\"6m dennison drive\\\",\\\"admin_area_2\\\":\\\"east windsor\\\",\\\"postal_code\\\":\\\"08520\\\",\\\"country_code\\\":\\\"US\\\"},\\\"name\\\":{\\\"given_name\\\":\\\"Olatunji\\\",\\\"surname\\\":\\\"Kamson\\\"}},\\\"purchase_units\\\":[{\\\"reference_id\\\":\\\"default\\\",\\\"custom_id\\\":\\\"POAAD9F032F\\\",\\\"invoice_id\\\":\\\"POAAD9F032F\\\",\\\"soft_descriptor\\\":\\\"CALIFORNIA\\\",\\\"amount\\\":{\\\"value\\\":\\\"100.00\\\",\\\"currency_code\\\":\\\"USD\\\"},\\\"payee\\\":{\\\"email_address\\\":\\\"taye.doherty@wpurcell.com\\\",\\\"merchant_id\\\":\\\"UN6YGUGZXXWWN\\\"},\\\"payments\\\":{\\\"captures\\\":[{\\\"status\\\":\\\"COMPLETED\\\",\\\"id\\\":\\\"4FA32552RT4230334\\\",\\\"invoice_id\\\":\\\"POAAD9F032F\\\",\\\"final_capture\\\":true,\\\"create_time\\\":\\\"2021-03-22T00:01:36Z\\\",\\\"update_time\\\":\\\"2021-03-22T00:01:36Z\\\",\\\"amount\\\":{\\\"value\\\":\\\"100.00\\\",\\\"currency_code\\\":\\\"USD\\\"},\\\"seller_protection\\\":{\\\"status\\\":\\\"ELIGIBLE\\\",\\\"dispute_categories\\\":[\\\"ITEM_NOT_RECEIVED\\\",\\\"UNAUTHORIZED_TRANSACTION\\\"]},\\\"links\\\":[{\\\"href\\\":\\\"https://api.paypal.com/v2/payments/captures/4FA32552RT4230334\\\",\\\"rel\\\":\\\"self\\\",\\\"method\\\":\\\"GET\\\",\\\"title\\\":\\\"GET\\\"},{\\\"href\\\":\\\"https://api.paypal.com/v2/payments/captures/4FA32552RT4230334/refund\\\",\\\"rel\\\":\\\"refund\\\",\\\"method\\\":\\\"POST\\\",\\\"title\\\":\\\"POST\\\"},{\\\"href\\\":\\\"https://api.paypal.com/v2/checkout/orders/7TA60653UR659025W\\\",\\\"rel\\\":\\\"up\\\",\\\"method\\\":\\\"GET\\\",\\\"title\\\":\\\"GET\\\"}]}]}}],\\\"links\\\":[{\\\"href\\\":\\\"https://api.paypal.com/v2/checkout/orders/7TA60653UR659025W\\\",\\\"rel\\\":\\\"self\\\",\\\"method\\\":\\\"GET\\\",\\\"title\\\":\\\"GET\\\"}]}\"',NULL,'{\"id\": \"7TA60653UR659025W\", \"intent\": \"CAPTURE\", \"status\": \"COMPLETED\", \"purchase_units\": [{\"reference_id\": \"default\", \"amount\": {\"currency_code\": \"USD\", \"value\": \"100.00\"}, \"payee\": {\"email_address\": \"taye.doherty@wpurcell.com\", \"merchant_id\": \"UN6YGUGZXXWWN\", \"display_data\": {\"brand_name\": \"SS FOSI Donation\"}}, \"custom_id\": \"POAAD9F032F\", \"invoice_id\": \"POAAD9F032F\", \"soft_descriptor\": \"CALIFORNIA\", \"payments\": {\"captures\": [{\"id\": \"4FA32552RT4230334\", \"status\": \"COMPLETED\", \"amount\": {\"currency_code\": \"USD\", \"value\": \"100.00\"}, \"final_capture\": true, \"seller_protection\": {\"status\": \"ELIGIBLE\", \"dispute_categories\": [\"ITEM_NOT_RECEIVED\", \"UNAUTHORIZED_TRANSACTION\"]}, \"seller_receivable_breakdown\": {\"gross_amount\": {\"currency_code\": \"USD\", \"value\": \"100.00\"}, \"paypal_fee\": {\"currency_code\": \"USD\", \"value\": \"3.20\"}, \"net_amount\": {\"currency_code\": \"USD\", \"value\": \"96.80\"}}, \"invoice_id\": \"POAAD9F032F\", \"custom_id\": \"POAAD9F032F\", \"links\": [{\"href\": \"https://api.paypal.com/v2/payments/captures/4FA32552RT4230334\", \"rel\": \"self\", \"method\": \"GET\"}, {\"href\": \"https://api.paypal.com/v2/payments/captures/4FA32552RT4230334/refund\", \"rel\": \"refund\", \"method\": \"POST\"}, {\"href\": \"https://api.paypal.com/v2/checkout/orders/7TA60653UR659025W\", \"rel\": \"up\", \"method\": \"GET\"}], \"create_time\": \"2021-03-22T00:01:36Z\", \"update_time\": \"2021-03-22T00:01:36Z\"}]}}], \"payer\": {\"name\": {\"given_name\": \"Olatunji\", \"surname\": \"Kamson\"}, \"email_address\": \"okamson@gmail.com\", \"payer_id\": \"4YJP4MTED5YJW\", \"address\": {\"address_line_1\": \"6m dennison drive\", \"admin_area_2\": \"east windsor\", \"postal_code\": \"08520\", \"country_code\": \"US\"}}, \"create_time\": \"2021-03-22T00:01:09Z\", \"update_time\": \"2021-03-22T00:01:36Z\", \"links\": [{\"href\": \"https://api.paypal.com/v2/checkout/orders/7TA60653UR659025W\", \"rel\": \"self\", \"method\": \"GET\"}]}',1,0,'paypal'),(236,'POF8971747D','USD',250.00,'3',NULL,'2021-03-22 09:37:39.556368','2021-03-22 09:41:01.054290',83,9,NULL,NULL,'{\"id\": 1050313990, \"domain\": \"live\", \"status\": \"failed\", \"reference\": \"POF8971747D\", \"amount\": 25000, \"message\": \"\", \"gateway_response\": \"Do not honour\", \"paid_at\": null, \"created_at\": \"2021-03-22T09:37:41.000Z\", \"channel\": \"card\", \"currency\": \"USD\", \"ip_address\": \"160.154.200.200\", \"metadata\": {\"referrer\": \"https://app.ssfosi.com/donate\"}, \"log\": {\"start_time\": 1616405859, \"time_spent\": 87, \"attempts\": 1, \"authentication\": \"3DS\", \"errors\": 1, \"success\": false, \"mobile\": false, \"input\": [], \"history\": [{\"type\": \"input\", \"message\": \"Filled this field: card number\", \"time\": 41}, {\"type\": \"input\", \"message\": \"Filled this field: card expiry\", \"time\": 48}, {\"type\": \"input\", \"message\": \"Filled this field: card cvv\", \"time\": 63}, {\"type\": \"action\", \"message\": \"Attempted to pay with card\", \"time\": 63}, {\"type\": \"auth\", \"message\": \"Authentication Required: 3DS\", \"time\": 65}, {\"type\": \"action\", \"message\": \"Third-party authentication window opened\", \"time\": 68}, {\"type\": \"error\", \"message\": \"Error: Do not honour\", \"time\": 86}, {\"type\": \"action\", \"message\": \"Third-party authentication window closed\", \"time\": 87}]}, \"fees\": null, \"fees_split\": null, \"authorization\": {\"authorization_code\": \"AUTH_avoldlgbf0\", \"bin\": \"531672\", \"last4\": \"6835\", \"exp_month\": \"09\", \"exp_year\": \"2023\", \"channel\": \"card\", \"card_type\": \"mastercard DEBIT\", \"bank\": \"OJSC COMMERCIAL BANK\", \"country_code\": \"RU\", \"brand\": \"mastercard\", \"reusable\": true, \"signature\": \"SIG_4P5TTIn4n1PEGaYM1VBR\", \"account_name\": null, \"receiver_bank_account_number\": null, \"receiver_bank\": null}, \"customer\": {\"id\": 41647392, \"first_name\": \"Akinwumi\", \"last_name\": \"\", \"email\": \"gradesina@yahoo.com\", \"customer_code\": \"CUS_z4x3nt5ajvy3imt\", \"phone\": \"\", \"metadata\": null, \"risk_action\": \"default\", \"international_format_phone\": null}, \"plan\": null, \"split\": {}, \"order_id\": null, \"paidAt\": null, \"createdAt\": \"2021-03-22T09:37:41.000Z\", \"requested_amount\": 25000, \"pos_transaction_data\": null, \"transaction_date\": \"2021-03-22T09:37:41.000Z\", \"plan_object\": {}, \"subaccount\": {}}',1,0,'paystack'),(237,'PO4F45BF8E6','USD',1288.00,'1',NULL,'2021-03-23 21:01:02.980069','2021-03-23 21:01:54.658596',1,17,'\"{\\\"reference\\\":\\\"PO4F45BF8E6\\\",\\\"trans\\\":\\\"1052276637\\\",\\\"status\\\":\\\"success\\\",\\\"message\\\":\\\"Approved\\\",\\\"transaction\\\":\\\"1052276637\\\",\\\"trxref\\\":\\\"PO4F45BF8E6\\\"}\"',NULL,'{\"id\": 1052276637, \"domain\": \"live\", \"status\": \"success\", \"reference\": \"PO4F45BF8E6\", \"amount\": 128800, \"message\": \"\", \"gateway_response\": \"Approved\", \"paid_at\": \"2021-03-23T21:01:52.000Z\", \"created_at\": \"2021-03-23T21:01:04.000Z\", \"channel\": \"card\", \"currency\": \"USD\", \"ip_address\": \"89.35.197.228\", \"metadata\": {\"referrer\": \"https://app.ssfosi.com/donate\"}, \"log\": {\"start_time\": 1616533265, \"time_spent\": 49, \"attempts\": 1, \"authentication\": \"3DS\", \"errors\": 0, \"success\": true, \"mobile\": false, \"input\": [], \"history\": [{\"type\": \"input\", \"message\": \"Filled this field: card number\", \"time\": 6}, {\"type\": \"input\", \"message\": \"Filled this field: card expiry\", \"time\": 11}, {\"type\": \"input\", \"message\": \"Filled this field: card cvv\", \"time\": 14}, {\"type\": \"action\", \"message\": \"Attempted to pay with card\", \"time\": 14}, {\"type\": \"auth\", \"message\": \"Authentication Required: 3DS\", \"time\": 15}, {\"type\": \"action\", \"message\": \"Third-party authentication window opened\", \"time\": 18}, {\"type\": \"success\", \"message\": \"Successfully paid with card\", \"time\": 48}, {\"type\": \"action\", \"message\": \"Third-party authentication window closed\", \"time\": 49}]}, \"fees\": 5024, \"fees_split\": null, \"authorization\": {\"authorization_code\": \"AUTH_5c2jcx4e21\", \"bin\": \"425907\", \"last4\": \"5815\", \"exp_month\": \"08\", \"exp_year\": \"2024\", \"channel\": \"card\", \"card_type\": \"visa DEBIT\", \"bank\": \"WELLSFARGO\", \"country_code\": \"US\", \"brand\": \"visa\", \"reusable\": true, \"signature\": \"SIG_spUzD6hJbbIzLjg4tMlZ\", \"account_name\": null, \"receiver_bank_account_number\": null, \"receiver_bank\": null}, \"customer\": {\"id\": 35871226, \"first_name\": \"Taye\", \"last_name\": \"\", \"email\": \"projectfosrar@gmail.com\", \"customer_code\": \"CUS_3thcxbqm53ozfle\", \"phone\": \"\", \"metadata\": null, \"risk_action\": \"default\", \"international_format_phone\": null}, \"plan\": null, \"split\": {}, \"order_id\": null, \"paidAt\": \"2021-03-23T21:01:52.000Z\", \"createdAt\": \"2021-03-23T21:01:04.000Z\", \"requested_amount\": 128800, \"pos_transaction_data\": null, \"transaction_date\": \"2021-03-23T21:01:04.000Z\", \"plan_object\": {}, \"subaccount\": {}}',1,0,'paystack'),(238,'PO90E4AB35D','USD',1500.00,'1',NULL,'2021-03-26 02:29:41.629579','2021-03-26 02:31:27.551652',10,13,'\"{\\\"create_time\\\":\\\"2021-03-26T02:29:42Z\\\",\\\"update_time\\\":\\\"2021-03-26T02:31:24Z\\\",\\\"id\\\":\\\"2EV949204N9619705\\\",\\\"intent\\\":\\\"CAPTURE\\\",\\\"status\\\":\\\"COMPLETED\\\",\\\"payer\\\":{\\\"email_address\\\":\\\"LARAFUJA@YAHOO.COM\\\",\\\"payer_id\\\":\\\"LDHCPDKBF2UL2\\\",\\\"address\\\":{\\\"address_line_1\\\":\\\"1516 VIA ASTURIAS\\\",\\\"admin_area_2\\\":\\\"CA\\\",\\\"postal_code\\\":\\\"90274\\\",\\\"country_code\\\":\\\"US\\\"},\\\"name\\\":{\\\"given_name\\\":\\\"OMOLARA\\\",\\\"surname\\\":\\\"OKUNUBI\\\"}},\\\"purchase_units\\\":[{\\\"reference_id\\\":\\\"default\\\",\\\"custom_id\\\":\\\"PO90E4AB35D\\\",\\\"invoice_id\\\":\\\"PO90E4AB35D\\\",\\\"soft_descriptor\\\":\\\"PAYPAL *CALIFORNIA\\\",\\\"amount\\\":{\\\"value\\\":\\\"1500.00\\\",\\\"currency_code\\\":\\\"USD\\\"},\\\"payee\\\":{\\\"email_address\\\":\\\"taye.doherty@wpurcell.com\\\",\\\"merchant_id\\\":\\\"UN6YGUGZXXWWN\\\"},\\\"payments\\\":{\\\"captures\\\":[{\\\"status\\\":\\\"COMPLETED\\\",\\\"id\\\":\\\"3HB980714J2066043\\\",\\\"invoice_id\\\":\\\"PO90E4AB35D\\\",\\\"final_capture\\\":true,\\\"create_time\\\":\\\"2021-03-26T02:31:24Z\\\",\\\"update_time\\\":\\\"2021-03-26T02:31:24Z\\\",\\\"amount\\\":{\\\"value\\\":\\\"1500.00\\\",\\\"currency_code\\\":\\\"USD\\\"},\\\"seller_protection\\\":{\\\"status\\\":\\\"ELIGIBLE\\\",\\\"dispute_categories\\\":[\\\"ITEM_NOT_RECEIVED\\\",\\\"UNAUTHORIZED_TRANSACTION\\\"]},\\\"links\\\":[{\\\"href\\\":\\\"https://api.paypal.com/v2/payments/captures/3HB980714J2066043\\\",\\\"rel\\\":\\\"self\\\",\\\"method\\\":\\\"GET\\\",\\\"title\\\":\\\"GET\\\"},{\\\"href\\\":\\\"https://api.paypal.com/v2/payments/captures/3HB980714J2066043/refund\\\",\\\"rel\\\":\\\"refund\\\",\\\"method\\\":\\\"POST\\\",\\\"title\\\":\\\"POST\\\"},{\\\"href\\\":\\\"https://api.paypal.com/v2/checkout/orders/2EV949204N9619705\\\",\\\"rel\\\":\\\"up\\\",\\\"method\\\":\\\"GET\\\",\\\"title\\\":\\\"GET\\\"}]}]}}],\\\"links\\\":[{\\\"href\\\":\\\"https://api.paypal.com/v2/checkout/orders/2EV949204N9619705\\\",\\\"rel\\\":\\\"self\\\",\\\"method\\\":\\\"GET\\\",\\\"title\\\":\\\"GET\\\"}]}\"',NULL,'{\"id\": \"2EV949204N9619705\", \"intent\": \"CAPTURE\", \"status\": \"COMPLETED\", \"purchase_units\": [{\"reference_id\": \"default\", \"amount\": {\"currency_code\": \"USD\", \"value\": \"1500.00\"}, \"payee\": {\"email_address\": \"taye.doherty@wpurcell.com\", \"merchant_id\": \"UN6YGUGZXXWWN\", \"display_data\": {\"brand_name\": \"SS FOSI Donation\"}}, \"custom_id\": \"PO90E4AB35D\", \"invoice_id\": \"PO90E4AB35D\", \"soft_descriptor\": \"PAYPAL *CALIFORNIA\", \"payments\": {\"captures\": [{\"id\": \"3HB980714J2066043\", \"status\": \"COMPLETED\", \"amount\": {\"currency_code\": \"USD\", \"value\": \"1500.00\"}, \"final_capture\": true, \"seller_protection\": {\"status\": \"ELIGIBLE\", \"dispute_categories\": [\"ITEM_NOT_RECEIVED\", \"UNAUTHORIZED_TRANSACTION\"]}, \"seller_receivable_breakdown\": {\"gross_amount\": {\"currency_code\": \"USD\", \"value\": \"1500.00\"}, \"paypal_fee\": {\"currency_code\": \"USD\", \"value\": \"43.80\"}, \"net_amount\": {\"currency_code\": \"USD\", \"value\": \"1456.20\"}}, \"invoice_id\": \"PO90E4AB35D\", \"custom_id\": \"PO90E4AB35D\", \"links\": [{\"href\": \"https://api.paypal.com/v2/payments/captures/3HB980714J2066043\", \"rel\": \"self\", \"method\": \"GET\"}, {\"href\": \"https://api.paypal.com/v2/payments/captures/3HB980714J2066043/refund\", \"rel\": \"refund\", \"method\": \"POST\"}, {\"href\": \"https://api.paypal.com/v2/checkout/orders/2EV949204N9619705\", \"rel\": \"up\", \"method\": \"GET\"}], \"create_time\": \"2021-03-26T02:31:24Z\", \"update_time\": \"2021-03-26T02:31:24Z\"}]}}], \"payer\": {\"name\": {\"given_name\": \"OMOLARA\", \"surname\": \"OKUNUBI\"}, \"email_address\": \"LARAFUJA@YAHOO.COM\", \"payer_id\": \"LDHCPDKBF2UL2\", \"address\": {\"address_line_1\": \"1516 VIA ASTURIAS\", \"admin_area_2\": \"CA\", \"postal_code\": \"90274\", \"country_code\": \"US\"}}, \"create_time\": \"2021-03-26T02:29:42Z\", \"update_time\": \"2021-03-26T02:31:24Z\", \"links\": [{\"href\": \"https://api.paypal.com/v2/checkout/orders/2EV949204N9619705\", \"rel\": \"self\", \"method\": \"GET\"}]}',1,0,'paypal'),(239,'POAF95B99FE','USD',1500.00,'6',NULL,'2021-03-26 20:49:44.722938',NULL,16,10,'{}',NULL,'{}',1,0,'paypal'),(240,'POB983E5FC1','USD',1500.00,'1',NULL,'2021-03-26 20:54:26.147543','2021-03-26 20:57:01.147236',16,12,'\"{\\\"create_time\\\":\\\"2021-03-26T20:54:26Z\\\",\\\"update_time\\\":\\\"2021-03-26T20:56:58Z\\\",\\\"id\\\":\\\"2XK99180CA765501Y\\\",\\\"intent\\\":\\\"CAPTURE\\\",\\\"status\\\":\\\"COMPLETED\\\",\\\"payer\\\":{\\\"email_address\\\":\\\"ademolaesq@gmail.com\\\",\\\"payer_id\\\":\\\"LEE4WWMK7Q6RC\\\",\\\"address\\\":{\\\"address_line_1\\\":\\\"5180 Opici Court\\\",\\\"admin_area_2\\\":\\\"CA\\\",\\\"postal_code\\\":\\\"91739\\\",\\\"country_code\\\":\\\"US\\\"},\\\"name\\\":{\\\"given_name\\\":\\\"Ademola\\\",\\\"surname\\\":\\\"Okusanya\\\"}},\\\"purchase_units\\\":[{\\\"reference_id\\\":\\\"default\\\",\\\"custom_id\\\":\\\"POB983E5FC1\\\",\\\"invoice_id\\\":\\\"POB983E5FC1\\\",\\\"soft_descriptor\\\":\\\"PAYPAL *CALIFORNIA\\\",\\\"amount\\\":{\\\"value\\\":\\\"1500.00\\\",\\\"currency_code\\\":\\\"USD\\\"},\\\"payee\\\":{\\\"email_address\\\":\\\"taye.doherty@wpurcell.com\\\",\\\"merchant_id\\\":\\\"UN6YGUGZXXWWN\\\"},\\\"payments\\\":{\\\"captures\\\":[{\\\"status\\\":\\\"COMPLETED\\\",\\\"id\\\":\\\"1R3998471A3382544\\\",\\\"invoice_id\\\":\\\"POB983E5FC1\\\",\\\"final_capture\\\":true,\\\"create_time\\\":\\\"2021-03-26T20:56:58Z\\\",\\\"update_time\\\":\\\"2021-03-26T20:56:58Z\\\",\\\"amount\\\":{\\\"value\\\":\\\"1500.00\\\",\\\"currency_code\\\":\\\"USD\\\"},\\\"seller_protection\\\":{\\\"status\\\":\\\"ELIGIBLE\\\",\\\"dispute_categories\\\":[\\\"ITEM_NOT_RECEIVED\\\",\\\"UNAUTHORIZED_TRANSACTION\\\"]},\\\"links\\\":[{\\\"href\\\":\\\"https://api.paypal.com/v2/payments/captures/1R3998471A3382544\\\",\\\"rel\\\":\\\"self\\\",\\\"method\\\":\\\"GET\\\",\\\"title\\\":\\\"GET\\\"},{\\\"href\\\":\\\"https://api.paypal.com/v2/payments/captures/1R3998471A3382544/refund\\\",\\\"rel\\\":\\\"refund\\\",\\\"method\\\":\\\"POST\\\",\\\"title\\\":\\\"POST\\\"},{\\\"href\\\":\\\"https://api.paypal.com/v2/checkout/orders/2XK99180CA765501Y\\\",\\\"rel\\\":\\\"up\\\",\\\"method\\\":\\\"GET\\\",\\\"title\\\":\\\"GET\\\"}]}]}}],\\\"links\\\":[{\\\"href\\\":\\\"https://api.paypal.com/v2/checkout/orders/2XK99180CA765501Y\\\",\\\"rel\\\":\\\"self\\\",\\\"method\\\":\\\"GET\\\",\\\"title\\\":\\\"GET\\\"}]}\"',NULL,'{\"id\": \"2XK99180CA765501Y\", \"intent\": \"CAPTURE\", \"status\": \"COMPLETED\", \"purchase_units\": [{\"reference_id\": \"default\", \"amount\": {\"currency_code\": \"USD\", \"value\": \"1500.00\"}, \"payee\": {\"email_address\": \"taye.doherty@wpurcell.com\", \"merchant_id\": \"UN6YGUGZXXWWN\", \"display_data\": {\"brand_name\": \"SS FOSI Donation\"}}, \"custom_id\": \"POB983E5FC1\", \"invoice_id\": \"POB983E5FC1\", \"soft_descriptor\": \"PAYPAL *CALIFORNIA\", \"payments\": {\"captures\": [{\"id\": \"1R3998471A3382544\", \"status\": \"COMPLETED\", \"amount\": {\"currency_code\": \"USD\", \"value\": \"1500.00\"}, \"final_capture\": true, \"seller_protection\": {\"status\": \"ELIGIBLE\", \"dispute_categories\": [\"ITEM_NOT_RECEIVED\", \"UNAUTHORIZED_TRANSACTION\"]}, \"seller_receivable_breakdown\": {\"gross_amount\": {\"currency_code\": \"USD\", \"value\": \"1500.00\"}, \"paypal_fee\": {\"currency_code\": \"USD\", \"value\": \"43.80\"}, \"net_amount\": {\"currency_code\": \"USD\", \"value\": \"1456.20\"}}, \"invoice_id\": \"POB983E5FC1\", \"custom_id\": \"POB983E5FC1\", \"links\": [{\"href\": \"https://api.paypal.com/v2/payments/captures/1R3998471A3382544\", \"rel\": \"self\", \"method\": \"GET\"}, {\"href\": \"https://api.paypal.com/v2/payments/captures/1R3998471A3382544/refund\", \"rel\": \"refund\", \"method\": \"POST\"}, {\"href\": \"https://api.paypal.com/v2/checkout/orders/2XK99180CA765501Y\", \"rel\": \"up\", \"method\": \"GET\"}], \"create_time\": \"2021-03-26T20:56:58Z\", \"update_time\": \"2021-03-26T20:56:58Z\"}]}}], \"payer\": {\"name\": {\"given_name\": \"Ademola\", \"surname\": \"Okusanya\"}, \"email_address\": \"ademolaesq@gmail.com\", \"payer_id\": \"LEE4WWMK7Q6RC\", \"address\": {\"address_line_1\": \"5180 Opici Court\", \"admin_area_2\": \"CA\", \"postal_code\": \"91739\", \"country_code\": \"US\"}}, \"create_time\": \"2021-03-26T20:54:26Z\", \"update_time\": \"2021-03-26T20:56:58Z\", \"links\": [{\"href\": \"https://api.paypal.com/v2/checkout/orders/2XK99180CA765501Y\", \"rel\": \"self\", \"method\": \"GET\"}]}',1,0,'paypal'),(241,'POE1B2F3278','USD',100.00,'1',NULL,'2021-03-29 04:13:37.839492','2021-03-29 04:14:45.953035',85,12,'\"{\\\"create_time\\\":\\\"2021-03-29T04:13:38Z\\\",\\\"update_time\\\":\\\"2021-03-29T04:14:42Z\\\",\\\"id\\\":\\\"9B444628FA1500902\\\",\\\"intent\\\":\\\"CAPTURE\\\",\\\"status\\\":\\\"COMPLETED\\\",\\\"payer\\\":{\\\"email_address\\\":\\\"SAkanwo@aol.com\\\",\\\"payer_id\\\":\\\"FQYBUHK5MSVWA\\\",\\\"address\\\":{\\\"address_line_1\\\":\\\"6039\\\",\\\"admin_area_2\\\":\\\"CA\\\",\\\"postal_code\\\":\\\"91739\\\",\\\"country_code\\\":\\\"US\\\"},\\\"name\\\":{\\\"given_name\\\":\\\"Olabisi\\\",\\\"surname\\\":\\\"Akanwo\\\"}},\\\"purchase_units\\\":[{\\\"reference_id\\\":\\\"default\\\",\\\"custom_id\\\":\\\"POE1B2F3278\\\",\\\"invoice_id\\\":\\\"POE1B2F3278\\\",\\\"soft_descriptor\\\":\\\"CALIFORNIA\\\",\\\"amount\\\":{\\\"value\\\":\\\"100.00\\\",\\\"currency_code\\\":\\\"USD\\\"},\\\"payee\\\":{\\\"email_address\\\":\\\"taye.doherty@wpurcell.com\\\",\\\"merchant_id\\\":\\\"UN6YGUGZXXWWN\\\"},\\\"payments\\\":{\\\"captures\\\":[{\\\"status\\\":\\\"COMPLETED\\\",\\\"id\\\":\\\"1MS281550N650424H\\\",\\\"invoice_id\\\":\\\"POE1B2F3278\\\",\\\"final_capture\\\":true,\\\"create_time\\\":\\\"2021-03-29T04:14:42Z\\\",\\\"update_time\\\":\\\"2021-03-29T04:14:42Z\\\",\\\"amount\\\":{\\\"value\\\":\\\"100.00\\\",\\\"currency_code\\\":\\\"USD\\\"},\\\"seller_protection\\\":{\\\"status\\\":\\\"ELIGIBLE\\\",\\\"dispute_categories\\\":[\\\"ITEM_NOT_RECEIVED\\\",\\\"UNAUTHORIZED_TRANSACTION\\\"]},\\\"links\\\":[{\\\"href\\\":\\\"https://api.paypal.com/v2/payments/captures/1MS281550N650424H\\\",\\\"rel\\\":\\\"self\\\",\\\"method\\\":\\\"GET\\\",\\\"title\\\":\\\"GET\\\"},{\\\"href\\\":\\\"https://api.paypal.com/v2/payments/captures/1MS281550N650424H/refund\\\",\\\"rel\\\":\\\"refund\\\",\\\"method\\\":\\\"POST\\\",\\\"title\\\":\\\"POST\\\"},{\\\"href\\\":\\\"https://api.paypal.com/v2/checkout/orders/9B444628FA1500902\\\",\\\"rel\\\":\\\"up\\\",\\\"method\\\":\\\"GET\\\",\\\"title\\\":\\\"GET\\\"}]}]}}],\\\"links\\\":[{\\\"href\\\":\\\"https://api.paypal.com/v2/checkout/orders/9B444628FA1500902\\\",\\\"rel\\\":\\\"self\\\",\\\"method\\\":\\\"GET\\\",\\\"title\\\":\\\"GET\\\"}]}\"',NULL,'{\"id\": \"9B444628FA1500902\", \"intent\": \"CAPTURE\", \"status\": \"COMPLETED\", \"purchase_units\": [{\"reference_id\": \"default\", \"amount\": {\"currency_code\": \"USD\", \"value\": \"100.00\"}, \"payee\": {\"email_address\": \"taye.doherty@wpurcell.com\", \"merchant_id\": \"UN6YGUGZXXWWN\", \"display_data\": {\"brand_name\": \"SS FOSI Donation\"}}, \"custom_id\": \"POE1B2F3278\", \"invoice_id\": \"POE1B2F3278\", \"soft_descriptor\": \"CALIFORNIA\", \"payments\": {\"captures\": [{\"id\": \"1MS281550N650424H\", \"status\": \"COMPLETED\", \"amount\": {\"currency_code\": \"USD\", \"value\": \"100.00\"}, \"final_capture\": true, \"seller_protection\": {\"status\": \"ELIGIBLE\", \"dispute_categories\": [\"ITEM_NOT_RECEIVED\", \"UNAUTHORIZED_TRANSACTION\"]}, \"seller_receivable_breakdown\": {\"gross_amount\": {\"currency_code\": \"USD\", \"value\": \"100.00\"}, \"paypal_fee\": {\"currency_code\": \"USD\", \"value\": \"3.20\"}, \"net_amount\": {\"currency_code\": \"USD\", \"value\": \"96.80\"}}, \"invoice_id\": \"POE1B2F3278\", \"custom_id\": \"POE1B2F3278\", \"links\": [{\"href\": \"https://api.paypal.com/v2/payments/captures/1MS281550N650424H\", \"rel\": \"self\", \"method\": \"GET\"}, {\"href\": \"https://api.paypal.com/v2/payments/captures/1MS281550N650424H/refund\", \"rel\": \"refund\", \"method\": \"POST\"}, {\"href\": \"https://api.paypal.com/v2/checkout/orders/9B444628FA1500902\", \"rel\": \"up\", \"method\": \"GET\"}], \"create_time\": \"2021-03-29T04:14:42Z\", \"update_time\": \"2021-03-29T04:14:42Z\"}]}}], \"payer\": {\"name\": {\"given_name\": \"Olabisi\", \"surname\": \"Akanwo\"}, \"email_address\": \"SAkanwo@aol.com\", \"payer_id\": \"FQYBUHK5MSVWA\", \"address\": {\"address_line_1\": \"6039\", \"admin_area_2\": \"CA\", \"postal_code\": \"91739\", \"country_code\": \"US\"}}, \"create_time\": \"2021-03-29T04:13:38Z\", \"update_time\": \"2021-03-29T04:14:42Z\", \"links\": [{\"href\": \"https://api.paypal.com/v2/checkout/orders/9B444628FA1500902\", \"rel\": \"self\", \"method\": \"GET\"}]}',1,0,'paypal'),(242,'PO64AA5004B','USD',2000.00,'1',NULL,'2021-04-08 19:04:45.700427','2021-04-08 19:05:58.154269',1,17,'\"{\\\"reference\\\":\\\"PO64AA5004B\\\",\\\"trans\\\":\\\"1075020037\\\",\\\"status\\\":\\\"success\\\",\\\"message\\\":\\\"Approved\\\",\\\"transaction\\\":\\\"1075020037\\\",\\\"trxref\\\":\\\"PO64AA5004B\\\"}\"',NULL,'{\"id\": 1075020037, \"domain\": \"live\", \"status\": \"success\", \"reference\": \"PO64AA5004B\", \"amount\": 200000, \"message\": \"\", \"gateway_response\": \"Approved\", \"paid_at\": \"2021-04-08T19:05:56.000Z\", \"created_at\": \"2021-04-08T19:04:47.000Z\", \"channel\": \"card\", \"currency\": \"USD\", \"ip_address\": \"89.35.197.228\", \"metadata\": {\"referrer\": \"https://app.ssfosi.com/donate\"}, \"log\": {\"start_time\": 1617908688, \"time_spent\": 69, \"attempts\": 1, \"authentication\": \"3DS\", \"errors\": 0, \"success\": true, \"mobile\": false, \"input\": [], \"history\": [{\"type\": \"input\", \"message\": \"Filled this field: card number\", \"time\": 5}, {\"type\": \"input\", \"message\": \"Filled this field: card expiry\", \"time\": 8}, {\"type\": \"input\", \"message\": \"Filled this field: card cvv\", \"time\": 12}, {\"type\": \"action\", \"message\": \"Attempted to pay with card\", \"time\": 12}, {\"type\": \"auth\", \"message\": \"Authentication Required: 3DS\", \"time\": 13}, {\"type\": \"action\", \"message\": \"Third-party authentication window opened\", \"time\": 14}, {\"type\": \"success\", \"message\": \"Successfully paid with card\", \"time\": 68}, {\"type\": \"action\", \"message\": \"Third-party authentication window closed\", \"time\": 69}]}, \"fees\": 7800, \"fees_split\": null, \"authorization\": {\"authorization_code\": \"AUTH_2zv6jhpv8s\", \"bin\": \"425907\", \"last4\": \"5815\", \"exp_month\": \"08\", \"exp_year\": \"2024\", \"channel\": \"card\", \"card_type\": \"visa DEBIT\", \"bank\": \"WELLSFARGO\", \"country_code\": \"US\", \"brand\": \"visa\", \"reusable\": true, \"signature\": \"SIG_spUzD6hJbbIzLjg4tMlZ\", \"account_name\": null, \"receiver_bank_account_number\": null, \"receiver_bank\": null}, \"customer\": {\"id\": 35871226, \"first_name\": \"Taye\", \"last_name\": \"\", \"email\": \"projectfosrar@gmail.com\", \"customer_code\": \"CUS_3thcxbqm53ozfle\", \"phone\": \"\", \"metadata\": null, \"risk_action\": \"default\", \"international_format_phone\": null}, \"plan\": null, \"split\": {}, \"order_id\": null, \"paidAt\": \"2021-04-08T19:05:56.000Z\", \"createdAt\": \"2021-04-08T19:04:47.000Z\", \"requested_amount\": 200000, \"pos_transaction_data\": null, \"transaction_date\": \"2021-04-08T19:04:47.000Z\", \"plan_object\": {}, \"subaccount\": {}}',1,0,'paystack'),(243,'POC08D5E8FE','USD',5.00,'6',NULL,'2021-04-18 11:46:17.924241',NULL,7,13,'{}',NULL,'{}',1,0,'paypal'),(244,'POD1653511D','NGN',700.00,'1',NULL,'2021-04-18 11:49:16.685228','2021-04-18 11:52:07.557862',7,13,'\"{\\\"reference\\\":\\\"POD1653511D\\\",\\\"trans\\\":\\\"1088895952\\\",\\\"status\\\":\\\"success\\\",\\\"message\\\":\\\"Approved\\\",\\\"transaction\\\":\\\"1088895952\\\",\\\"trxref\\\":\\\"POD1653511D\\\"}\"',NULL,'{\"id\": 1088895952, \"domain\": \"live\", \"status\": \"success\", \"reference\": \"POD1653511D\", \"amount\": 70000, \"message\": null, \"gateway_response\": \"Approved\", \"paid_at\": \"2021-04-18T11:50:57.000Z\", \"created_at\": \"2021-04-18T11:49:18.000Z\", \"channel\": \"card\", \"currency\": \"NGN\", \"ip_address\": \"129.56.29.75\", \"metadata\": {\"referrer\": \"https://app.ssfosi.com/donate?organization=C51CE68\"}, \"log\": {\"start_time\": 1618746559, \"time_spent\": 98, \"attempts\": 1, \"authentication\": \"otp\", \"errors\": 0, \"success\": true, \"mobile\": false, \"input\": [], \"history\": [{\"type\": \"input\", \"message\": \"Filled this field: card number\", \"time\": 65}, {\"type\": \"input\", \"message\": \"Filled this field: card expiry\", \"time\": 68}, {\"type\": \"input\", \"message\": \"Filled this field: card cvv\", \"time\": 72}, {\"type\": \"action\", \"message\": \"Attempted to pay with card\", \"time\": 72}, {\"type\": \"auth\", \"message\": \"Authentication Required: otp\", \"time\": 77}, {\"type\": \"success\", \"message\": \"Successfully paid with card\", \"time\": 98}]}, \"fees\": 1050, \"fees_split\": null, \"authorization\": {\"authorization_code\": \"AUTH_gljoczl3ay\", \"bin\": \"539983\", \"last4\": \"8674\", \"exp_month\": \"10\", \"exp_year\": \"2021\", \"channel\": \"card\", \"card_type\": \"mastercard DEBIT\", \"bank\": \"Guaranty Trust Bank\", \"country_code\": \"NG\", \"brand\": \"mastercard\", \"reusable\": true, \"signature\": \"SIG_vGxhoqcjEOS7LfxzxoFR\", \"account_name\": \"ANIBABA AYOMIKULEHIN O\", \"receiver_bank_account_number\": null, \"receiver_bank\": null}, \"customer\": {\"id\": 43431622, \"first_name\": \"Ayo\", \"last_name\": \"\", \"email\": \"ayoanibaba@gmail.com\", \"customer_code\": \"CUS_o544jalc5u8zhim\", \"phone\": \"\", \"metadata\": null, \"risk_action\": \"default\", \"international_format_phone\": null}, \"plan\": null, \"split\": {}, \"order_id\": null, \"paidAt\": \"2021-04-18T11:50:57.000Z\", \"createdAt\": \"2021-04-18T11:49:18.000Z\", \"requested_amount\": 70000, \"pos_transaction_data\": null, \"transaction_date\": \"2021-04-18T11:49:18.000Z\", \"plan_object\": {}, \"subaccount\": {}}',1,0,'paystack'),(245,'PO45742050B','USD',1438.00,'1',NULL,'2021-04-22 17:20:00.400484','2021-04-22 17:21:15.471313',1,18,'\"{\\\"reference\\\":\\\"PO45742050B\\\",\\\"trans\\\":\\\"1094837905\\\",\\\"status\\\":\\\"success\\\",\\\"message\\\":\\\"Approved\\\",\\\"transaction\\\":\\\"1094837905\\\",\\\"trxref\\\":\\\"PO45742050B\\\"}\"',NULL,'{\"id\": 1094837905, \"domain\": \"live\", \"status\": \"success\", \"reference\": \"PO45742050B\", \"amount\": 143800, \"message\": \"\", \"gateway_response\": \"Approved\", \"paid_at\": \"2021-04-22T17:21:13.000Z\", \"created_at\": \"2021-04-22T17:20:02.000Z\", \"channel\": \"card\", \"currency\": \"USD\", \"ip_address\": \"41.58.238.247\", \"metadata\": {\"referrer\": \"https://app.ssfosi.com/donate\"}, \"log\": {\"start_time\": 1619112003, \"time_spent\": 71, \"attempts\": 1, \"authentication\": \"3DS\", \"errors\": 0, \"success\": true, \"mobile\": false, \"input\": [], \"history\": [{\"type\": \"input\", \"message\": \"Filled this field: card number\", \"time\": 10}, {\"type\": \"input\", \"message\": \"Filled this field: card expiry\", \"time\": 12}, {\"type\": \"input\", \"message\": \"Changed this field: card expiry\", \"time\": 15}, {\"type\": \"input\", \"message\": \"Filled this field: card cvv\", \"time\": 25}, {\"type\": \"action\", \"message\": \"Attempted to pay with card\", \"time\": 25}, {\"type\": \"auth\", \"message\": \"Authentication Required: 3DS\", \"time\": 26}, {\"type\": \"action\", \"message\": \"Third-party authentication window opened\", \"time\": 29}, {\"type\": \"success\", \"message\": \"Successfully paid with card\", \"time\": 70}, {\"type\": \"action\", \"message\": \"Third-party authentication window closed\", \"time\": 71}]}, \"fees\": 5609, \"fees_split\": null, \"authorization\": {\"authorization_code\": \"AUTH_bknk8i23v6\", \"bin\": \"425907\", \"last4\": \"5815\", \"exp_month\": \"08\", \"exp_year\": \"2024\", \"channel\": \"card\", \"card_type\": \"visa DEBIT\", \"bank\": \"WELLSFARGO\", \"country_code\": \"US\", \"brand\": \"visa\", \"reusable\": true, \"signature\": \"SIG_spUzD6hJbbIzLjg4tMlZ\", \"account_name\": null, \"receiver_bank_account_number\": null, \"receiver_bank\": null}, \"customer\": {\"id\": 35871226, \"first_name\": \"Taye\", \"last_name\": \"\", \"email\": \"projectfosrar@gmail.com\", \"customer_code\": \"CUS_3thcxbqm53ozfle\", \"phone\": \"\", \"metadata\": null, \"risk_action\": \"default\", \"international_format_phone\": null}, \"plan\": null, \"split\": {}, \"order_id\": null, \"paidAt\": \"2021-04-22T17:21:13.000Z\", \"createdAt\": \"2021-04-22T17:20:02.000Z\", \"requested_amount\": 143800, \"pos_transaction_data\": null, \"transaction_date\": \"2021-04-22T17:20:02.000Z\", \"plan_object\": {}, \"subaccount\": {}}',1,0,'paystack'),(246,'POA9B8486F6','USD',2699.00,'3',NULL,'2021-04-22 17:22:38.981377','2021-04-22 17:30:00.455422',1,4,NULL,NULL,'{\"id\": 1094840860, \"domain\": \"live\", \"status\": \"failed\", \"reference\": \"POA9B8486F6\", \"amount\": 269900, \"message\": null, \"gateway_response\": \"Denied by Fraud System\", \"paid_at\": null, \"created_at\": \"2021-04-22T17:22:42.000Z\", \"channel\": \"card\", \"currency\": \"USD\", \"ip_address\": \"41.58.238.247\", \"metadata\": {\"referrer\": \"https://app.ssfosi.com/donate\"}, \"log\": {\"start_time\": 1619112162, \"time_spent\": 26, \"attempts\": 1, \"errors\": 1, \"success\": false, \"mobile\": false, \"input\": [], \"history\": [{\"type\": \"input\", \"message\": \"Filled this field: card number\", \"time\": 12}, {\"type\": \"input\", \"message\": \"Filled this field: card expiry\", \"time\": 17}, {\"type\": \"input\", \"message\": \"Changed this field: card expiry\", \"time\": 19}, {\"type\": \"input\", \"message\": \"Filled this field: card cvv\", \"time\": 25}, {\"type\": \"action\", \"message\": \"Attempted to pay with card\", \"time\": 26}, {\"type\": \"error\", \"message\": \"Error: Unable to process transaction.\", \"time\": 26}]}, \"fees\": null, \"fees_split\": null, \"authorization\": {\"authorization_code\": \"AUTH_pxsx162qyz\", \"bin\": \"425907\", \"last4\": \"5815\", \"exp_month\": \"08\", \"exp_year\": \"2024\", \"channel\": \"card\", \"card_type\": \"visa DEBIT\", \"bank\": \"WELLSFARGO\", \"country_code\": \"US\", \"brand\": \"visa\", \"reusable\": true, \"signature\": \"SIG_spUzD6hJbbIzLjg4tMlZ\", \"account_name\": null, \"receiver_bank_account_number\": null, \"receiver_bank\": null}, \"customer\": {\"id\": 35871226, \"first_name\": \"Taye\", \"last_name\": \"\", \"email\": \"projectfosrar@gmail.com\", \"customer_code\": \"CUS_3thcxbqm53ozfle\", \"phone\": \"\", \"metadata\": null, \"risk_action\": \"default\", \"international_format_phone\": null}, \"plan\": null, \"split\": {}, \"order_id\": null, \"paidAt\": null, \"createdAt\": \"2021-04-22T17:22:42.000Z\", \"requested_amount\": 269900, \"pos_transaction_data\": null, \"transaction_date\": \"2021-04-22T17:22:42.000Z\", \"plan_object\": {}, \"subaccount\": {}}',1,0,'paystack'),(247,'PO6CE55BCD8','USD',2000.00,'3',NULL,'2021-04-22 17:23:26.290073','2021-04-22 17:30:00.765299',1,4,NULL,NULL,'{\"id\": 1094841644, \"domain\": \"live\", \"status\": \"failed\", \"reference\": \"PO6CE55BCD8\", \"amount\": 200000, \"message\": null, \"gateway_response\": \"Denied by Fraud System\", \"paid_at\": null, \"created_at\": \"2021-04-22T17:23:27.000Z\", \"channel\": \"card\", \"currency\": \"USD\", \"ip_address\": \"41.58.238.247\", \"metadata\": {\"referrer\": \"https://app.ssfosi.com/donate\"}, \"log\": {\"start_time\": 1619112207, \"time_spent\": 5, \"attempts\": 1, \"errors\": 1, \"success\": false, \"mobile\": false, \"input\": [], \"history\": [{\"type\": \"action\", \"message\": \"Attempted to pay with card\", \"time\": 4}, {\"type\": \"error\", \"message\": \"Error: Unable to process transaction.\", \"time\": 5}]}, \"fees\": null, \"fees_split\": null, \"authorization\": {\"authorization_code\": \"AUTH_iq4avwrkc3\", \"bin\": \"425907\", \"last4\": \"5815\", \"exp_month\": \"08\", \"exp_year\": \"2024\", \"channel\": \"card\", \"card_type\": \"visa DEBIT\", \"bank\": \"WELLSFARGO\", \"country_code\": \"US\", \"brand\": \"visa\", \"reusable\": true, \"signature\": \"SIG_spUzD6hJbbIzLjg4tMlZ\", \"account_name\": null, \"receiver_bank_account_number\": null, \"receiver_bank\": null}, \"customer\": {\"id\": 35871226, \"first_name\": \"Taye\", \"last_name\": \"\", \"email\": \"projectfosrar@gmail.com\", \"customer_code\": \"CUS_3thcxbqm53ozfle\", \"phone\": \"\", \"metadata\": null, \"risk_action\": \"default\", \"international_format_phone\": null}, \"plan\": null, \"split\": {}, \"order_id\": null, \"paidAt\": null, \"createdAt\": \"2021-04-22T17:23:27.000Z\", \"requested_amount\": 200000, \"pos_transaction_data\": null, \"transaction_date\": \"2021-04-22T17:23:27.000Z\", \"plan_object\": {}, \"subaccount\": {}}',1,0,'paystack'),(248,'PO0CC69E454','USD',10.00,'6',NULL,'2021-04-25 18:53:24.786696',NULL,86,6,'{}',NULL,'{}',1,0,'paystack'),(249,'PO7DDA2AE0B','NGN',2000.00,'6',NULL,'2021-05-01 21:34:30.991759',NULL,1,4,'{}',NULL,'{}',1,0,'paystack'),(250,'POF43783DB8','USD',2000.00,'6',NULL,'2021-05-01 21:36:57.782228',NULL,1,4,'{}',NULL,'{}',1,0,'paystack'),(251,'PO44CAFCE6C','USD',2000.00,'1',NULL,'2021-05-01 21:40:05.351042','2021-05-01 21:42:00.021966',1,4,'\"{\\\"reference\\\":\\\"PO44CAFCE6C\\\",\\\"trans\\\":\\\"1108889668\\\",\\\"status\\\":\\\"success\\\",\\\"message\\\":\\\"Approved\\\",\\\"transaction\\\":\\\"1108889668\\\",\\\"trxref\\\":\\\"PO44CAFCE6C\\\"}\"',NULL,'{\"id\": 1108889668, \"domain\": \"live\", \"status\": \"success\", \"reference\": \"PO44CAFCE6C\", \"amount\": 200000, \"message\": \"\", \"gateway_response\": \"Approved\", \"paid_at\": \"2021-05-01T21:41:51.000Z\", \"created_at\": \"2021-05-01T21:40:06.000Z\", \"channel\": \"card\", \"currency\": \"USD\", \"ip_address\": \"129.56.72.100\", \"metadata\": {\"referrer\": \"https://app.ssfosi.com/donate?project=kosofe&amount=2000&currency=NGN&frequency=once\"}, \"log\": {\"start_time\": 1619905207, \"time_spent\": 105, \"attempts\": 1, \"authentication\": \"3DS\", \"errors\": 0, \"success\": true, \"mobile\": false, \"input\": [], \"history\": [{\"type\": \"input\", \"message\": \"Filled this field: card number\", \"time\": 3}, {\"type\": \"input\", \"message\": \"Filled this field: card expiry\", \"time\": 21}, {\"type\": \"input\", \"message\": \"Filled this field: card cvv\", \"time\": 27}, {\"type\": \"action\", \"message\": \"Attempted to pay with card\", \"time\": 27}, {\"type\": \"auth\", \"message\": \"Authentication Required: 3DS\", \"time\": 30}, {\"type\": \"action\", \"message\": \"Third-party authentication window opened\", \"time\": 32}, {\"type\": \"success\", \"message\": \"Successfully paid with card\", \"time\": 105}, {\"type\": \"action\", \"message\": \"Third-party authentication window closed\", \"time\": 105}]}, \"fees\": 7800, \"fees_split\": null, \"authorization\": {\"authorization_code\": \"AUTH_rpqurs9a82\", \"bin\": \"425907\", \"last4\": \"5815\", \"exp_month\": \"08\", \"exp_year\": \"2024\", \"channel\": \"card\", \"card_type\": \"visa DEBIT\", \"bank\": \"WELLSFARGO\", \"country_code\": \"US\", \"brand\": \"visa\", \"reusable\": true, \"signature\": \"SIG_spUzD6hJbbIzLjg4tMlZ\", \"account_name\": null, \"receiver_bank_account_number\": null, \"receiver_bank\": null}, \"customer\": {\"id\": 35871226, \"first_name\": \"Taye\", \"last_name\": \"\", \"email\": \"projectfosrar@gmail.com\", \"customer_code\": \"CUS_3thcxbqm53ozfle\", \"phone\": \"\", \"metadata\": null, \"risk_action\": \"default\", \"international_format_phone\": null}, \"plan\": null, \"split\": {}, \"order_id\": null, \"paidAt\": \"2021-05-01T21:41:51.000Z\", \"createdAt\": \"2021-05-01T21:40:06.000Z\", \"requested_amount\": 200000, \"pos_transaction_data\": null, \"transaction_date\": \"2021-05-01T21:40:06.000Z\", \"plan_object\": {}, \"subaccount\": {}}',1,0,'paystack');
/*!40000 ALTER TABLE `donation_payment` ENABLE KEYS */;
UNLOCK TABLES;

--
-- Table structure for table `donation_project`
--

DROP TABLE IF EXISTS `donation_project`;
/*!40101 SET @saved_cs_client     = @@character_set_client */;
/*!40101 SET character_set_client = utf8 */;
CREATE TABLE `donation_project` (
  `id` int(11) NOT NULL AUTO_INCREMENT,
  `description` longtext NOT NULL,
  `location` longtext NOT NULL,
  `name` longtext NOT NULL,
  `goal` decimal(14,2) NOT NULL,
  `featured` tinyint(1) NOT NULL,
  `images` varchar(100) NOT NULL,
  `status` varchar(10) NOT NULL,
  `start_date` datetime(6) DEFAULT NULL,
  `end_date` datetime(6) DEFAULT NULL,
  `code` longtext NOT NULL,
  `created_by_user_id` int(11) DEFAULT NULL,
  PRIMARY KEY (`id`),
  KEY `donation_project_created_by_user_id_3a9a200c_fk_auth_user_id` (`created_by_user_id`),
  CONSTRAINT `donation_project_created_by_user_id_3a9a200c_fk_auth_user_id` FOREIGN KEY (`created_by_user_id`) REFERENCES `auth_user` (`id`)
) ENGINE=InnoDB AUTO_INCREMENT=19 DEFAULT CHARSET=utf8;
/*!40101 SET character_set_client = @saved_cs_client */;

--
-- Dumping data for table `donation_project`
--

LOCK TABLES `donation_project` WRITE;
/*!40000 ALTER TABLE `donation_project` DISABLE KEYS */;
INSERT INTO `donation_project` VALUES (1,'Shomolu is a residential suburb in Lagos. Shomolu is plagued by problems of overcrowding, poor housing, and inadequate sanitation. According to an article published in the Journal of Public Health in Africa, only 33.8% of households in Shomolu are food secure, 45.1% are food insecure without hunger and 21.1% are food insecure with hunger.','Shomolu','Shomolu',0.00,1,'shomolu.jpg','1',NULL,NULL,'shomolu',NULL),(2,'Alimosho is the largest local government in Lagos, with over 1.2 million inhabitants.  There have been state and federally coordinated interventions to alleviate the hunger situation in the poor district of Alimosho, however, these have been too little to feed the hungry mouths spread across a city such as Alimosho where poverty is prevalent.','Alimosho','Alimosho',0.00,1,'default_1.jpg','1',NULL,NULL,'alimosho',NULL),(3,'Ikorodu is a city located in the north-east of Lagos State, Nigeria. It is located along the Lagos Lagoon and shares a boundary with Ogun State. Many residents of Ikorodu are artisans and traders who have been severely impacted by the economic downturn as a result of the COVID 19 pandemic.','Ikorodu','Ikorodu',0.00,1,'default_2.jpg','1',NULL,NULL,'ikorodu',NULL),(4,'Kosofe is a Local Government Area of Lagos State, Nigeria.','kosofe','Kosofe',0.00,0,'ayoola-salako-fjefNIs0230-unsplash.jpg','1',NULL,NULL,'kosofe',NULL),(5,'Mushin is a Local Government Area in Lagos, Nigeria. Mushin is a state of poor sanitation and inadequate housing which have lead to poor living conditions.\r\n\r\nThe smallest donation can make a huge difference.','Mushin','Mushin',0.00,0,'muhammadtaha-ibrahim-ma-aji-K32RRhbupME-unsplash.jpg','1',NULL,NULL,'mushin',NULL),(6,'Oshodi - Isolo is a Local Government Area within Lagos State.','Oshodi-Isolo','Oshodi - Isolo',0.00,0,'omotayo-kofoworola-6QbwPeoaMSg-unsplash.jpg','1',NULL,NULL,'oshodi-isolo',NULL),(7,'Surulere is a residential and commercial Local Government Area located on the mainland of Lagos in Lagos State, Nigeria, with an area of 23 km2 (8.9 sq mi)','Surulere','Surulere',0.00,0,'stephen-olatunde-EBcKOqWzc9M-unsplash.jpg','1',NULL,NULL,'surulere',NULL),(8,'Agege is a suburb and local government area in the Ikeja Division of Lagos State.','Agege','Agege',0.00,0,'dami-akinbode-mxfzQRCBQ5M-unsplash.jpg','1',NULL,NULL,'agege',NULL),(9,'Ifako-Ijaiye is a city and local government area in Lagos.','Ifako-Ijaiye','Ifako - Ijaiye',0.00,0,'dami-akinbode-pwMCmK_6-OI-unsplash.jpg','1',NULL,NULL,'ifako-ijaiye',NULL),(10,'Amuwo-Odofin is a local government area in the Badagry Division, Lagos State, Nigeria.','Amuwo-Odofin','Amuwo-Odofin',0.00,0,'amuwo.jpg','1',NULL,NULL,'amuwo-odofin',NULL),(11,'Lagos Mainland is a local government area in the Lagos Division of Lagos State, Nigeria.','Lagos Mainland','Lagos Mainland',0.00,0,'surulere.jpg','1',NULL,NULL,'lagos-mainland',NULL),(12,'Ikeja is the capital of Lagos State in southwestern Nigeria.','Ikeja','Ikeja',0.00,0,'ikeja.jpg','1',NULL,NULL,'ikeja',NULL),(13,'Eti-Osa is a Local Government Area of Lagos State in Nigeria.','Eti-Osa','Eti-Osa',0.00,0,'eti-osa.jpg','1',NULL,NULL,'eti-osa',NULL),(14,'Lagos Island','Lagos Island','Lagos Island',0.00,0,'lagos_island.jpg','1',NULL,NULL,'lagos-island',NULL),(15,'Ibeju - Lekki','Ibeju - Lekki','Ibeju - Lekki',0.00,0,'ibeju_lekki.jpg','3',NULL,NULL,'ibeju-lekki',NULL),(16,'Abeokuta is the state capital of Ogun State in southwest Nigeria','Abeokuta','Abeokuta',0.00,0,'Abeokuta_Picture.jpg','1',NULL,NULL,'E4CE',NULL),(17,'Makoko is a neighbourhood across the Third Mainland Bridge located on the coast of mainland Lagos. It is built on stilts along the Lagoon and the rest is on the Land. Considered the world\'s biggest floating slum it is spread out beneath the world\'s most traveled bridge in West Africa. \r\n\r\nThe population estimates vary from 40,000 to as high as 300,000 and sometimes to as much as 1,000,000. Nobody really knows as there\'s no credible data available. Makoko silently incubates the world\'s largest slum village, earning between 15,000 to 35000 Naira monthly. Most Makoko members live below the poverty line and settle for menial jobs like smoking fish, carting load, petty trading, canoe rides and fish farming.','Lagos Mainland - Makoko','Lagos Mainland - Makoko',0.00,1,'IMG_1013.JPG','1',NULL,NULL,'Makoko',NULL),(18,'Ijebu-Ode is a town in Ogun State, South Westhern geopolitical zone in Nigeria. An estimated 80% - 90% of the population live below the poverty line.','Ijebu-Ode, Ogun','Ijebu-Ode, Ogun',0.00,1,'Screenshot_2021-03-15_at_23.37.37.png','1',NULL,NULL,'Ijebu-Ode',NULL);
/*!40000 ALTER TABLE `donation_project` ENABLE KEYS */;
UNLOCK TABLES;

--
-- Table structure for table `donation_recurringpayment`
--

DROP TABLE IF EXISTS `donation_recurringpayment`;
/*!40101 SET @saved_cs_client     = @@character_set_client */;
/*!40101 SET character_set_client = utf8 */;
CREATE TABLE `donation_recurringpayment` (
  `id` int(11) NOT NULL AUTO_INCREMENT,
  `currency` longtext NOT NULL,
  `amount` decimal(14,2) NOT NULL,
  `status` varchar(10) NOT NULL,
  `created_date` datetime(6) NOT NULL,
  `next_payment_date` datetime(6) NOT NULL,
  `authorization_code` longtext,
  `donor_id` int(11) NOT NULL,
  `project_id` int(11) NOT NULL,
  `frequency` varchar(10),
  `payment_provider` longtext,
  PRIMARY KEY (`id`),
  KEY `donation_recurringpayment_donor_id_0244a607_fk_donation_donor_id` (`donor_id`),
  KEY `donation_recurringpa_project_id_a7c34b76_fk_donation_` (`project_id`),
  CONSTRAINT `donation_recurringpa_project_id_a7c34b76_fk_donation_` FOREIGN KEY (`project_id`) REFERENCES `donation_project` (`id`),
  CONSTRAINT `donation_recurringpayment_donor_id_0244a607_fk_donation_donor_id` FOREIGN KEY (`donor_id`) REFERENCES `donation_donor` (`id`)
) ENGINE=InnoDB AUTO_INCREMENT=2 DEFAULT CHARSET=utf8;
/*!40101 SET character_set_client = @saved_cs_client */;

--
-- Dumping data for table `donation_recurringpayment`
--

LOCK TABLES `donation_recurringpayment` WRITE;
/*!40000 ALTER TABLE `donation_recurringpayment` DISABLE KEYS */;
INSERT INTO `donation_recurringpayment` VALUES (1,'USD',1.00,'5','2020-12-20 18:23:30.667515','2021-04-19 23:00:04.313417','AUTH_unvel46210',1,8,'2','paystack');
/*!40000 ALTER TABLE `donation_recurringpayment` ENABLE KEYS */;
UNLOCK TABLES;

--
-- Table structure for table `donation_schedulesetup`
--

DROP TABLE IF EXISTS `donation_schedulesetup`;
/*!40101 SET @saved_cs_client     = @@character_set_client */;
/*!40101 SET character_set_client = utf8 */;
CREATE TABLE `donation_schedulesetup` (
  `id` int(11) NOT NULL AUTO_INCREMENT,
  `cost_per_plate_usd` double NOT NULL,
  `usd_to_ngn_rate` double NOT NULL,
  `created_date` datetime(6) NOT NULL,
  `last_update_date` datetime(6) DEFAULT NULL,
  PRIMARY KEY (`id`)
) ENGINE=InnoDB AUTO_INCREMENT=2 DEFAULT CHARSET=utf8;
/*!40101 SET character_set_client = @saved_cs_client */;

--
-- Dumping data for table `donation_schedulesetup`
--

LOCK TABLES `donation_schedulesetup` WRITE;
/*!40000 ALTER TABLE `donation_schedulesetup` DISABLE KEYS */;
INSERT INTO `donation_schedulesetup` VALUES (1,1.75,450,'2020-08-30 22:32:53.698710',NULL);
/*!40000 ALTER TABLE `donation_schedulesetup` ENABLE KEYS */;
UNLOCK TABLES;

--
-- Table structure for table `jet_bookmark`
--

DROP TABLE IF EXISTS `jet_bookmark`;
/*!40101 SET @saved_cs_client     = @@character_set_client */;
/*!40101 SET character_set_client = utf8 */;
CREATE TABLE `jet_bookmark` (
  `id` int(11) NOT NULL AUTO_INCREMENT,
  `url` varchar(200) NOT NULL,
  `title` varchar(255) NOT NULL,
  `user` int(10) unsigned NOT NULL,
  `date_add` datetime(6) NOT NULL,
  PRIMARY KEY (`id`)
) ENGINE=InnoDB DEFAULT CHARSET=utf8;
/*!40101 SET character_set_client = @saved_cs_client */;

--
-- Dumping data for table `jet_bookmark`
--

LOCK TABLES `jet_bookmark` WRITE;
/*!40000 ALTER TABLE `jet_bookmark` DISABLE KEYS */;
/*!40000 ALTER TABLE `jet_bookmark` ENABLE KEYS */;
UNLOCK TABLES;

--
-- Table structure for table `jet_pinnedapplication`
--

DROP TABLE IF EXISTS `jet_pinnedapplication`;
/*!40101 SET @saved_cs_client     = @@character_set_client */;
/*!40101 SET character_set_client = utf8 */;
CREATE TABLE `jet_pinnedapplication` (
  `id` int(11) NOT NULL AUTO_INCREMENT,
  `app_label` varchar(255) NOT NULL,
  `user` int(10) unsigned NOT NULL,
  `date_add` datetime(6) NOT NULL,
  PRIMARY KEY (`id`)
) ENGINE=InnoDB DEFAULT CHARSET=utf8;
/*!40101 SET character_set_client = @saved_cs_client */;

--
-- Dumping data for table `jet_pinnedapplication`
--

LOCK TABLES `jet_pinnedapplication` WRITE;
/*!40000 ALTER TABLE `jet_pinnedapplication` DISABLE KEYS */;
/*!40000 ALTER TABLE `jet_pinnedapplication` ENABLE KEYS */;
UNLOCK TABLES;

--
-- Table structure for table `rest_framework_api_key_apikey`
--

DROP TABLE IF EXISTS `rest_framework_api_key_apikey`;
/*!40101 SET @saved_cs_client     = @@character_set_client */;
/*!40101 SET character_set_client = utf8 */;
CREATE TABLE `rest_framework_api_key_apikey` (
  `id` varchar(100) NOT NULL,
  `created` datetime(6) NOT NULL,
  `name` varchar(50) NOT NULL,
  `revoked` tinyint(1) NOT NULL,
  `expiry_date` datetime(6) DEFAULT NULL,
  `hashed_key` varchar(100) NOT NULL,
  `prefix` varchar(8) NOT NULL,
  PRIMARY KEY (`id`),
  UNIQUE KEY `prefix` (`prefix`),
  KEY `rest_framework_api_key_apikey_created_c61872d9` (`created`)
) ENGINE=InnoDB DEFAULT CHARSET=utf8;
/*!40101 SET character_set_client = @saved_cs_client */;

--
-- Dumping data for table `rest_framework_api_key_apikey`
--

LOCK TABLES `rest_framework_api_key_apikey` WRITE;
/*!40000 ALTER TABLE `rest_framework_api_key_apikey` DISABLE KEYS */;
/*!40000 ALTER TABLE `rest_framework_api_key_apikey` ENABLE KEYS */;
UNLOCK TABLES;

--
-- Table structure for table `social_auth_association`
--

DROP TABLE IF EXISTS `social_auth_association`;
/*!40101 SET @saved_cs_client     = @@character_set_client */;
/*!40101 SET character_set_client = utf8 */;
CREATE TABLE `social_auth_association` (
  `id` int(11) NOT NULL AUTO_INCREMENT,
  `server_url` varchar(255) NOT NULL,
  `handle` varchar(255) NOT NULL,
  `secret` varchar(255) NOT NULL,
  `issued` int(11) NOT NULL,
  `lifetime` int(11) NOT NULL,
  `assoc_type` varchar(64) NOT NULL,
  PRIMARY KEY (`id`),
  UNIQUE KEY `social_auth_association_server_url_handle_078befa2_uniq` (`server_url`,`handle`)
) ENGINE=InnoDB DEFAULT CHARSET=utf8;
/*!40101 SET character_set_client = @saved_cs_client */;

--
-- Dumping data for table `social_auth_association`
--

LOCK TABLES `social_auth_association` WRITE;
/*!40000 ALTER TABLE `social_auth_association` DISABLE KEYS */;
/*!40000 ALTER TABLE `social_auth_association` ENABLE KEYS */;
UNLOCK TABLES;

--
-- Table structure for table `social_auth_code`
--

DROP TABLE IF EXISTS `social_auth_code`;
/*!40101 SET @saved_cs_client     = @@character_set_client */;
/*!40101 SET character_set_client = utf8 */;
CREATE TABLE `social_auth_code` (
  `id` int(11) NOT NULL AUTO_INCREMENT,
  `email` varchar(254) NOT NULL,
  `code` varchar(32) NOT NULL,
  `verified` tinyint(1) NOT NULL,
  `timestamp` datetime(6) NOT NULL,
  PRIMARY KEY (`id`),
  UNIQUE KEY `social_auth_code_email_code_801b2d02_uniq` (`email`,`code`),
  KEY `social_auth_code_code_a2393167` (`code`),
  KEY `social_auth_code_timestamp_176b341f` (`timestamp`)
) ENGINE=InnoDB DEFAULT CHARSET=utf8;
/*!40101 SET character_set_client = @saved_cs_client */;

--
-- Dumping data for table `social_auth_code`
--

LOCK TABLES `social_auth_code` WRITE;
/*!40000 ALTER TABLE `social_auth_code` DISABLE KEYS */;
/*!40000 ALTER TABLE `social_auth_code` ENABLE KEYS */;
UNLOCK TABLES;

--
-- Table structure for table `social_auth_nonce`
--

DROP TABLE IF EXISTS `social_auth_nonce`;
/*!40101 SET @saved_cs_client     = @@character_set_client */;
/*!40101 SET character_set_client = utf8 */;
CREATE TABLE `social_auth_nonce` (
  `id` int(11) NOT NULL AUTO_INCREMENT,
  `server_url` varchar(255) NOT NULL,
  `timestamp` int(11) NOT NULL,
  `salt` varchar(65) NOT NULL,
  PRIMARY KEY (`id`),
  UNIQUE KEY `social_auth_nonce_server_url_timestamp_salt_f6284463_uniq` (`server_url`,`timestamp`,`salt`)
) ENGINE=InnoDB DEFAULT CHARSET=utf8;
/*!40101 SET character_set_client = @saved_cs_client */;

--
-- Dumping data for table `social_auth_nonce`
--

LOCK TABLES `social_auth_nonce` WRITE;
/*!40000 ALTER TABLE `social_auth_nonce` DISABLE KEYS */;
/*!40000 ALTER TABLE `social_auth_nonce` ENABLE KEYS */;
UNLOCK TABLES;

--
-- Table structure for table `social_auth_partial`
--

DROP TABLE IF EXISTS `social_auth_partial`;
/*!40101 SET @saved_cs_client     = @@character_set_client */;
/*!40101 SET character_set_client = utf8 */;
CREATE TABLE `social_auth_partial` (
  `id` int(11) NOT NULL AUTO_INCREMENT,
  `token` varchar(32) NOT NULL,
  `next_step` smallint(5) unsigned NOT NULL,
  `backend` varchar(32) NOT NULL,
  `data` longtext NOT NULL,
  `timestamp` datetime(6) NOT NULL,
  PRIMARY KEY (`id`),
  KEY `social_auth_partial_token_3017fea3` (`token`),
  KEY `social_auth_partial_timestamp_50f2119f` (`timestamp`)
) ENGINE=InnoDB DEFAULT CHARSET=utf8;
/*!40101 SET character_set_client = @saved_cs_client */;

--
-- Dumping data for table `social_auth_partial`
--

LOCK TABLES `social_auth_partial` WRITE;
/*!40000 ALTER TABLE `social_auth_partial` DISABLE KEYS */;
/*!40000 ALTER TABLE `social_auth_partial` ENABLE KEYS */;
UNLOCK TABLES;

--
-- Table structure for table `social_auth_usersocialauth`
--

DROP TABLE IF EXISTS `social_auth_usersocialauth`;
/*!40101 SET @saved_cs_client     = @@character_set_client */;
/*!40101 SET character_set_client = utf8 */;
CREATE TABLE `social_auth_usersocialauth` (
  `id` int(11) NOT NULL AUTO_INCREMENT,
  `provider` varchar(32) NOT NULL,
  `uid` varchar(255) NOT NULL,
  `extra_data` longtext NOT NULL,
  `user_id` int(11) NOT NULL,
  `created` datetime(6) NOT NULL,
  `modified` datetime(6) NOT NULL,
  PRIMARY KEY (`id`),
  UNIQUE KEY `social_auth_usersocialauth_provider_uid_e6b5e668_uniq` (`provider`,`uid`),
  KEY `social_auth_usersocialauth_user_id_17d28448_fk_auth_user_id` (`user_id`),
  KEY `social_auth_usersocialauth_uid_796e51dc` (`uid`),
  CONSTRAINT `social_auth_usersocialauth_user_id_17d28448_fk_auth_user_id` FOREIGN KEY (`user_id`) REFERENCES `auth_user` (`id`)
) ENGINE=InnoDB AUTO_INCREMENT=10 DEFAULT CHARSET=utf8;
/*!40101 SET character_set_client = @saved_cs_client */;

--
-- Dumping data for table `social_auth_usersocialauth`
--

LOCK TABLES `social_auth_usersocialauth` WRITE;
/*!40000 ALTER TABLE `social_auth_usersocialauth` DISABLE KEYS */;
INSERT INTO `social_auth_usersocialauth` VALUES (1,'auth0','auth0|5efa58a49794040013b667c2','{\"auth_time\": 1594028941, \"picture\": \"https://s.gravatar.com/avatar/b246fd9e3f36ae02acddbb5049c2b60a?s=480&r=pg&d=https%3A%2F%2Fcdn.auth0.com%2Favatars%2Fah.png\", \"access_token\": \"ziwkCw8mLnUNgJOdmbl5dHgLWFB4ktlC\", \"token_type\": \"Bearer\"}',2,'2020-06-30 22:30:59.489639','2020-07-06 09:49:01.143127'),(2,'auth0','google-oauth2|111865459084585540819','{\"auth_time\": 1618743975, \"picture\": \"https://lh3.googleusercontent.com/a-/AOh14GhtmfTAFGjd6fu8G07jd-Vj9sndhS3Pgl3FxXfHFj8=s96-c\", \"access_token\": \"fne4_qYpfCmMMnRDJ5a80fS9IHx0oFWH\", \"token_type\": \"Bearer\"}',3,'2020-06-30 22:32:26.434850','2021-04-18 11:06:15.948301'),(3,'auth0','google-oauth2|116714789715623251258','{\"auth_time\": 1616853993, \"picture\": \"https://lh3.googleusercontent.com/a-/AOh14GhLJ-UB9C9S4xRsFULIMTditGroMEHbPhJemmkvnA=s96-c\", \"access_token\": \"VRroLWkN2_PPmtvW-2T0FAoSA7GKmSru\", \"token_type\": \"Bearer\"}',4,'2020-06-30 22:34:35.723956','2021-03-27 14:06:33.258117'),(4,'auth0','google-oauth2|116679583050545299115','{\"auth_time\": 1593556520, \"picture\": \"https://lh6.googleusercontent.com/-l01FXLK78sg/AAAAAAAAAAI/AAAAAAAAAAA/AMZuucn4hX9sPRlTTYONYjI1QacXMRezqA/photo.jpg\", \"access_token\": \"Dr2PA-LtlwMDZXDCFkeIlNThjN81W0D7\", \"token_type\": \"Bearer\"}',5,'2020-06-30 22:35:20.015983','2020-06-30 22:35:20.034985'),(5,'auth0','google-oauth2|111149806626102261160','{\"auth_time\": 1593557157, \"picture\": \"https://lh6.googleusercontent.com/-ZOjnrPJtUsM/AAAAAAAAAAI/AAAAAAAAAAA/AMZuuclz1_5TZXP-Q0_2sK_UtcQUZaDagQ/photo.jpg\", \"access_token\": \"zKdBxTKMcP-n447c6UvZQhxxy4cwivpW\", \"token_type\": \"Bearer\"}',6,'2020-06-30 22:41:44.950898','2020-06-30 22:45:57.085122'),(6,'auth0','google-oauth2|100347935788933232384','{\"auth_time\": 1620036828, \"picture\": \"https://lh3.googleusercontent.com/a/AATXAJwjrO9ckf5Z-VDsqZzFIb-iRKnwcX2roFjhP0r4=s96-c\", \"access_token\": \"85eVh4BksfBXLG6OcuQ6LZM_TkwStqDp\", \"token_type\": \"Bearer\"}',7,'2020-06-30 22:47:05.506134','2021-05-03 10:13:48.655688'),(7,'auth0','auth0|5f079d066b256100191458f6','{\"auth_time\": 1612552825, \"picture\": \"https://s.gravatar.com/avatar/b08daaaa5d0130fd224250ec76a98766?s=480&r=pg&d=https%3A%2F%2Fcdn.auth0.com%2Favatars%2Fah.png\", \"access_token\": \"mrBjW4J155L3DHWBGn9kmpXWWhplq0e5\", \"token_type\": \"Bearer\"}',19,'2020-08-05 19:35:04.993043','2021-02-05 19:20:25.052068'),(8,'auth0','auth0|5f2ed38800c094003d837605','{\"auth_time\": 1596904330, \"picture\": \"https://s.gravatar.com/avatar/c270c19d6c5e6457c57624d0e0ef533d?s=480&r=pg&d=https%3A%2F%2Fcdn.auth0.com%2Favatars%2Faa.png\", \"access_token\": \"CrpBW1k0WHmX0AK5leI7hbIj0hE6N-Hz\", \"token_type\": \"Bearer\"}',20,'2020-08-08 16:32:10.540503','2020-08-08 16:32:10.570126'),(9,'auth0','google-oauth2|101330496422118066598','{\"auth_time\": 1618746980, \"picture\": \"https://lh4.googleusercontent.com/-5Io2UInp40Y/AAAAAAAAAAI/AAAAAAAAAAA/AMZuuck_LH7gWLc44kQE10gV7xVsxfThtA/s96-c/photo.jpg\", \"access_token\": \"T2MATrbGDiSv61SDjLB-_3qdew1VORl1\", \"token_type\": \"Bearer\"}',23,'2020-08-17 11:10:45.747798','2021-04-18 11:56:20.483205');
/*!40000 ALTER TABLE `social_auth_usersocialauth` ENABLE KEYS */;
UNLOCK TABLES;
SET @@SESSION.SQL_LOG_BIN = @MYSQLDUMP_TEMP_LOG_BIN;
/*!40103 SET TIME_ZONE=@OLD_TIME_ZONE */;

/*!40101 SET SQL_MODE=@OLD_SQL_MODE */;
/*!40014 SET FOREIGN_KEY_CHECKS=@OLD_FOREIGN_KEY_CHECKS */;
/*!40014 SET UNIQUE_CHECKS=@OLD_UNIQUE_CHECKS */;
/*!40101 SET CHARACTER_SET_CLIENT=@OLD_CHARACTER_SET_CLIENT */;
/*!40101 SET CHARACTER_SET_RESULTS=@OLD_CHARACTER_SET_RESULTS */;
/*!40101 SET COLLATION_CONNECTION=@OLD_COLLATION_CONNECTION */;
/*!40111 SET SQL_NOTES=@OLD_SQL_NOTES */;

-- Dump completed on 2021-05-03 11:30:09